mean_fit_time,std_fit_time,mean_score_time,std_score_time,param_splitter,param_min_samples_split,param_min_samples_leaf,param_min_impurity_decrease,param_max_features,param_max_depth,param_criterion,param_ccp_alpha,params,split0_test_score,split1_test_score,split2_test_score,split3_test_score,split4_test_score,mean_test_score,std_test_score,rank_test_score,split0_train_score,split1_train_score,split2_train_score,split3_train_score,split4_train_score,mean_train_score,std_train_score
0.06852841377258301,0.006944775991226832,0.01937441825866699,0.001732824214814459,best,5,32,1e-05,log2,,squared_error,1e-06,"{'splitter': 'best', 'min_samples_split': 5, 'min_samples_leaf': 32, 'min_impurity_decrease': 1e-05, 'max_features': 'log2', 'max_depth': None, 'criterion': 'squared_error', 'ccp_alpha': 1e-06}",-24.734120934779675,-24.17326711987241,-22.939607365085184,-24.321634723158756,-23.817627222291385,-23.997251473037483,0.6049890139631457,95,-25.07259634391212,-23.446570545867228,-23.73791966467093,-23.64856769779283,-24.717760550468512,-24.124682960542323,0.645970409142252
0.07174129486083984,0.006108749182465706,0.01881418228149414,0.0015563783662106083,random,100,16,0.0001,sqrt,10,friedman_mse,1e-06,"{'splitter': 'random', 'min_samples_split': 100, 'min_samples_leaf': 16, 'min_impurity_decrease': 0.0001, 'max_features': 'sqrt', 'max_depth': 10, 'criterion': 'friedman_mse', 'ccp_alpha': 1e-06}",-17.015627285903022,-15.214452289160509,-16.382939581120755,-14.063270874041699,-17.32257273005036,-15.999772552055267,1.2079192677998043,75,-16.7983414279652,-14.765808492645844,-16.846259310069165,-13.157464957779712,-18.698332274783986,-16.053241292648785,1.9091129818575971
0.06686749458312988,0.007169965091163365,0.018587541580200196,0.0020408908416511802,best,10,4,1e-06,log2,30,squared_error,1e-06,"{'splitter': 'best', 'min_samples_split': 10, 'min_samples_leaf': 4, 'min_impurity_decrease': 1e-06, 'max_features': 'log2', 'max_depth': 30, 'criterion': 'squared_error', 'ccp_alpha': 1e-06}",-19.753181090974472,-17.378457721050175,-19.700103503878193,-23.121797316878183,-18.72555498388982,-19.735818923334172,1.8996953325717492,83,-19.50336149125676,-16.625081361864005,-19.372969923166412,-21.531209917351724,-17.796940695588773,-18.965912677845534,1.6662102808592048
0.15289382934570311,0.01850492831270077,0.01730690002441406,0.0014153866338191357,best,5,16,0.0001,0.6,80,squared_error,0.0001,"{'splitter': 'best', 'min_samples_split': 5, 'min_samples_leaf': 16, 'min_impurity_decrease': 0.0001, 'max_features': 0.6, 'max_depth': 80, 'criterion': 'squared_error', 'ccp_alpha': 0.0001}",-9.705295452145695,-10.507314532649115,-9.40312420442017,-10.48236055968141,-10.522646933980873,-10.124148336575452,0.47523615196564484,41,-8.049579392987523,-8.79866680324094,-8.559576639185458,-8.46864931066769,-8.011622133687444,-8.377618855953811,0.303394147093061
0.386997652053833,0.056290630152830264,0.014607048034667969,0.000738147780558626,random,100,32,0.0001,0.2,120,absolute_error,1e-07,"{'splitter': 'random', 'min_samples_split': 100, 'min_samples_leaf': 32, 'min_impurity_decrease': 0.0001, 'max_features': 0.2, 'max_depth': 120, 'criterion': 'absolute_error', 'ccp_alpha': 1e-07}",-11.612050359712232,-11.64068345323741,-12.993669064748198,-12.576899038461537,-10.592704326923078,-11.88320124861649,0.8381020683460338,66,-10.629129651860746,-11.250366146458584,-12.486440576230494,-11.461151769646069,-10.38127774445111,-11.241673177729401,0.7366386046191135
2.988254117965698,0.20608943435947416,0.016535854339599608,0.001886630905382235,best,2,8,1e-07,0.6,20,absolute_error,1e-07,"{'splitter': 'best', 'min_samples_split': 2, 'min_samples_leaf': 8, 'min_impurity_decrease': 1e-07, 'max_features': 0.6, 'max_depth': 20, 'criterion': 'absolute_error', 'ccp_alpha': 1e-07}",-8.792218225419663,-9.399544364508392,-8.538645083932852,-9.12721153846154,-8.655997596153846,-8.902723361695259,0.3171321589520118,21,-6.619195678271309,-6.009645858343337,-6.2332412965186075,-6.316256748650271,-6.414823035392922,-6.318632523435289,0.20117698167557058
0.08481135368347167,0.004469031372879214,0.014885425567626953,0.0010324575665808166,best,10,4,1e-06,0.2,10,friedman_mse,1e-05,"{'splitter': 'best', 'min_samples_split': 10, 'min_samples_leaf': 4, 'min_impurity_decrease': 1e-06, 'max_features': 0.2, 'max_depth': 10, 'criterion': 'friedman_mse', 'ccp_alpha': 1e-05}",-9.482999209447609,-11.081840840628807,-9.246242501101431,-10.365923799716017,-10.395850797236319,-10.114571429626036,0.6679498195925403,40,-8.707923946016445,-9.30642388015215,-7.948523622877041,-8.04838640720118,-8.455890259873216,-8.493429623224007,0.4905838752855992
6.214516973495483,0.8164790832394025,0.01853466033935547,0.0035535231247886528,best,100,2,1e-06,0.6,50,absolute_error,0.0,"{'splitter': 'best', 'min_samples_split': 100, 'min_samples_leaf': 2, 'min_impurity_decrease': 1e-06, 'max_features': 0.6, 'max_depth': 50, 'criterion': 'absolute_error', 'ccp_alpha': 0.0}",-7.605947242206236,-8.518225419664269,-8.130815347721823,-9.661370192307693,-8.731850961538461,-8.529641832687696,0.6832425934966324,16,-6.376806722689076,-6.1999579831932765,-5.913463385354142,-6.113617276544691,-6.212843431313737,-6.163337759818985,0.15117551379121402
0.10501694679260254,0.012951293171685231,0.015161561965942382,0.0016257291442383272,random,50,4,1e-06,0.2,80,squared_error,1e-06,"{'splitter': 'random', 'min_samples_split': 50, 'min_samples_leaf': 4, 'min_impurity_decrease': 1e-06, 'max_features': 0.2, 'max_depth': 80, 'criterion': 'squared_error', 'ccp_alpha': 1e-06}",-8.911815455028707,-9.428871047258411,-10.071788422482435,-11.631822247627436,-9.681795125779397,-9.945218459635278,0.9235345760915019,37,-8.209768038663125,-8.176740459435583,-8.74703762378958,-8.660755859909571,-8.262427719623197,-8.41134594028421,0.2419686892526454
0.14160599708557128,0.007072094084549768,0.01412949562072754,0.0008825111237665498,best,20,2,0.0,0.6,10,friedman_mse,1e-07,"{'splitter': 'best', 'min_samples_split': 20, 'min_samples_leaf': 2, 'min_impurity_decrease': 0.0, 'max_features': 0.6, 'max_depth': 10, 'criterion': 'friedman_mse', 'ccp_alpha': 1e-07}",-8.863606977421565,-9.794025388026638,-8.752085127524296,-9.516323964923199,-9.811972166222889,-9.347602724823716,0.45437696274875494,33,-8.213404103845317,-8.550486868098114,-8.021698677155825,-7.804863202332252,-7.768585956349558,-8.071807761556212,0.28806144913226694
1.3803590774536132,0.4190012123428348,0.018672466278076172,0.006265727816221072,random,5,4,1e-05,0.2,50,absolute_error,1e-06,"{'splitter': 'random', 'min_samples_split': 5, 'min_samples_leaf': 4, 'min_impurity_decrease': 1e-05, 'max_features': 0.2, 'max_depth': 50, 'criterion': 'absolute_error', 'ccp_alpha': 1e-06}",-8.33748201438849,-8.128956834532373,-7.5399640287769785,-8.187211538461538,-7.437872596153846,-7.9262974024626445,0.3649745426455434,6,-5.001836734693877,-4.614201680672269,-5.08547418967587,-5.104685062987402,-4.556490701859628,-4.87253767397781,0.2377291698828267
0.20359902381896972,0.018099061100355918,0.015134954452514648,0.00309062860835391,random,20,4,1e-06,0.8,20,squared_error,1e-05,"{'splitter': 'random', 'min_samples_split': 20, 'min_samples_leaf': 4, 'min_impurity_decrease': 1e-06, 'max_features': 0.8, 'max_depth': 20, 'criterion': 'squared_error', 'ccp_alpha': 1e-05}",-7.9702959744152775,-8.14925904495582,-7.665145023363274,-8.065049222945857,-8.205799333121886,-8.011109719760423,0.1903975233919501,7,-6.111068307342588,-6.257379573834894,-6.100874406917902,-6.2403500487276595,-6.082761919396452,-6.158486851243898,0.07454304935265489
0.054053449630737306,0.007115801182141149,0.016676568984985353,0.0034599950893713454,random,20,4,1e-05,log2,80,friedman_mse,0.0001,"{'splitter': 'random', 'min_samples_split': 20, 'min_samples_leaf': 4, 'min_impurity_decrease': 1e-05, 'max_features': 'log2', 'max_depth': 80, 'criterion': 'friedman_mse', 'ccp_alpha': 0.0001}",-21.064845462924726,-22.66349748414758,-21.853583228614788,-20.842432169672268,-19.900727821059892,-21.26501723328385,0.9361719304549226,87,-21.072613669570863,-21.188471978665362,-20.51607238701445,-20.140910947431966,-19.301989673416116,-20.444011731219753,0.6856586119464898
0.08495936393737794,0.008486002628291144,0.014134740829467774,0.0008957963876104856,best,5,16,0.0,log2,,absolute_error,0.0,"{'splitter': 'best', 'min_samples_split': 5, 'min_samples_leaf': 16, 'min_impurity_decrease': 0.0, 'max_features': 'log2', 'max_depth': None, 'criterion': 'absolute_error', 'ccp_alpha': 0.0}",-22.347194244604314,-20.40652278177458,-19.947002398081537,-24.78030048076923,-22.927259615384614,-22.081655904122854,1.7567615299903956,89,-22.648211284513806,-20.179339735894356,-19.82231692677071,-22.894457108578283,-22.949466106778644,-21.69875823250716,1.3946391381780594
0.09710588455200195,0.005918083438835542,0.014135503768920898,0.0011062660669390984,best,50,2,0.0,0.6,5,squared_error,1e-07,"{'splitter': 'best', 'min_samples_split': 50, 'min_samples_leaf': 2, 'min_impurity_decrease': 0.0, 'max_features': 0.6, 'max_depth': 5, 'criterion': 'squared_error', 'ccp_alpha': 1e-07}",-10.667103081165589,-10.589686466759813,-10.882944261286642,-11.421407838176549,-10.854125621239596,-10.883053453725639,0.2909848886533728,57,-9.904773820537697,-10.239089172817051,-10.717026514380644,-10.357164855787904,-10.642861779262864,-10.372183228557232,0.2927780399855049
0.05414423942565918,0.0038506331407835307,0.013268327713012696,0.0009824760329070162,random,10,8,1e-07,log2,,friedman_mse,0.0001,"{'splitter': 'random', 'min_samples_split': 10, 'min_samples_leaf': 8, 'min_impurity_decrease': 1e-07, 'max_features': 'log2', 'max_depth': None, 'criterion': 'friedman_mse', 'ccp_alpha': 0.0001}",-24.46365246551108,-24.398681759385266,-23.19321890460439,-22.537925009632872,-20.762890151257086,-23.071273658078137,1.3659207040905685,90,-23.85386499181871,-23.961153267164068,-22.879845878013448,-20.615432608206543,-20.899807711846723,-22.442020891409896,1.4288179663884562
0.15215849876403809,0.010820922273359776,0.013997030258178712,0.001363149050150864,random,100,16,0.0001,0.8,30,squared_error,1e-05,"{'splitter': 'random', 'min_samples_split': 100, 'min_samples_leaf': 16, 'min_impurity_decrease': 0.0001, 'max_features': 0.8, 'max_depth': 30, 'criterion': 'squared_error', 'ccp_alpha': 1e-05}",-10.176546572927014,-9.743986604771642,-10.66218102295642,-10.911213058117635,-9.627201270151703,-10.224225705784884,0.5006191272213212,44,-8.957890293002848,-8.813571788893796,-10.106416793124001,-9.531466446308434,-8.431648024758127,-9.16819866921744,0.5873182127444896
0.05180788040161133,0.002879536318470937,0.01275186538696289,0.0006045832488411001,random,2,32,0.0001,sqrt,30,squared_error,0.0001,"{'splitter': 'random', 'min_samples_split': 2, 'min_samples_leaf': 32, 'min_impurity_decrease': 0.0001, 'max_features': 'sqrt', 'max_depth': 30, 'criterion': 'squared_error', 'ccp_alpha': 0.0001}",-18.545327258332975,-14.794712271685825,-19.39850259884552,-21.871079469811736,-18.976258127721312,-18.71717594527947,2.275684084843166,79,-17.867934569265163,-15.40297895772349,-20.0843585947628,-19.594969484637467,-18.78987764837419,-18.34802385095262,1.6534050729177097
0.2105710983276367,0.021434870489611554,0.013420581817626953,0.0013630126307003546,random,50,4,0.0001,0.8,80,squared_error,1e-05,"{'splitter': 'random', 'min_samples_split': 50, 'min_samples_leaf': 4, 'min_impurity_decrease': 0.0001, 'max_features': 0.8, 'max_depth': 80, 'criterion': 'squared_error', 'ccp_alpha': 1e-05}",-8.148582802764329,-8.649464734315057,-8.373296090102011,-8.154635930836564,-8.202507611266121,-8.305697433856816,0.19020949486020272,11,-7.025413872010566,-6.383361316519138,-7.285752801323562,-6.788154170502577,-6.069856474461854,-6.710507726963539,0.4367059759510379
0.15604891777038574,0.018728519135889004,0.012746524810791016,0.001053203621841068,random,100,8,0.0001,,10,friedman_mse,0.0001,"{'splitter': 'random', 'min_samples_split': 100, 'min_samples_leaf': 8, 'min_impurity_decrease': 0.0001, 'max_features': None, 'max_depth': 10, 'criterion': 'friedman_mse', 'ccp_alpha': 0.0001}",-9.193799786732196,-9.820318303898325,-9.274372640149648,-10.074486223082404,-10.21955488283561,-9.716506367339637,0.41489485568312695,34,-9.176866845383723,-8.870414987804443,-9.265243688406784,-9.341717836043491,-8.828347556516212,-9.09651818283093,0.20884693598931459
3.8940836906433107,0.17704968791699463,0.013694667816162109,0.0005050020370176726,random,100,4,0.0,,5,absolute_error,1e-07,"{'splitter': 'random', 'min_samples_split': 100, 'min_samples_leaf': 4, 'min_impurity_decrease': 0.0, 'max_features': None, 'max_depth': 5, 'criterion': 'absolute_error', 'ccp_alpha': 1e-07}",-10.121954436450839,-10.134964028776977,-9.75127098321343,-10.464891826923077,-10.586382211538462,-10.211892697380557,0.29340423656039455,43,-9.920552220888355,-9.909309723889553,-10.123415366146459,-9.838752249550089,-9.803857228554289,-9.91917735780575,0.11097689376360094
0.3226943492889404,0.039275163252570924,0.01201457977294922,0.00040332606304441487,best,50,32,0.0001,0.2,50,absolute_error,1e-05,"{'splitter': 'best', 'min_samples_split': 50, 'min_samples_leaf': 32, 'min_impurity_decrease': 0.0001, 'max_features': 0.2, 'max_depth': 50, 'criterion': 'absolute_error', 'ccp_alpha': 1e-05}",-11.9036690647482,-11.178033573141489,-12.38074340527578,-10.9578125,-10.880709134615385,-11.460193535556172,0.5851300244976303,62,-10.27578631452581,-11.373487394957985,-11.471812725090036,-9.947306538692262,-10.153971205758847,-10.644472835804986,0.6447504890637878
0.13997082710266112,0.005787552794763821,0.012409067153930664,0.0003992491947885212,best,2,16,0.0001,0.8,30,friedman_mse,1e-05,"{'splitter': 'best', 'min_samples_split': 2, 'min_samples_leaf': 16, 'min_impurity_decrease': 0.0001, 'max_features': 0.8, 'max_depth': 30, 'criterion': 'friedman_mse', 'ccp_alpha': 1e-05}",-10.338182202904388,-10.442824434619713,-9.236556817352398,-10.340564135673088,-9.22881256407694,-9.917388030925306,0.5603385548128887,36,-8.405135521271237,-8.825586971255314,-8.450027735295944,-8.759987337195536,-7.1891213573210075,-8.325971784467807,0.5919578540306206
0.04603667259216308,0.0025237265822855696,0.012412786483764648,0.0004465666671824,random,5,4,1e-07,log2,5,squared_error,1e-05,"{'splitter': 'random', 'min_samples_split': 5, 'min_samples_leaf': 4, 'min_impurity_decrease': 1e-07, 'max_features': 'log2', 'max_depth': 5, 'criterion': 'squared_error', 'ccp_alpha': 1e-05}",-23.93244303470635,-24.892618108835336,-23.95263587613735,-25.57758927759897,-23.64263747084444,-24.39958475362449,0.724117451992937,99,-24.126142139956517,-24.06342103575345,-23.9919148428342,-23.58892389326889,-24.34020322380707,-24.022121027124022,0.24587579662263034
0.1418299198150635,0.007247977067420156,0.012438201904296875,0.0003125786906335077,random,5,4,0.0001,0.4,80,squared_error,0.0001,"{'splitter': 'random', 'min_samples_split': 5, 'min_samples_leaf': 4, 'min_impurity_decrease': 0.0001, 'max_features': 0.4, 'max_depth': 80, 'criterion': 'squared_error', 'ccp_alpha': 0.0001}",-8.00485867496479,-8.289652335274637,-8.925483727303872,-9.10995841918498,-8.649622281364469,-8.59591508761855,0.4046937247016344,17,-4.809330217801407,-4.827599420720668,-5.103770079460356,-4.999332576341875,-4.721555974519382,-4.892317653768738,0.13885189037356305
0.05848078727722168,0.0037121701145531785,0.013601112365722656,0.00027642338485931687,best,100,16,1e-07,sqrt,80,friedman_mse,1e-06,"{'splitter': 'best', 'min_samples_split': 100, 'min_samples_leaf': 16, 'min_impurity_decrease': 1e-07, 'max_features': 'sqrt', 'max_depth': 80, 'criterion': 'friedman_mse', 'ccp_alpha': 1e-06}",-19.215996063224793,-16.113584103156988,-18.30520285909648,-14.59970061345813,-14.36848590338961,-16.520593908465198,1.9461284017498182,76,-17.422334303045478,-14.877392577433826,-18.428979729528542,-14.2873358109245,-13.795297525162933,-15.762267989219058,1.8272697613448137
0.06270747184753418,0.002042621515630291,0.01441335678100586,0.0008621502102470335,random,20,4,1e-07,log2,20,friedman_mse,1e-06,"{'splitter': 'random', 'min_samples_split': 20, 'min_samples_leaf': 4, 'min_impurity_decrease': 1e-07, 'max_features': 'log2', 'max_depth': 20, 'criterion': 'friedman_mse', 'ccp_alpha': 1e-06}",-21.064845462924726,-23.715230990043693,-20.801562571390445,-23.2707340929038,-17.825067855308575,-21.335488194514248,2.101890933288744,88,-21.072613669570863,-22.25586506188159,-19.183783529324526,-21.767228903087535,-17.613956833761588,-20.378689599525224,1.7323341197175774
0.13169460296630858,0.00848582971943298,0.01349468231201172,0.0009489901950949029,random,100,16,1e-06,0.6,20,squared_error,1e-06,"{'splitter': 'random', 'min_samples_split': 100, 'min_samples_leaf': 16, 'min_impurity_decrease': 1e-06, 'max_features': 0.6, 'max_depth': 20, 'criterion': 'squared_error', 'ccp_alpha': 1e-06}",-9.815528052055098,-9.980176411367783,-10.510748734645338,-9.557632984215928,-10.977036717577558,-10.16822457997234,0.5107012672396146,42,-9.91677629468907,-9.762995831051784,-10.270148886182731,-9.652862505447995,-10.512219627971369,-10.023000629068589,0.3213427530365364
0.11791443824768066,0.006021044516152273,0.014386701583862304,0.0015594730344899294,random,100,1,1e-05,,5,squared_error,0.0,"{'splitter': 'random', 'min_samples_split': 100, 'min_samples_leaf': 1, 'min_impurity_decrease': 1e-05, 'max_features': None, 'max_depth': 5, 'criterion': 'squared_error', 'ccp_alpha': 0.0}",-10.725540115566465,-11.629857044883213,-11.027329744023845,-11.457884024594959,-11.36965301768284,-11.242052789350264,0.3243912481435901,60,-10.606513271524877,-10.912714528527859,-10.930916398272664,-10.67012726937209,-10.420296842458333,-10.708113662031165,0.19292832910446153
0.07357139587402343,0.002725374569924521,0.014297151565551757,0.0006547354564188251,random,5,2,0.0,sqrt,5,squared_error,1e-06,"{'splitter': 'random', 'min_samples_split': 5, 'min_samples_leaf': 2, 'min_impurity_decrease': 0.0, 'max_features': 'sqrt', 'max_depth': 5, 'criterion': 'squared_error', 'ccp_alpha': 1e-06}",-18.74551106808764,-21.81372889558201,-18.169500940502697,-18.036840928295643,-19.160618116959707,-19.18523998988554,1.3750249386657,81,-19.16832646834463,-21.386122397323653,-19.078378485779442,-16.43515787429084,-19.271164517069817,-19.067829948561677,1.5720685670484362
0.15690698623657226,0.00846154685942848,0.012779998779296874,0.0006877066505773563,random,2,32,1e-06,,10,squared_error,1e-07,"{'splitter': 'random', 'min_samples_split': 2, 'min_samples_leaf': 32, 'min_impurity_decrease': 1e-06, 'max_features': None, 'max_depth': 10, 'criterion': 'squared_error', 'ccp_alpha': 1e-07}",-10.920772310949802,-10.904003508837711,-9.997704459875708,-10.71884772137811,-11.050721992468116,-10.71840999870189,0.3755644772657871,50,-10.052053882380829,-10.15544783624491,-9.868205196280693,-9.706878183983253,-10.157397702759637,-9.987996560329865,0.17562319311010488
0.12723808288574218,0.007700283011487913,0.013031816482543946,0.0005399625446485558,random,50,2,0.0,0.4,20,squared_error,1e-06,"{'splitter': 'random', 'min_samples_split': 50, 'min_samples_leaf': 2, 'min_impurity_decrease': 0.0, 'max_features': 0.4, 'max_depth': 20, 'criterion': 'squared_error', 'ccp_alpha': 1e-06}",-8.393512819793989,-9.551345462309198,-9.659801289820948,-8.903080288086908,-9.3187755933303,-9.165303090668269,0.46508752104320344,27,-7.243662726161275,-7.508262284498399,-8.035339659189424,-7.200023132283422,-7.2693704838171405,-7.451331657189932,0.3110301178167953
0.08622288703918457,0.004331074490018588,0.012611770629882812,0.0006345531798439265,best,20,16,0.0,0.4,5,friedman_mse,1e-07,"{'splitter': 'best', 'min_samples_split': 20, 'min_samples_leaf': 16, 'min_impurity_decrease': 0.0, 'max_features': 0.4, 'max_depth': 5, 'criterion': 'friedman_mse', 'ccp_alpha': 1e-07}",-12.097495895182739,-11.284295682498021,-10.88824924687009,-13.170770159136204,-12.462677898200404,-11.980697776377491,0.817390797669813,68,-11.480071970871736,-10.752441544617625,-11.338972950968396,-11.497657927331018,-11.777308188840731,-11.369290516525902,0.33960298957183244
0.12981772422790527,0.0100363489832226,0.013242721557617188,0.0017002377081030528,random,20,8,1e-07,0.6,10,squared_error,1e-07,"{'splitter': 'random', 'min_samples_split': 20, 'min_samples_leaf': 8, 'min_impurity_decrease': 1e-07, 'max_features': 0.6, 'max_depth': 10, 'criterion': 'squared_error', 'ccp_alpha': 1e-07}",-9.20614674314704,-9.088206476989786,-8.934495165987679,-9.337023760596264,-9.900674296060162,-9.293309288556184,0.33142578493391206,31,-8.326044505875705,-8.296056731499926,-9.252386125246288,-8.14867416351447,-7.97791542864375,-8.400215390956028,0.4436565234921827
0.11737704277038574,0.006842739718793127,0.014339351654052734,0.0019445426128492896,random,5,2,1e-05,0.2,30,friedman_mse,0.0,"{'splitter': 'random', 'min_samples_split': 5, 'min_samples_leaf': 2, 'min_impurity_decrease': 1e-05, 'max_features': 0.2, 'max_depth': 30, 'criterion': 'friedman_mse', 'ccp_alpha': 0.0}",-8.28398905585775,-8.80340990692547,-9.00251817770181,-10.556336988567008,-9.38707227678334,-9.206665281167076,0.7628607678052652,28,-4.112119154591189,-3.8542352834309974,-4.477816829838183,-3.608093320687536,-3.662366583550401,-3.9429262344196614,0.3204456509003825
0.1085212230682373,0.006477520522382101,0.013546037673950195,0.0015531349529381644,best,100,1,0.0001,0.2,30,friedman_mse,0.0001,"{'splitter': 'best', 'min_samples_split': 100, 'min_samples_leaf': 1, 'min_impurity_decrease': 0.0001, 'max_features': 0.2, 'max_depth': 30, 'criterion': 'friedman_mse', 'ccp_alpha': 0.0001}",-11.133894364091084,-10.748659175699414,-9.900743335938387,-10.561865932017428,-9.038678368693475,-10.276768235287957,0.7365986966720334,45,-8.921610894215275,-8.727517202274655,-8.38623617806434,-9.03862442788032,-7.327328654084983,-8.480263471303914,0.6173797433748505
0.08515033721923829,0.016778847434034634,0.017497873306274413,0.004273149354534664,best,5,1,0.0001,0.2,5,squared_error,0.0,"{'splitter': 'best', 'min_samples_split': 5, 'min_samples_leaf': 1, 'min_impurity_decrease': 0.0001, 'max_features': 0.2, 'max_depth': 5, 'criterion': 'squared_error', 'ccp_alpha': 0.0}",-11.318767918128497,-12.900791910101782,-10.792777766768447,-11.142086061827284,-12.710015255600213,-11.772887782485245,0.8619892025841258,65,-10.301444758072497,-12.787212073253539,-10.434943302083138,-9.984816345732332,-11.501757243737469,-11.002034744575795,1.0279818067724882
0.3504380702972412,0.0661665691663597,0.014490699768066407,0.0017815590172800258,best,5,32,1e-06,0.2,,absolute_error,0.0,"{'splitter': 'best', 'min_samples_split': 5, 'min_samples_leaf': 32, 'min_impurity_decrease': 1e-06, 'max_features': 0.2, 'max_depth': None, 'criterion': 'absolute_error', 'ccp_alpha': 0.0}",-11.9036690647482,-11.178033573141489,-12.38074340527578,-10.9578125,-10.880709134615385,-11.460193535556172,0.5851300244976303,62,-10.27578631452581,-11.373487394957985,-11.471812725090036,-9.947306538692262,-10.153971205758847,-10.644472835804986,0.6447504890637878
0.23865938186645508,0.01629684366872969,0.012686777114868163,0.001115921773834374,best,10,2,1e-06,0.8,50,squared_error,0.0001,"{'splitter': 'best', 'min_samples_split': 10, 'min_samples_leaf': 2, 'min_impurity_decrease': 1e-06, 'max_features': 0.8, 'max_depth': 50, 'criterion': 'squared_error', 'ccp_alpha': 0.0001}",-7.378468141492541,-7.4109400409012265,-7.832712477636938,-7.489220597111221,-7.802793584020147,-7.582826968232415,0.19539594593532356,5,-3.2656521177669986,-3.2079040376519266,-3.3970550887021473,-3.1990094448642745,-3.2055415977410577,-3.2550324573452807,0.0749562753338316
0.07651767730712891,0.009627313611014982,0.013961124420166015,0.0013643398844885297,random,5,1,1e-05,sqrt,,friedman_mse,1e-06,"{'splitter': 'random', 'min_samples_split': 5, 'min_samples_leaf': 1, 'min_impurity_decrease': 1e-05, 'max_features': 'sqrt', 'max_depth': None, 'criterion': 'friedman_mse', 'ccp_alpha': 1e-06}",-11.906550759392486,-13.11177657873701,-10.710603517186252,-9.537636217948718,-14.452003205128204,-11.943714055678532,1.7301466866694764,67,-3.595756302521009,-3.7873813525410163,-3.535540616246499,-3.1492271545690866,-4.533473305338933,-3.7202757462433085,0.4564037876022996
0.12784671783447266,0.012739791966508067,0.012496280670166015,0.00026734552163927675,best,2,1,1e-05,0.2,20,friedman_mse,0.0001,"{'splitter': 'best', 'min_samples_split': 2, 'min_samples_leaf': 1, 'min_impurity_decrease': 1e-05, 'max_features': 0.2, 'max_depth': 20, 'criterion': 'friedman_mse', 'ccp_alpha': 0.0001}",-9.248099933162942,-9.869829532083026,-8.471946467559105,-8.736019090119179,-8.909523090993343,-9.047083622783518,0.48244899813666126,24,-3.9891411364197746,-4.112614182967649,-2.3760408428372184,-3.168403089449196,-3.4762375662920193,-3.4244873635931716,0.6260750352055627
0.2524433612823486,0.04362338089378852,0.01339101791381836,0.0014195480641347278,random,5,4,1e-06,sqrt,120,absolute_error,1e-05,"{'splitter': 'random', 'min_samples_split': 5, 'min_samples_leaf': 4, 'min_impurity_decrease': 1e-06, 'max_features': 'sqrt', 'max_depth': 120, 'criterion': 'absolute_error', 'ccp_alpha': 1e-05}",-13.551858513189446,-10.719508393285372,-10.724208633093525,-15.032884615384615,-13.807512019230769,-12.767194434836746,1.7434517198578383,69,-9.75236494597839,-8.28969987995198,-9.469549819927972,-10.589064187162569,-10.69130173965207,-9.758396114534596,0.8718783789770888
12.165731811523438,2.5658491336123146,0.01561441421508789,0.002370312287807197,random,2,2,1e-05,,120,absolute_error,1e-05,"{'splitter': 'random', 'min_samples_split': 2, 'min_samples_leaf': 2, 'min_impurity_decrease': 1e-05, 'max_features': None, 'max_depth': 120, 'criterion': 'absolute_error', 'ccp_alpha': 1e-05}",-6.802410071942445,-7.936762589928057,-7.041211031175059,-7.707103365384617,-7.33546875,-7.364591161686036,0.41621272309144325,3,-2.1251500600240094,-2.0248499399759905,-2.3027370948379353,-2.201949610077984,-2.0999400119976004,-2.150925343382704,0.0946669533306437
0.04639081954956055,0.005048634093957848,0.012264680862426759,0.0002607791596685822,random,50,16,1e-06,log2,5,friedman_mse,1e-05,"{'splitter': 'random', 'min_samples_split': 50, 'min_samples_leaf': 16, 'min_impurity_decrease': 1e-06, 'max_features': 'log2', 'max_depth': 5, 'criterion': 'friedman_mse', 'ccp_alpha': 1e-05}",-24.35135708551584,-23.715603341354576,-24.220900072754816,-24.702465306663363,-23.399991238198083,-24.078063408897332,0.46392427084499654,97,-24.243989608479737,-23.28731349351592,-24.264642850999575,-23.355256925828808,-24.54242698165694,-23.9387259720962,0.5154875272592264
3.3288634777069093,0.4734194117404846,0.016038990020751952,0.00234229978379393,random,2,16,1e-06,,50,absolute_error,1e-06,"{'splitter': 'random', 'min_samples_split': 2, 'min_samples_leaf': 16, 'min_impurity_decrease': 1e-06, 'max_features': None, 'max_depth': 50, 'criterion': 'absolute_error', 'ccp_alpha': 1e-06}",-8.90757793764988,-9.233453237410073,-9.03902877697842,-9.863737980769232,-8.53670673076923,-9.116100932715366,0.43768763221038764,26,-7.35844537815126,-7.549273709483794,-7.785576230492197,-7.983581283743252,-7.394493101379723,-7.614273940650046,0.23820549486523443
0.04349112510681152,0.0013111392613547644,0.0114776611328125,0.0001834492015100293,best,2,16,1e-05,log2,10,friedman_mse,1e-05,"{'splitter': 'best', 'min_samples_split': 2, 'min_samples_leaf': 16, 'min_impurity_decrease': 1e-05, 'max_features': 'log2', 'max_depth': 10, 'criterion': 'friedman_mse', 'ccp_alpha': 1e-05}",-23.203652655403403,-21.09206437400185,-24.097620106799514,-25.167729263011672,-23.767831316068097,-23.465779543056904,1.3483563942709562,93,-23.452388950217596,-21.18950158083206,-24.25883732934698,-23.95291737013887,-24.4905484891453,-23.46883874393616,1.1914670942643402
0.19577569961547853,0.006769924170307146,0.01304163932800293,0.0012876363439683625,best,2,8,1e-07,,20,squared_error,1e-07,"{'splitter': 'best', 'min_samples_split': 2, 'min_samples_leaf': 8, 'min_impurity_decrease': 1e-07, 'max_features': None, 'max_depth': 20, 'criterion': 'squared_error', 'ccp_alpha': 1e-07}",-8.464849911344636,-9.059136633190674,-8.18765564936881,-8.326146386877038,-9.548539728825656,-8.717265661921363,0.5108947248016071,18,-6.411438958126267,-6.57370958230451,-6.540706053057075,-6.5829058816005155,-6.223853168770258,-6.466522728771724,0.13598526580073353
0.042489051818847656,0.006298067396802993,0.011699533462524414,0.0001661789879007055,random,50,1,1e-07,log2,30,squared_error,0.0001,"{'splitter': 'random', 'min_samples_split': 50, 'min_samples_leaf': 1, 'min_impurity_decrease': 1e-07, 'max_features': 'log2', 'max_depth': 30, 'criterion': 'squared_error', 'ccp_alpha': 0.0001}",-17.061755609083086,-19.695913768287177,-19.666755464470516,-18.09217126014138,-16.534530448876055,-18.210225310171644,1.301508583619719,78,-14.48588406939721,-15.92769888097872,-15.696015946486472,-16.15903217485197,-14.524651420838543,-15.358656498510584,0.7121120748963249
0.04519286155700684,0.0049265676767522755,0.012480211257934571,0.0004846143074824583,random,20,8,0.0,log2,5,squared_error,1e-06,"{'splitter': 'random', 'min_samples_split': 20, 'min_samples_leaf': 8, 'min_impurity_decrease': 0.0, 'max_features': 'log2', 'max_depth': 5, 'criterion': 'squared_error', 'ccp_alpha': 1e-06}",-24.54230711388397,-24.61774114703743,-23.850163765776806,-24.682100466008347,-22.52421064315168,-24.043304627171647,0.8163321438534292,96,-24.52375114609572,-24.08551117251958,-24.24935981115533,-23.207678736390918,-23.064143794002256,-23.826088932032757,0.5824400852183393
0.12848739624023436,0.007261461215059398,0.012575054168701172,0.00025108420098897947,random,20,32,0.0001,0.8,20,squared_error,0.0001,"{'splitter': 'random', 'min_samples_split': 20, 'min_samples_leaf': 32, 'min_impurity_decrease': 0.0001, 'max_features': 0.8, 'max_depth': 20, 'criterion': 'squared_error', 'ccp_alpha': 0.0001}",-10.940904132760823,-11.551102532861178,-10.623573609305199,-11.406940112136873,-10.754233127597741,-11.055350702932362,0.36320414637586296,59,-10.196614934668693,-10.138652776603918,-10.434783110983915,-10.322643386975638,-9.852337406039377,-10.189006323054308,0.1970809095946868
0.04588174819946289,0.0022146674580289846,0.012367868423461914,0.00018386296703471069,random,20,8,1e-07,log2,50,friedman_mse,1e-06,"{'splitter': 'random', 'min_samples_split': 20, 'min_samples_leaf': 8, 'min_impurity_decrease': 1e-07, 'max_features': 'log2', 'max_depth': 50, 'criterion': 'friedman_mse', 'ccp_alpha': 1e-06}",-21.5912476194013,-24.522971475115586,-23.303671433627414,-25.792388139435936,-20.540961065511514,-23.15024794661835,1.904083690321262,91,-21.539697131036405,-24.012929453596826,-23.264953683228693,-24.280231303627502,-20.310522370786344,-22.681666788455153,1.5227812017679967
0.23417987823486328,0.057071934180531594,0.013322210311889649,0.0017367641846722738,random,5,4,0.0001,sqrt,20,absolute_error,0.0,"{'splitter': 'random', 'min_samples_split': 5, 'min_samples_leaf': 4, 'min_impurity_decrease': 0.0001, 'max_features': 'sqrt', 'max_depth': 20, 'criterion': 'absolute_error', 'ccp_alpha': 0.0}",-13.498956834532375,-10.551294964028777,-11.629112709832135,-15.63044471153846,-13.10123798076923,-12.882209440140196,1.7311592455641764,70,-10.554021608643458,-8.848865546218487,-9.818835534213685,-12.460917816436712,-10.464337132573485,-10.429395527617164,1.184457167941878
0.13967132568359375,0.0046249556323844174,0.012248516082763672,0.00047824793971736946,best,50,8,1e-06,0.6,50,squared_error,0.0001,"{'splitter': 'best', 'min_samples_split': 50, 'min_samples_leaf': 8, 'min_impurity_decrease': 1e-06, 'max_features': 0.6, 'max_depth': 50, 'criterion': 'squared_error', 'ccp_alpha': 0.0001}",-8.927474792765974,-8.823705589917667,-7.99394632548115,-9.562873573230954,-9.587524990340931,-8.979105054347336,0.5845191015991267,23,-7.803169031904493,-7.4017925209290825,-7.387251167977077,-7.711819915590538,-7.683792754029615,-7.597565078086161,0.1704823748888343
0.22406482696533203,0.02810439096504825,0.012976312637329101,0.0009077019039029973,random,5,2,0.0001,0.6,80,friedman_mse,0.0001,"{'splitter': 'random', 'min_samples_split': 5, 'min_samples_leaf': 2, 'min_impurity_decrease': 0.0001, 'max_features': 0.6, 'max_depth': 80, 'criterion': 'friedman_mse', 'ccp_alpha': 0.0001}",-6.590626765254464,-7.538793479502113,-7.80714063035286,-7.779326388888889,-7.964742902930402,-7.536126033385746,0.49199262735328403,4,-2.4034316726690674,-2.457431939808891,-2.539161293088664,-2.4879255482236884,-2.427755420344503,-2.463141174826963,0.047420027789784276
0.15492396354675292,0.03196107604083647,0.014067888259887695,0.0022251628084620353,best,20,8,0.0001,sqrt,10,absolute_error,1e-07,"{'splitter': 'best', 'min_samples_split': 20, 'min_samples_leaf': 8, 'min_impurity_decrease': 0.0001, 'max_features': 'sqrt', 'max_depth': 10, 'criterion': 'absolute_error', 'ccp_alpha': 1e-07}",-14.969052757793763,-12.758405275779376,-14.581882494004796,-14.86985576923077,-12.360168269230767,-13.907872913207893,1.1155687434960786,71,-12.147611044417767,-12.227268907563024,-14.556848739495798,-14.289148170365927,-12.057840431913618,-13.055743458751227,1.1208469352604622
0.21707592010498047,0.028891841995846664,0.012774372100830078,0.0008120708805352557,random,2,2,1e-06,0.6,120,squared_error,1e-07,"{'splitter': 'random', 'min_samples_split': 2, 'min_samples_leaf': 2, 'min_impurity_decrease': 1e-06, 'max_features': 0.6, 'max_depth': 120, 'criterion': 'squared_error', 'ccp_alpha': 1e-07}",-7.395835331734613,-8.110183852917666,-8.005959232613908,-8.279463141025643,-8.302035256410257,-8.018695362940417,0.33008129320114815,8,-2.1923069227691077,-2.3605022008803527,-2.3854821928771504,-2.1941931613677266,-2.2653649270145975,-2.279569880981787,0.08108421185468867
0.12736997604370118,0.026666273044248002,0.013890314102172851,0.0023493559499437426,best,50,16,0.0001,sqrt,80,absolute_error,0.0001,"{'splitter': 'best', 'min_samples_split': 50, 'min_samples_leaf': 16, 'min_impurity_decrease': 0.0001, 'max_features': 'sqrt', 'max_depth': 80, 'criterion': 'absolute_error', 'ccp_alpha': 0.0001}",-16.821055155875303,-13.091786570743407,-13.19826139088729,-14.670709134615386,-12.137211538461539,-13.983804758116586,1.6336773726359601,72,-14.985348139255702,-12.636026410564227,-14.299573829531813,-13.866604679064189,-11.877204559088183,-13.532951523500822,1.127338705638717
0.1365328311920166,0.005285666521601491,0.013611078262329102,0.001202232847112033,random,20,4,0.0,0.4,120,squared_error,1e-05,"{'splitter': 'random', 'min_samples_split': 20, 'min_samples_leaf': 4, 'min_impurity_decrease': 0.0, 'max_features': 0.4, 'max_depth': 120, 'criterion': 'squared_error', 'ccp_alpha': 1e-05}",-8.712661413812693,-8.536704734993924,-8.37557871739731,-8.429161538903475,-8.461419290819453,-8.50310513918537,0.11705649858498347,14,-6.413126532907183,-5.755636101129366,-5.828932187099571,-5.891259607537867,-5.75062471957323,-5.927915829649445,0.24806584175932495
0.2342594623565674,0.04556664917903174,0.014004325866699219,0.0010175811495308125,random,50,1,1e-07,0.6,120,friedman_mse,0.0001,"{'splitter': 'random', 'min_samples_split': 50, 'min_samples_leaf': 1, 'min_impurity_decrease': 1e-07, 'max_features': 0.6, 'max_depth': 120, 'criterion': 'friedman_mse', 'ccp_alpha': 0.0001}",-7.720314214651768,-7.857054842730406,-8.426656679315192,-9.350426916226574,-8.652229707490038,-8.401336472082795,0.5872639963081997,13,-5.7649581418702684,-5.070373665416647,-6.2501085831622625,-6.370348490269376,-5.524374128752297,-5.79603260189417,0.47694204607898094
0.11507501602172851,0.01521003734836383,0.014766502380371093,0.0029651478045582998,random,2,8,1e-06,0.4,10,friedman_mse,1e-05,"{'splitter': 'random', 'min_samples_split': 2, 'min_samples_leaf': 8, 'min_impurity_decrease': 1e-06, 'max_features': 0.4, 'max_depth': 10, 'criterion': 'friedman_mse', 'ccp_alpha': 1e-05}",-9.937243100637485,-9.797756412415213,-10.32009199443367,-10.095351923316038,-10.034011101578473,-10.036890906476176,0.17363400095877862,38,-9.011856565175666,-8.478585155556923,-9.451829849812428,-8.600356083838463,-8.293367011665453,-8.767198933209787,0.41574703552980874
0.06944422721862793,0.00991408860145027,0.01464080810546875,0.0013886677890342872,random,2,32,0.0,log2,120,absolute_error,1e-05,"{'splitter': 'random', 'min_samples_split': 2, 'min_samples_leaf': 32, 'min_impurity_decrease': 0.0, 'max_features': 'log2', 'max_depth': 120, 'criterion': 'absolute_error', 'ccp_alpha': 1e-05}",-23.329772182254196,-24.632374100719428,-21.053021582733816,-25.431406250000002,-23.04935096153846,-23.499185015449182,1.4988237605460784,94,-24.017106842737096,-23.857394957983193,-20.32624849939976,-23.65809238152369,-24.172543491301738,-23.206277234589095,1.4500877121432776
0.20310530662536622,0.022958893994490144,0.014442205429077148,0.0020809934444398714,random,2,8,1e-07,sqrt,30,absolute_error,1e-06,"{'splitter': 'random', 'min_samples_split': 2, 'min_samples_leaf': 8, 'min_impurity_decrease': 1e-07, 'max_features': 'sqrt', 'max_depth': 30, 'criterion': 'absolute_error', 'ccp_alpha': 1e-06}",-14.14037170263789,-12.05511990407674,-15.156822541966427,-14.488810096153845,-14.651718749999999,-14.098568598966981,1.0729021382878794,73,-12.099069627851138,-10.772581032412965,-13.554471788715487,-12.36128974205159,-14.255356928614278,-12.60855382392909,1.2081581870875886
0.20990877151489257,0.010051251294077967,0.014800167083740235,0.0003400219954568051,best,2,8,0.0,0.8,20,friedman_mse,0.0001,"{'splitter': 'best', 'min_samples_split': 2, 'min_samples_leaf': 8, 'min_impurity_decrease': 0.0, 'max_features': 0.8, 'max_depth': 20, 'criterion': 'friedman_mse', 'ccp_alpha': 0.0001}",-8.357215106404867,-9.212438507784439,-8.228049014760119,-8.498415435870221,-9.856841101206486,-8.830591833205226,0.6158699498177814,19,-6.789200886854344,-6.704083279865965,-6.484492212422189,-6.342972341268942,-6.657164307359092,-6.595582605554105,0.16075183497889461
0.06528959274291993,0.004383586370808769,0.014357614517211913,0.0016574954094633989,random,100,4,0.0001,sqrt,,friedman_mse,1e-05,"{'splitter': 'random', 'min_samples_split': 100, 'min_samples_leaf': 4, 'min_impurity_decrease': 0.0001, 'max_features': 'sqrt', 'max_depth': None, 'criterion': 'friedman_mse', 'ccp_alpha': 1e-05}",-15.974232886806481,-16.297797787648022,-15.947283801924554,-15.314179723651042,-16.081979654770347,-15.923094770960091,0.32851925604723203,74,-16.01001772350252,-14.798964325782013,-14.877423401476563,-13.854897264341895,-15.748452973920944,-15.057951137804787,0.7655359722601552
0.19578628540039061,0.02002406692303817,0.015037250518798829,0.0013643734150052811,random,10,32,1e-06,,80,squared_error,1e-05,"{'splitter': 'random', 'min_samples_split': 10, 'min_samples_leaf': 32, 'min_impurity_decrease': 1e-06, 'max_features': None, 'max_depth': 80, 'criterion': 'squared_error', 'ccp_alpha': 1e-05}",-10.447756018681561,-10.728248900304271,-10.061384773762192,-10.520804468239497,-10.74756643930799,-10.501152120059102,0.24856614476994468,47,-9.66956797460864,-9.980490081650473,-9.714663106500499,-9.555049039590246,-9.80392642922855,-9.744739326315681,0.14256173945765105
0.14259119033813478,0.009054481098616356,0.01480107307434082,0.000692496905053105,random,50,16,0.0001,0.4,80,friedman_mse,0.0,"{'splitter': 'random', 'min_samples_split': 50, 'min_samples_leaf': 16, 'min_impurity_decrease': 0.0001, 'max_features': 0.4, 'max_depth': 80, 'criterion': 'friedman_mse', 'ccp_alpha': 0.0}",-10.57391130204335,-10.413100899750491,-10.064907444722635,-10.4300436659834,-11.21389311761085,-10.539171286022144,0.3766125833398935,49,-9.026625794114803,-9.064443502278696,-9.609281962928092,-8.914023032570078,-9.735153499156938,-9.269905558209722,0.33456959298069106
1.023320722579956,0.23042501406468657,0.013756608963012696,0.0018567887133177118,random,2,8,0.0001,0.2,,absolute_error,1e-05,"{'splitter': 'random', 'min_samples_split': 2, 'min_samples_leaf': 8, 'min_impurity_decrease': 0.0001, 'max_features': 0.2, 'max_depth': None, 'criterion': 'absolute_error', 'ccp_alpha': 1e-05}",-9.169004796163069,-9.706342925659472,-9.604088729016787,-9.119399038461538,-8.945853365384615,-9.308937770937096,0.29406849513275773,32,-6.745912364945978,-7.13000600240096,-7.851902761104442,-7.003215356928615,-6.501895620875825,-7.046586421251163,0.457048627417893
0.07086973190307617,0.006338425123315172,0.015165233612060547,0.0006445378711050591,random,100,1,0.0001,log2,120,friedman_mse,1e-07,"{'splitter': 'random', 'min_samples_split': 100, 'min_samples_leaf': 1, 'min_impurity_decrease': 0.0001, 'max_features': 'log2', 'max_depth': 120, 'criterion': 'friedman_mse', 'ccp_alpha': 1e-07}",-19.260325538093966,-19.51294551956265,-23.490132688716965,-18.897309347226823,-17.982307330901197,-19.82860408490032,1.9029185030076774,84,-17.2409007130713,-16.486686147910422,-19.38801644795011,-16.9582844263791,-16.9268458257066,-17.400146712203508,1.022805121794788
0.20038890838623047,0.006895131228555254,0.013861989974975586,0.0005497542141628463,best,5,2,0.0,0.4,30,squared_error,0.0,"{'splitter': 'best', 'min_samples_split': 5, 'min_samples_leaf': 2, 'min_impurity_decrease': 0.0, 'max_features': 0.4, 'max_depth': 30, 'criterion': 'squared_error', 'ccp_alpha': 0.0}",-7.248744268659678,-8.437961796071583,-9.222067966330563,-8.39870272972969,-7.90460501874574,-8.242416355907451,0.6517486392937718,9,-3.1892186820956723,-3.3686923516389364,-3.226572325447781,-3.7581790254571583,-3.09073090657942,-3.326678658243794,0.23347187486374055
16.3624475479126,3.6955389715273723,0.012900447845458985,0.0008812371595865858,random,10,1,1e-07,,,absolute_error,0.0,"{'splitter': 'random', 'min_samples_split': 10, 'min_samples_leaf': 1, 'min_impurity_decrease': 1e-07, 'max_features': None, 'max_depth': None, 'criterion': 'absolute_error', 'ccp_alpha': 0.0}",-6.440359712230216,-7.108860911270983,-7.914892086330936,-7.436562499999999,-6.894134615384617,-7.158961965043351,0.4974987927106083,1,-1.6623469387755103,-1.5128871548619447,-1.8065546218487396,-1.4307618476304738,-1.6259448110377923,-1.6076990748308924,0.12896426407402883
0.048657798767089845,0.005775196599792647,0.013330078125,0.0003201782600761206,best,5,32,0.0001,sqrt,80,squared_error,0.0001,"{'splitter': 'best', 'min_samples_split': 5, 'min_samples_leaf': 32, 'min_impurity_decrease': 0.0001, 'max_features': 'sqrt', 'max_depth': 80, 'criterion': 'squared_error', 'ccp_alpha': 0.0001}",-19.563835151696047,-15.37584544904062,-19.02571875201059,-15.930058627756289,-15.144066024113394,-17.00790480092339,1.8922800102639423,77,-17.349172891176437,-14.774059969960994,-19.0888994816583,-16.337389883854783,-14.481858124882974,-16.406276070306696,1.7004576981223878
0.15365104675292968,0.01292328690464365,0.013513898849487305,0.0004945751372974856,best,2,1,0.0,0.2,,friedman_mse,0.0001,"{'splitter': 'best', 'min_samples_split': 2, 'min_samples_leaf': 1, 'min_impurity_decrease': 0.0, 'max_features': 0.2, 'max_depth': None, 'criterion': 'friedman_mse', 'ccp_alpha': 0.0001}",-7.765364077968394,-9.0346139088729,-7.882917780061665,-9.68527123397436,-8.265754740918803,-8.526784348359225,0.7297183249127832,15,-0.07054514113337627,-0.06425080032012816,-0.060039387183444905,-0.05932364955580298,-0.05607405661724787,-0.062046606962000025,0.004983940957075059
16.23242840766907,3.20909470546413,0.013627862930297852,0.0011316022679866537,random,20,1,1e-06,,80,absolute_error,0.0,"{'splitter': 'random', 'min_samples_split': 20, 'min_samples_leaf': 1, 'min_impurity_decrease': 1e-06, 'max_features': None, 'max_depth': 80, 'criterion': 'absolute_error', 'ccp_alpha': 0.0}",-6.741067146282973,-7.572937649880096,-7.467589928057553,-7.889074519230769,-6.846850961538461,-7.30350404099797,0.4398360440940844,2,-3.2257623049219686,-2.7119567827130853,-2.8859183673469393,-2.7729994001199763,-2.9479004199160173,-2.9089074550035976,0.17872129815927051
0.09572515487670899,0.003880353255899636,0.012643527984619141,0.000599236978558261,best,2,32,1e-06,0.4,120,friedman_mse,1e-05,"{'splitter': 'best', 'min_samples_split': 2, 'min_samples_leaf': 32, 'min_impurity_decrease': 1e-06, 'max_features': 0.4, 'max_depth': 120, 'criterion': 'friedman_mse', 'ccp_alpha': 1e-05}",-11.58874106949913,-11.809990946028838,-11.478750364785142,-11.190995607795706,-12.09695664655938,-11.63308692693364,0.3058434935395013,64,-10.75913447196115,-11.062439019342879,-11.469747883815215,-10.22824167149804,-10.819667210024427,-10.867846051328343,0.4058042410048875
0.0489403247833252,0.002068433437734061,0.012208843231201172,0.00037385893065062034,random,5,32,1e-06,sqrt,5,friedman_mse,0.0,"{'splitter': 'random', 'min_samples_split': 5, 'min_samples_leaf': 32, 'min_impurity_decrease': 1e-06, 'max_features': 'sqrt', 'max_depth': 5, 'criterion': 'friedman_mse', 'ccp_alpha': 0.0}",-19.36603394344317,-22.94063964199337,-18.093591018435724,-23.87565814249494,-19.72279087421484,-20.799742724116406,2.2173542108981277,86,-18.990976983189395,-22.42413884363174,-19.620854241206032,-22.15160296478401,-20.000444525017514,-20.637603511565736,1.3881665904302911
0.07857584953308105,0.0025505704506970928,0.01245894432067871,0.000359795947612269,best,2,8,1e-06,0.4,5,friedman_mse,0.0,"{'splitter': 'best', 'min_samples_split': 2, 'min_samples_leaf': 8, 'min_impurity_decrease': 1e-06, 'max_features': 0.4, 'max_depth': 5, 'criterion': 'friedman_mse', 'ccp_alpha': 0.0}",-10.592641548938781,-10.461161854954359,-10.23123728570569,-11.28527911156721,-11.604370507508502,-10.834938061734908,0.5210958126141284,55,-10.518056644086585,-10.016773275834803,-10.531182196694303,-10.383269834114536,-10.788434242758898,-10.447543238697824,0.2521381064915652
0.1114018440246582,0.009180278094321356,0.012478017807006836,0.00041542874762483305,best,100,32,0.0001,0.6,,friedman_mse,1e-07,"{'splitter': 'best', 'min_samples_split': 100, 'min_samples_leaf': 32, 'min_impurity_decrease': 0.0001, 'max_features': 0.6, 'max_depth': None, 'criterion': 'friedman_mse', 'ccp_alpha': 1e-07}",-10.548361417918212,-11.369647336421028,-10.607737800300734,-11.23656898520181,-10.909352025514064,-10.93433351307117,0.3277522533777187,58,-9.992003556366265,-10.779530825410781,-10.223638871101995,-10.50299236484025,-10.085347212211607,-10.31670256598618,0.28862760947383503
0.10343027114868164,0.012851811127262767,0.012301969528198241,0.0003675036722628597,best,10,16,1e-05,0.4,20,squared_error,0.0,"{'splitter': 'best', 'min_samples_split': 10, 'min_samples_leaf': 16, 'min_impurity_decrease': 1e-05, 'max_features': 0.4, 'max_depth': 20, 'criterion': 'squared_error', 'ccp_alpha': 0.0}",-10.60651852658913,-9.810077264264596,-11.078033010699738,-11.832876708901761,-10.887388035733327,-10.842978709237709,0.6572548327186697,56,-9.187114357342276,-8.69169929860038,-9.848239916303685,-9.709926667417143,-9.041390388991145,-9.295674125730926,0.4285242478775515
0.2314847946166992,0.020636224292589735,0.012708091735839843,0.0005159050733651027,random,50,1,0.0,0.8,30,friedman_mse,0.0001,"{'splitter': 'random', 'min_samples_split': 50, 'min_samples_leaf': 1, 'min_impurity_decrease': 0.0, 'max_features': 0.8, 'max_depth': 30, 'criterion': 'friedman_mse', 'ccp_alpha': 0.0001}",-7.917834955801429,-8.253688972267609,-8.425463687498308,-8.378318655391068,-8.263875682481935,-8.24783639068807,0.1776341952405399,10,-5.881498841486546,-5.641543409726214,-6.558172350419869,-5.4835921508074374,-5.174083503905483,-5.74777805126911,0.46579514651264337
0.0458071231842041,0.008146122598036197,0.0124237060546875,0.0006643318048362066,best,10,2,0.0,log2,50,squared_error,1e-05,"{'splitter': 'best', 'min_samples_split': 10, 'min_samples_leaf': 2, 'min_impurity_decrease': 0.0, 'max_features': 'log2', 'max_depth': 50, 'criterion': 'squared_error', 'ccp_alpha': 1e-05}",-19.171656143507334,-17.310842761308578,-19.729804240796785,-21.25490026586761,-19.892428558610774,-19.47192639401822,1.2792782006187047,82,-16.084246021306175,-13.870561880087264,-16.688496548926945,-17.80288365133876,-17.734863899639908,-16.43621040025981,1.4369673789332849
0.07920384407043457,0.00997484447936594,0.012614774703979491,0.00043188195691124003,random,5,16,0.0,0.2,80,friedman_mse,1e-05,"{'splitter': 'random', 'min_samples_split': 5, 'min_samples_leaf': 16, 'min_impurity_decrease': 0.0, 'max_features': 0.2, 'max_depth': 80, 'criterion': 'friedman_mse', 'ccp_alpha': 1e-05}",-12.439763877807241,-10.711466129093635,-11.504407896253962,-11.580700124324311,-10.379547751884733,-11.323177155872775,0.7225725431392447,61,-10.007857610933574,-9.366644063973979,-10.430610827630062,-9.097363746890096,-9.204246221659682,-9.621344494217478,0.5133621508244097
1.2227900981903077,0.05802540000592116,0.012196159362792969,0.000701032857547455,best,10,32,0.0,0.8,50,absolute_error,1e-05,"{'splitter': 'best', 'min_samples_split': 10, 'min_samples_leaf': 32, 'min_impurity_decrease': 0.0, 'max_features': 0.8, 'max_depth': 50, 'criterion': 'absolute_error', 'ccp_alpha': 1e-05}",-10.608956834532373,-10.637374100719423,-9.611366906474819,-11.140036057692308,-9.934375,-10.386421779883785,0.5450669216885929,46,-9.544135654261705,-9.935720288115245,-9.732088835534213,-9.217054589082183,-9.358098380323936,-9.557419549463457,0.25666106247546755
0.26247329711914064,0.014659376885005734,0.012547779083251952,0.00036859954619128995,best,10,4,1e-05,,120,friedman_mse,0.0,"{'splitter': 'best', 'min_samples_split': 10, 'min_samples_leaf': 4, 'min_impurity_decrease': 1e-05, 'max_features': None, 'max_depth': 120, 'criterion': 'friedman_mse', 'ccp_alpha': 0.0}",-8.150055688782308,-8.744433243881085,-8.134303842640172,-7.939421569749696,-8.652278617216117,-8.324098592453876,0.3158077703335396,12,-4.432760951999848,-4.409598815716763,-4.446424655576517,-4.372330671960846,-4.159022314584702,-4.364027481967736,0.10553330488413948
1.3185581684112548,0.3723114358875294,0.012582349777221679,0.0005067236415298366,best,2,4,0.0,0.2,20,absolute_error,0.0,"{'splitter': 'best', 'min_samples_split': 2, 'min_samples_leaf': 4, 'min_impurity_decrease': 0.0, 'max_features': 0.2, 'max_depth': 20, 'criterion': 'absolute_error', 'ccp_alpha': 0.0}",-9.829400479616305,-9.502985611510791,-7.509496402877698,-9.829495192307693,-8.828413461538462,-9.09995822957019,0.8752195872988583,25,-6.086434573829532,-6.745240096038415,-5.164813925570227,-5.719694061187762,-5.476352729454109,-5.8385070772160095,0.5445672737054339
0.1107409954071045,0.0030025614063417714,0.012245988845825196,0.0003665829857261598,best,10,8,1e-07,,5,friedman_mse,0.0001,"{'splitter': 'best', 'min_samples_split': 10, 'min_samples_leaf': 8, 'min_impurity_decrease': 1e-07, 'max_features': None, 'max_depth': 5, 'criterion': 'friedman_mse', 'ccp_alpha': 0.0001}",-10.663901732171714,-10.788655236723022,-10.525045303309534,-10.653009923547291,-11.212755292590963,-10.768673497668505,0.2371994067393993,53,-9.848933157789258,-10.043999028395294,-10.351889460596906,-10.114308022904659,-9.94607091939858,-10.06104011781694,0.17083822038044896
1.0433170795440674,0.3307132096863829,0.012579393386840821,0.0010714218396533268,random,20,16,1e-05,0.4,120,absolute_error,1e-07,"{'splitter': 'random', 'min_samples_split': 20, 'min_samples_leaf': 16, 'min_impurity_decrease': 1e-05, 'max_features': 0.4, 'max_depth': 120, 'criterion': 'absolute_error', 'ccp_alpha': 1e-07}",-9.34931654676259,-9.848189448441246,-8.801666666666668,-10.282932692307693,-10.574411057692307,-9.771303282374102,0.637326636187549,35,-8.20951980792317,-8.457815126050422,-8.439393757503,-8.308020395920817,-8.625644871025795,-8.408078791684641,0.14158155354102384
0.14678759574890138,0.0060921698696229385,0.01231074333190918,0.0003056480062199247,random,5,32,1e-06,,50,squared_error,1e-06,"{'splitter': 'random', 'min_samples_split': 5, 'min_samples_leaf': 32, 'min_impurity_decrease': 1e-06, 'max_features': None, 'max_depth': 50, 'criterion': 'squared_error', 'ccp_alpha': 1e-06}",-10.447756018681561,-10.728248900304271,-10.061384773762192,-10.520804468239497,-10.74756643930799,-10.501152120059102,0.24856614476994468,47,-9.66956797460864,-9.980490081650473,-9.714663106500499,-9.555049039590246,-9.80392642922855,-9.744739326315681,0.14256173945765105
0.04769015312194824,0.0019882169063943867,0.012085533142089844,0.00032445713701028197,random,20,4,1e-06,log2,5,squared_error,1e-06,"{'splitter': 'random', 'min_samples_split': 20, 'min_samples_leaf': 4, 'min_impurity_decrease': 1e-06, 'max_features': 'log2', 'max_depth': 5, 'criterion': 'squared_error', 'ccp_alpha': 1e-06}",-24.614937582628038,-24.795132544859186,-24.126055349080097,-25.371207474878183,-23.64263747084444,-24.509994084457993,0.588850071062221,100,-24.27847516178677,-24.047056365414363,-23.618419541208777,-23.676263415727703,-24.34020322380707,-23.992083541588936,0.29852859886638805
3.1874345779418944,0.4734210950207098,0.01272130012512207,0.0005687122662863199,best,20,16,0.0001,,120,absolute_error,1e-06,"{'splitter': 'best', 'min_samples_split': 20, 'min_samples_leaf': 16, 'min_impurity_decrease': 0.0001, 'max_features': None, 'max_depth': 120, 'criterion': 'absolute_error', 'ccp_alpha': 1e-06}",-9.169604316546762,-9.651798561151079,-8.919436450839328,-10.037944711538461,-8.428209134615384,-9.241398634938204,0.5608930356424625,29,-7.617695078031212,-8.021206482593037,-8.39454981992797,-7.680215956808638,-7.228236352729454,-7.788380738018063,0.3940161747923488
0.20956273078918458,0.019541454199878208,0.012264871597290039,0.00059975835089226,best,100,4,1e-05,,80,squared_error,1e-06,"{'splitter': 'best', 'min_samples_split': 100, 'min_samples_leaf': 4, 'min_impurity_decrease': 1e-05, 'max_features': None, 'max_depth': 80, 'criterion': 'squared_error', 'ccp_alpha': 1e-06}",-8.407260140342975,-9.447472862836188,-8.23174564458526,-8.597867931869066,-9.60887596764104,-8.858644509454907,0.5611275308641727,20,-7.872814766001093,-7.375468519769369,-7.6186630549960626,-7.577220862820637,-7.269988253604521,-7.542831091438337,0.2089381789446564
2.046840858459473,0.24767551157721768,0.012084150314331054,0.0005101539583300407,best,10,8,0.0001,0.4,120,absolute_error,0.0001,"{'splitter': 'best', 'min_samples_split': 10, 'min_samples_leaf': 8, 'min_impurity_decrease': 0.0001, 'max_features': 0.4, 'max_depth': 120, 'criterion': 'absolute_error', 'ccp_alpha': 0.0001}",-8.118093525179855,-8.943884892086333,-8.314388489208634,-10.166598557692309,-9.256730769230769,-8.95993924667958,0.730726986266701,22,-6.2804741896758705,-6.144279711884753,-6.4765606242497,-6.8938152369526104,-6.545926814637073,-6.4682113154800005,0.25590037903528495
0.08283295631408691,0.0022331373017924422,0.01211533546447754,0.0004495279119506481,random,100,32,0.0,sqrt,5,absolute_error,1e-06,"{'splitter': 'random', 'min_samples_split': 100, 'min_samples_leaf': 32, 'min_impurity_decrease': 0.0, 'max_features': 'sqrt', 'max_depth': 5, 'criterion': 'absolute_error', 'ccp_alpha': 1e-06}",-18.199148681055156,-21.75044364508393,-16.480215827338128,-18.83360576923077,-18.635396634615386,-18.779762111464674,1.701394391255956,80,-17.497749099639854,-21.237370948379354,-18.281920768307323,-18.254079184163167,-19.294553089382124,-18.913134617974364,1.2948865374436545
0.0985720157623291,0.006338528925325439,0.01259784698486328,0.0002765825036213942,best,20,2,0.0001,0.2,50,squared_error,0.0,"{'splitter': 'best', 'min_samples_split': 20, 'min_samples_leaf': 2, 'min_impurity_decrease': 0.0001, 'max_features': 0.2, 'max_depth': 50, 'criterion': 'squared_error', 'ccp_alpha': 0.0}",-9.942216210761385,-9.584509817682624,-9.095833301985657,-8.759013380528158,-8.986624149657061,-9.273639372122977,0.4295271983974868,30,-5.914506735778203,-6.016898217779211,-5.521625370303353,-5.600557028781919,-5.631906571604947,-5.737098784849527,0.19282071930889116
0.09179153442382812,0.003639323244498307,0.011970233917236329,0.00015649730152223696,best,100,1,0.0001,0.2,,squared_error,1e-07,"{'splitter': 'best', 'min_samples_split': 100, 'min_samples_leaf': 1, 'min_impurity_decrease': 0.0001, 'max_features': 0.2, 'max_depth': None, 'criterion': 'squared_error', 'ccp_alpha': 1e-07}",-10.525284545498673,-10.191011784952469,-9.913345415413088,-10.829399622858633,-9.038678368693475,-10.099543947483268,0.6135823332811219,39,-8.507375867003287,-8.050792561278772,-8.273483597470817,-8.696349117887326,-7.327328654084983,-8.171065959545036,0.4745259642646397
0.053146076202392575,0.00936565831307442,0.012817573547363282,0.0011813503451277875,best,2,1,1e-07,log2,20,squared_error,1e-06,"{'splitter': 'best', 'min_samples_split': 2, 'min_samples_leaf': 1, 'min_impurity_decrease': 1e-07, 'max_features': 'log2', 'max_depth': 20, 'criterion': 'squared_error', 'ccp_alpha': 1e-06}",-21.093617702201335,-13.719367541088753,-22.761251718681336,-22.964000672160015,-21.681157323947225,-20.44387899161573,3.4320053016525405,85,-18.37997676859391,-8.122630314061261,-18.598008384281243,-15.893196142237333,-17.676328246501313,-15.734027971135012,3.9226182074259355
0.15869593620300293,0.02643552876069403,0.013246297836303711,0.0011665267968255918,best,20,32,0.0,,50,squared_error,0.0,"{'splitter': 'best', 'min_samples_split': 20, 'min_samples_leaf': 32, 'min_impurity_decrease': 0.0, 'max_features': None, 'max_depth': 50, 'criterion': 'squared_error', 'ccp_alpha': 0.0}",-10.337915107560463,-10.558803041628604,-10.271043916016207,-11.946629270469613,-10.559009473335928,-10.734680161802164,0.6169270087879903,51,-9.587590098164553,-10.140121334593795,-9.61400870628318,-9.955526253409346,-9.848573400684275,-9.82916395862703,0.2086568275047107
0.05591893196105957,0.01252071732220174,0.012326240539550781,0.001343471451676629,best,2,32,1e-06,log2,120,absolute_error,0.0001,"{'splitter': 'best', 'min_samples_split': 2, 'min_samples_leaf': 32, 'min_impurity_decrease': 1e-06, 'max_features': 'log2', 'max_depth': 120, 'criterion': 'absolute_error', 'ccp_alpha': 0.0001}",-23.593309352517984,-23.872062350119904,-21.853297362110315,-23.26990384615385,-23.364411057692305,-23.190596793718875,0.7002061819610875,92,-24.330198079231693,-22.96798919567827,-22.924147659063628,-22.54130173965207,-24.384673065386924,-23.42966194780252,0.7721245811807196
0.04574809074401855,0.006585901416831571,0.013185548782348632,0.0013843507469737822,random,10,32,0.0001,log2,50,squared_error,1e-06,"{'splitter': 'random', 'min_samples_split': 10, 'min_samples_leaf': 32, 'min_impurity_decrease': 0.0001, 'max_features': 'log2', 'max_depth': 50, 'criterion': 'squared_error', 'ccp_alpha': 1e-06}",-23.824018348444927,-25.12306669134492,-23.760842503567872,-25.899614860516444,-23.230864214932566,-24.367681323761346,0.9872794273096029,98,-24.247616910196474,-24.471977278515535,-23.597741245983077,-24.224965977543768,-24.47345599159169,-24.20315148076611,0.3207199517249922
0.6510144233703613,0.02583047556209058,0.012296342849731445,0.00037272532746312066,best,5,32,1e-05,0.4,10,absolute_error,0.0001,"{'splitter': 'best', 'min_samples_split': 5, 'min_samples_leaf': 32, 'min_impurity_decrease': 1e-05, 'max_features': 0.4, 'max_depth': 10, 'criterion': 'absolute_error', 'ccp_alpha': 0.0001}",-11.260395683453238,-10.765671462829737,-10.085011990407674,-12.1115625,-9.756478365384616,-10.795824000415053,0.8406422409231367,54,-10.029627851140457,-10.16078031212485,-10.517791116446578,-10.262741451709656,-9.428404319136172,-10.079869010111542,0.3629587187405341
0.9278286457061767,0.1342341231464312,0.016658306121826172,0.005866478976213108,best,10,2,1e-07,0.2,5,absolute_error,1e-07,"{'splitter': 'best', 'min_samples_split': 10, 'min_samples_leaf': 2, 'min_impurity_decrease': 1e-07, 'max_features': 0.2, 'max_depth': 5, 'criterion': 'absolute_error', 'ccp_alpha': 1e-07}",-10.482170263788968,-11.268465227817746,-9.864220623501197,-11.238966346153846,-10.941718749999998,-10.759108242252351,0.5292586192540569,52,-9.409147659063626,-10.95606242496999,-9.802070828331333,-10.17364127174565,-10.424529094181162,-10.153090255658352,0.5283050098946557
