Model,SearchTag,mean_fit_time,std_fit_time,mean_score_time,std_score_time,param_n_estimators,param_min_samples_split,param_min_samples_leaf,param_min_impurity_decrease,param_max_samples,param_max_features,param_max_depth,param_criterion,param_ccp_alpha,param_bootstrap,params,split0_test_score,split1_test_score,split2_test_score,split3_test_score,split4_test_score,mean_test_score,std_test_score,rank_test_score,split0_train_score,split1_train_score,split2_train_score,split3_train_score,split4_train_score,mean_train_score,std_train_score
RandomForest,bootstrap_true,301.9253813743591,41.39058751699706,11.182247209548951,2.558106874236747,1200,5,8,1e-05,0.5,0.4,60,absolute_error,0.0,True,"{'n_estimators': 1200, 'min_samples_split': 5, 'min_samples_leaf': 8, 'min_impurity_decrease': 1e-05, 'max_samples': 0.5, 'max_features': 0.4, 'max_depth': 60, 'criterion': 'absolute_error', 'ccp_alpha': 0.0, 'bootstrap': True}",-9.57204481414868,-9.660808063549151,-9.058351548760983,-8.647585857371775,-8.95341937099358,-9.178441930964834,0.38326631440279485,27,-7.976203608943572,-8.188602613545417,-8.180101480592235,-8.252036520195954,-8.115083735752842,-8.142405591806003,0.0937482461000865
RandomForest,bootstrap_true,17.78299460411072,5.527168469253352,3.241281604766846,1.0191332297164233,200,5,2,1e-07,0.7,0.8,,squared_error,1e-05,True,"{'n_estimators': 200, 'min_samples_split': 5, 'min_samples_leaf': 2, 'min_impurity_decrease': 1e-07, 'max_samples': 0.7, 'max_features': 0.8, 'max_depth': None, 'criterion': 'squared_error', 'ccp_alpha': 1e-05, 'bootstrap': True}",-7.454504052147892,-6.879929849981157,-7.123085087909696,-6.733042141645409,-7.242271077747036,-7.086566441886238,0.25637228483434077,1,-4.011249473691078,-4.020945568821519,-4.01264373474673,-4.054895919726896,-4.02944682416314,-4.025836304229872,0.015926304747762
RandomForest,bootstrap_true,485.9108838558197,17.70672619325994,3.8729334831237794,1.1341719528885221,800,5,4,1e-05,0.9,0.2,80,absolute_error,0.0,True,"{'n_estimators': 800, 'min_samples_split': 5, 'min_samples_leaf': 4, 'min_impurity_decrease': 1e-05, 'max_samples': 0.9, 'max_features': 0.2, 'max_depth': 80, 'criterion': 'absolute_error', 'ccp_alpha': 0.0, 'bootstrap': True}",-8.289829571342928,-7.907163923860912,-7.759799505395681,-7.343280874399043,-7.712678125000005,-7.802550399999714,0.3063390742781992,13,-5.583713422869154,-5.6915525885354175,-5.709915598739496,-5.637327778194363,-5.6504328059388245,-5.65458843885545,0.04419481997893059
RandomForest,bootstrap_true,843.849382352829,7.185039757326663,1.1948437690734863,0.41676746804481496,1200,10,8,1e-06,0.9,0.6,120,absolute_error,1e-07,True,"{'n_estimators': 1200, 'min_samples_split': 10, 'min_samples_leaf': 8, 'min_impurity_decrease': 1e-06, 'max_samples': 0.9, 'max_features': 0.6, 'max_depth': 120, 'criterion': 'absolute_error', 'ccp_alpha': 1e-07, 'bootstrap': True}",-8.786269254596316,-8.689572891686645,-8.291329526378881,-7.686704667467931,-8.27783536658654,-8.346342341343263,0.388377233083934,20,-6.739899604841934,-6.905288350340131,-6.918651235494193,-6.890595350929815,-6.789882703459305,-6.848863449013075,0.07091897341603551
RandomForest,bootstrap_true,99.66674346923828,4.888604355390276,11.58865647315979,1.5759138937612431,1200,2,4,1e-07,0.9,0.4,40,squared_error,1e-07,True,"{'n_estimators': 1200, 'min_samples_split': 2, 'min_samples_leaf': 4, 'min_impurity_decrease': 1e-07, 'max_samples': 0.9, 'max_features': 0.4, 'max_depth': 40, 'criterion': 'squared_error', 'ccp_alpha': 1e-07, 'bootstrap': True}",-8.230203218982997,-7.602211577009765,-7.632473641687591,-7.2455777429049455,-7.6255758614981,-7.66720840841668,0.3168280088313095,11,-5.141283244640325,-5.125356766179929,-5.192300955887531,-5.183924827782069,-5.112630752436659,-5.151099309385303,0.03166687185050075
RandomForest,bootstrap_true,126.67972512245179,12.255825022461984,8.784283304214478,0.5344950422421432,800,20,2,1e-07,0.7,,80,friedman_mse,1e-06,True,"{'n_estimators': 800, 'min_samples_split': 20, 'min_samples_leaf': 2, 'min_impurity_decrease': 1e-07, 'max_samples': 0.7, 'max_features': None, 'max_depth': 80, 'criterion': 'friedman_mse', 'ccp_alpha': 1e-06, 'bootstrap': True}",-7.983920119400902,-7.31591990897896,-7.462477966352518,-7.0591274382568,-7.675046540125468,-7.499298394622929,0.3144771885328803,6,-5.338841790468528,-5.250366086599776,-5.312123606044459,-5.360607875528762,-5.381929789147541,-5.3287738295578135,0.04553093554607292
RandomForest,bootstrap_true,829.7471766471863,7.895194416978831,2.162718629837036,0.2881758502591851,1200,20,1,1e-06,0.7,0.2,40,absolute_error,0.0,True,"{'n_estimators': 1200, 'min_samples_split': 20, 'min_samples_leaf': 1, 'min_impurity_decrease': 1e-06, 'max_samples': 0.7, 'max_features': 0.2, 'max_depth': 40, 'criterion': 'absolute_error', 'ccp_alpha': 0.0, 'bootstrap': True}",-8.092983353317331,-7.464155365707431,-7.5974516286970255,-7.39433202123393,-7.565780158253205,-7.622940505441785,0.24589909581763567,9,-5.170501172969165,-5.19329530312124,-5.247989350740283,-5.268791474205142,-5.258151014797012,-5.2277456631665675,0.03868542325833013
RandomForest,bootstrap_true,14.161393213272095,7.013625840190834,3.4916561603546143,1.7546586227718115,200,5,4,1e-07,0.5,0.6,120,squared_error,1e-05,True,"{'n_estimators': 200, 'min_samples_split': 5, 'min_samples_leaf': 4, 'min_impurity_decrease': 1e-07, 'max_samples': 0.5, 'max_features': 0.6, 'max_depth': 120, 'criterion': 'squared_error', 'ccp_alpha': 1e-05, 'bootstrap': True}",-8.66075404864353,-8.28106556807194,-8.2474312873697,-7.640994456153654,-8.159801825142676,-8.1980094370763,0.32716935256800017,18,-6.195377985164008,-6.2574319275259604,-6.318895815242638,-6.305530068430659,-6.186544415581089,-6.252756042388871,0.05451174599121769
RandomForest,bootstrap_true,15.213560438156128,9.072214055755328,3.9935853481292725,1.7133895574722762,400,10,1,1e-05,0.7,log2,80,squared_error,0.0,True,"{'n_estimators': 400, 'min_samples_split': 10, 'min_samples_leaf': 1, 'min_impurity_decrease': 1e-05, 'max_samples': 0.7, 'max_features': 'log2', 'max_depth': 80, 'criterion': 'squared_error', 'ccp_alpha': 0.0, 'bootstrap': True}",-13.917263227827913,-13.030551350925785,-13.537440712566903,-13.724845079351544,-12.544167673340732,-13.350853608802577,0.49976793789355617,43,-10.095158782955888,-10.2704806177,-10.332282086016098,-10.341426249910926,-10.412569258789597,-10.290383399074502,0.10751653672654973
RandomForest,bootstrap_true,119.19118199348449,12.419250687179487,7.407967948913575,2.277769950111481,800,10,8,1e-06,0.7,sqrt,120,absolute_error,0.0,True,"{'n_estimators': 800, 'min_samples_split': 10, 'min_samples_leaf': 8, 'min_impurity_decrease': 1e-06, 'max_samples': 0.7, 'max_features': 'sqrt', 'max_depth': 120, 'criterion': 'absolute_error', 'ccp_alpha': 0.0, 'bootstrap': True}",-13.415502188249375,-12.413344454436421,-12.419543929856104,-13.010053019831709,-11.768233683894229,-12.605335455253568,0.5643199187071799,42,-11.910157034063609,-11.75827841761703,-11.979587867647039,-11.994396303239332,-11.974219784793037,-11.923327881472009,0.08743076024011359
RandomForest,bootstrap_true,242.66864175796508,22.736241121818484,5.5140196800231935,1.096903610609281,200,5,4,1e-05,0.7,0.4,,absolute_error,1e-06,True,"{'n_estimators': 200, 'min_samples_split': 5, 'min_samples_leaf': 4, 'min_impurity_decrease': 1e-05, 'max_samples': 0.7, 'max_features': 0.4, 'max_depth': None, 'criterion': 'absolute_error', 'ccp_alpha': 1e-06, 'bootstrap': True}",-8.26826486810552,-7.969682014388491,-7.942067146282973,-7.328197355769233,-7.714703786057694,-7.844583034120783,0.3124682356082823,14,-5.771890876350536,-5.860086104441778,-5.925441611644659,-5.760930533893221,-5.789563857228553,-5.821582596711749,0.06235760509359401
RandomForest,bootstrap_true,451.7218463897705,7.371704917389377,4.336225748062134,1.8827023928380582,1200,50,16,1e-05,0.5,,10,absolute_error,0.0,True,"{'n_estimators': 1200, 'min_samples_split': 50, 'min_samples_leaf': 16, 'min_impurity_decrease': 1e-05, 'max_samples': 0.5, 'max_features': None, 'max_depth': 10, 'criterion': 'absolute_error', 'ccp_alpha': 0.0, 'bootstrap': True}",-10.337457553956837,-10.938769764188644,-9.57554045763387,-9.67298059895833,-9.65519554286859,-10.035988783521255,0.5281454370912688,35,-9.383691243997603,-9.41447395458183,-9.493046025910353,-9.565862517496488,-9.66861124025195,-9.505136996447643,0.10346638759625842
RandomForest,bootstrap_true,136.29423270225524,15.409444600800361,9.477056074142457,0.6255270295594987,1200,2,8,1e-07,0.9,0.4,20,friedman_mse,0.0,True,"{'n_estimators': 1200, 'min_samples_split': 2, 'min_samples_leaf': 8, 'min_impurity_decrease': 1e-07, 'max_samples': 0.9, 'max_features': 0.4, 'max_depth': 20, 'criterion': 'friedman_mse', 'ccp_alpha': 0.0, 'bootstrap': True}",-9.194544496205765,-8.941876558854728,-8.579674293580231,-8.290999477385277,-8.45649571999256,-8.692718109203714,0.32980825832275573,25,-6.939909057067174,-7.140662023662755,-7.1274773133375025,-7.265004573374448,-7.01421103181517,-7.0974527998514105,0.11188505537330308
RandomForest,bootstrap_true,4.749799680709839,3.4818132880480603,1.5580702304840088,0.8932646963065811,200,10,8,1e-06,0.7,log2,60,friedman_mse,0.0,True,"{'n_estimators': 200, 'min_samples_split': 10, 'min_samples_leaf': 8, 'min_impurity_decrease': 1e-06, 'max_samples': 0.7, 'max_features': 'log2', 'max_depth': 60, 'criterion': 'friedman_mse', 'ccp_alpha': 0.0, 'bootstrap': True}",-20.643743823966936,-19.238970113384998,-19.985963792162373,-20.25119850553349,-18.665096527170167,-19.756994552443594,0.7132432050278835,49,-19.372185437253627,-19.52108823699797,-19.08704080681667,-19.517041720152857,-19.75423654336649,-19.450318548917522,0.21904427804659085
RandomForest,bootstrap_true,77.19695229530335,16.378716019022715,8.49345841407776,2.386874279370195,800,20,2,1e-07,0.7,0.2,80,squared_error,1e-07,True,"{'n_estimators': 800, 'min_samples_split': 20, 'min_samples_leaf': 2, 'min_impurity_decrease': 1e-07, 'max_samples': 0.7, 'max_features': 0.2, 'max_depth': 80, 'criterion': 'squared_error', 'ccp_alpha': 1e-07, 'bootstrap': True}",-8.512758421617349,-7.950543195596791,-8.037735463149989,-7.787239341740801,-7.946866730069549,-8.047028630434896,0.24650473475936174,17,-6.021159392385393,-6.080061420435897,-6.147192579993056,-6.159710997110837,-6.152065583298774,-6.112037994644792,0.05365107554438625
RandomForest,bootstrap_true,38.927318286895755,7.688047720312173,6.151963329315185,0.4719721504556505,200,20,8,0.0,0.7,0.8,40,squared_error,0.0,True,"{'n_estimators': 200, 'min_samples_split': 20, 'min_samples_leaf': 8, 'min_impurity_decrease': 0.0, 'max_samples': 0.7, 'max_features': 0.8, 'max_depth': 40, 'criterion': 'squared_error', 'ccp_alpha': 0.0, 'bootstrap': True}",-9.13190784229172,-8.96975797113461,-8.605562496854766,-8.299280922380976,-8.406081430913028,-8.68251813271502,0.32052083090719174,24,-7.154121859838569,-7.25424834015977,-7.369215742029793,-7.453399912239539,-7.170415263191991,-7.280280223491933,0.11536364614633811
RandomForest,bootstrap_true,162.03523960113526,11.845727171444274,4.9778242111206055,0.4569671622580637,200,20,16,1e-06,0.7,,40,absolute_error,1e-07,True,"{'n_estimators': 200, 'min_samples_split': 20, 'min_samples_leaf': 16, 'min_impurity_decrease': 1e-06, 'max_samples': 0.7, 'max_features': None, 'max_depth': 40, 'criterion': 'absolute_error', 'ccp_alpha': 1e-07, 'bootstrap': True}",-9.882077338129498,-10.043923980815348,-9.16932895683453,-9.039697295673077,-9.029059975961541,-9.432817509482799,0.43869702043616216,32,-8.55059494297719,-8.530505492196879,-8.624753436374549,-8.777930443911218,-8.691566796640672,-8.6350702224201,0.09140809318771995
RandomForest,bootstrap_true,21.068200397491456,4.026195441504929,4.198806190490723,1.0604124129443235,200,50,4,1e-06,0.5,log2,120,squared_error,0.0,True,"{'n_estimators': 200, 'min_samples_split': 50, 'min_samples_leaf': 4, 'min_impurity_decrease': 1e-06, 'max_samples': 0.5, 'max_features': 'log2', 'max_depth': 120, 'criterion': 'squared_error', 'ccp_alpha': 0.0, 'bootstrap': True}",-19.02087766142974,-18.176266506341925,-18.74404345961821,-18.951042960495997,-17.558023711587882,-18.49005085989475,0.5524379198560678,48,-17.6935969699759,-18.214808692593603,-17.849947662864416,-17.91476910911697,-18.43494577400187,-18.02161364171055,0.2670758988169524
RandomForest,bootstrap_true,570.2048779964447,25.164431794236364,2.5566253662109375,0.4213996483933979,400,2,8,1e-07,0.9,0.8,60,absolute_error,1e-05,True,"{'n_estimators': 400, 'min_samples_split': 2, 'min_samples_leaf': 8, 'min_impurity_decrease': 1e-07, 'max_samples': 0.9, 'max_features': 0.8, 'max_depth': 60, 'criterion': 'absolute_error', 'ccp_alpha': 1e-05, 'bootstrap': True}",-8.669590587529976,-8.598303956834538,-8.191975899280576,-7.560711959134608,-8.156370072115392,-8.235390494979018,0.3958676754284395,19,-6.670693674969989,-6.733955372148865,-6.770271466086427,-6.771822577984395,-6.685633450809848,-6.726475308399905,0.04197636859013798
RandomForest,bootstrap_true,981.4410202503204,5.657491425321202,0.40517582893371584,0.12670495082222816,1600,2,1,1e-05,0.7,0.4,20,absolute_error,1e-07,True,"{'n_estimators': 1600, 'min_samples_split': 2, 'min_samples_leaf': 1, 'min_impurity_decrease': 1e-05, 'max_samples': 0.7, 'max_features': 0.4, 'max_depth': 20, 'criterion': 'absolute_error', 'ccp_alpha': 1e-07, 'bootstrap': True}",-8.066128926858477,-7.633139171163051,-7.675756752098296,-7.391183353365353,-7.589772603665855,-7.671196161430205,0.2202171615218155,12,-5.144159783913513,-5.153678946578615,-5.047817817752067,-5.172444469855987,-5.029566777894388,-5.109533559198914,0.05883721985126737
RandomForest,bootstrap_true,48.62091517448425,5.036526713992544,5.8515458583831785,0.81262473339102,200,20,4,1e-06,0.9,,80,squared_error,1e-05,True,"{'n_estimators': 200, 'min_samples_split': 20, 'min_samples_leaf': 4, 'min_impurity_decrease': 1e-06, 'max_samples': 0.9, 'max_features': None, 'max_depth': 80, 'criterion': 'squared_error', 'ccp_alpha': 1e-05, 'bootstrap': True}",-8.171950713517907,-7.581047184293311,-7.4540376522154235,-7.076771571651009,-7.757898260624145,-7.60834107646036,0.35976209251274316,7,-5.670344667734516,-5.553877374550731,-5.676756350399755,-5.653525787534857,-5.661154081293748,-5.6431316523027215,0.04532182834352057
RandomForest,bootstrap_true,193.2378635406494,17.432784739755295,10.283061122894287,1.0186200044975782,1600,20,4,0.0,0.5,log2,40,absolute_error,1e-07,True,"{'n_estimators': 1600, 'min_samples_split': 20, 'min_samples_leaf': 4, 'min_impurity_decrease': 0.0, 'max_samples': 0.5, 'max_features': 'log2', 'max_depth': 40, 'criterion': 'absolute_error', 'ccp_alpha': 1e-07, 'bootstrap': True}",-19.058992191247007,-17.422365430155867,-18.103112732314123,-18.606010524338934,-17.07493569711536,-18.05308331503426,0.7313907192974628,46,-17.518202635429162,-17.571864143157267,-17.471587486869726,-17.48230312125074,-17.710959328134354,-17.550983342968248,0.08731961206275043
RandomForest,bootstrap_true,541.9895037651062,12.67598943023644,3.1386695861816407,0.6846632463371709,800,50,16,1e-05,0.9,0.8,40,absolute_error,1e-05,True,"{'n_estimators': 800, 'min_samples_split': 50, 'min_samples_leaf': 16, 'min_impurity_decrease': 1e-05, 'max_samples': 0.9, 'max_features': 0.8, 'max_depth': 40, 'criterion': 'absolute_error', 'ccp_alpha': 1e-05, 'bootstrap': True}",-9.837887350119905,-10.012471627697847,-9.113488744004789,-9.037533173076923,-9.11541176382212,-9.423358531744316,0.4143911402783861,31,-8.501204614345745,-8.669079940726293,-8.661688404111638,-8.758738673515296,-8.719024613827239,-8.661947249305241,0.08776735420741785
RandomForest,bootstrap_true,90.20655226707458,9.183423294573917,6.28457293510437,0.985358221937232,400,20,2,0.0,0.9,0.8,60,friedman_mse,0.0,True,"{'n_estimators': 400, 'min_samples_split': 20, 'min_samples_leaf': 2, 'min_impurity_decrease': 0.0, 'max_samples': 0.9, 'max_features': 0.8, 'max_depth': 60, 'criterion': 'friedman_mse', 'ccp_alpha': 0.0, 'bootstrap': True}",-7.7872130226426535,-7.102718615672986,-7.2227555879784955,-6.914832802101904,-7.466373098363222,-7.2987786253518525,0.3027505549585717,3,-4.87265193923434,-4.843242027790925,-4.840597559272382,-4.868388727853637,-4.9147947095072055,-4.867934992731699,0.026740853770436054
RandomForest,bootstrap_true,796.7808786869049,10.31437306084486,2.5056875705718995,0.42600357185705834,1200,20,16,1e-07,0.9,,80,absolute_error,1e-05,True,"{'n_estimators': 1200, 'min_samples_split': 20, 'min_samples_leaf': 16, 'min_impurity_decrease': 1e-07, 'max_samples': 0.9, 'max_features': None, 'max_depth': 80, 'criterion': 'absolute_error', 'ccp_alpha': 1e-05, 'bootstrap': True}",-9.702907164268593,-9.721675699440427,-8.959732004396468,-8.640922345753205,-8.965127393830125,-9.198072921537763,0.43600556359312775,29,-8.170255649759909,-8.268701450580224,-8.230196623649448,-8.383611310237953,-8.276873280343931,-8.265927662914294,0.06986670530988238
RandomForest,bootstrap_true,156.74840846061707,5.948815324829816,4.750354671478272,0.3589202660654805,200,5,16,1e-06,0.9,0.6,20,absolute_error,0.0,True,"{'n_estimators': 200, 'min_samples_split': 5, 'min_samples_leaf': 16, 'min_impurity_decrease': 1e-06, 'max_samples': 0.9, 'max_features': 0.6, 'max_depth': 20, 'criterion': 'absolute_error', 'ccp_alpha': 0.0, 'bootstrap': True}",-9.722865587529972,-9.968280815347722,-9.09153938848921,-8.98124140625,-9.180183413461544,-9.38882212221569,0.3861053194026333,30,-8.35307584033613,-8.488156782713084,-8.453453226290517,-8.600280068986198,-8.526036097780445,-8.484200403221275,0.0817060670489765
RandomForest,bootstrap_true,50.755187797546384,2.3155943808417137,6.1192432880401615,0.732583981597079,400,50,2,1e-06,0.5,0.2,10,squared_error,1e-07,True,"{'n_estimators': 400, 'min_samples_split': 50, 'min_samples_leaf': 2, 'min_impurity_decrease': 1e-06, 'max_samples': 0.5, 'max_features': 0.2, 'max_depth': 10, 'criterion': 'squared_error', 'ccp_alpha': 1e-07, 'bootstrap': True}",-10.558681718913673,-10.318590973534013,-10.207091882137377,-10.067752247554425,-9.67442451993436,-10.16530826841477,0.29341716423893405,37,-9.28247791939484,-9.444494881000553,-9.449067236483499,-9.499821250174735,-9.476675423126979,-9.43050734203612,0.0766664730749377
RandomForest,bootstrap_true,94.1538658618927,2.6564940670956028,5.698893356323242,0.5037936602397418,400,2,4,1e-07,0.9,,120,friedman_mse,0.0,True,"{'n_estimators': 400, 'min_samples_split': 2, 'min_samples_leaf': 4, 'min_impurity_decrease': 1e-07, 'max_samples': 0.9, 'max_features': None, 'max_depth': 120, 'criterion': 'friedman_mse', 'ccp_alpha': 0.0, 'bootstrap': True}",-7.84892407607517,-7.270119778474435,-7.225080724806852,-6.911142375697038,-7.484157970403701,-7.347884985091438,0.3103169082678481,4,-4.708116167801853,-4.579578182911907,-4.730748281246125,-4.711476462700204,-4.691581458514947,-4.684300110635007,0.053819868852788
RandomForest,bootstrap_true,253.18801589012145,5.0712806274650735,11.049515008926392,2.456294041640158,1600,2,2,1e-06,0.5,0.4,40,friedman_mse,0.0,True,"{'n_estimators': 1600, 'min_samples_split': 2, 'min_samples_leaf': 2, 'min_impurity_decrease': 1e-06, 'max_samples': 0.5, 'max_features': 0.4, 'max_depth': 40, 'criterion': 'friedman_mse', 'ccp_alpha': 0.0, 'bootstrap': True}",-8.130013590506918,-7.52815835481884,-7.593317911965153,-7.27753447048859,-7.575579364799769,-7.620920738515855,0.27875160162814827,8,-4.9736512283770145,-4.999088612447058,-5.022676408948845,-5.071659790940242,-5.002050332794445,-5.013825274701522,0.032841882757941046
RandomForest,bootstrap_true,319.24667754173277,18.69807737816017,8.706852960586549,1.9030611167317089,1600,50,4,1e-05,0.7,sqrt,80,absolute_error,1e-07,True,"{'n_estimators': 1600, 'min_samples_split': 50, 'min_samples_leaf': 4, 'min_impurity_decrease': 1e-05, 'max_samples': 0.7, 'max_features': 'sqrt', 'max_depth': 80, 'criterion': 'absolute_error', 'ccp_alpha': 1e-07, 'bootstrap': True}",-11.936881789568314,-11.319597482014354,-11.16763307853714,-11.542224511718683,-10.744555040564867,-11.342178380480673,0.39542893551736596,39,-10.475334217436938,-10.427135545468149,-10.653768834408728,-10.607366200509853,-10.658789252774394,-10.564478810119613,0.09541113879988916
RandomForest,bootstrap_true,134.64448108673096,6.62387052594852,10.596568822860718,0.4908619115609136,1600,5,2,1e-05,0.5,log2,80,friedman_mse,1e-07,True,"{'n_estimators': 1600, 'min_samples_split': 5, 'min_samples_leaf': 2, 'min_impurity_decrease': 1e-05, 'max_samples': 0.5, 'max_features': 'log2', 'max_depth': 80, 'criterion': 'friedman_mse', 'ccp_alpha': 1e-07, 'bootstrap': True}",-16.98255947183251,-15.98523089658849,-16.718231797292646,-16.664912427216873,-15.260721797602315,-16.322331278106567,0.6246041448668597,45,-14.991027218757802,-15.201190665228708,-15.199076677023053,-15.159461164079291,-15.249372970819609,-15.160025739181691,0.08917765789099409
RandomForest,bootstrap_true,26.69581046104431,2.947182880891367,4.040121793746948,0.7601525474989982,200,50,2,1e-06,0.7,0.4,40,squared_error,1e-07,True,"{'n_estimators': 200, 'min_samples_split': 50, 'min_samples_leaf': 2, 'min_impurity_decrease': 1e-06, 'max_samples': 0.7, 'max_features': 0.4, 'max_depth': 40, 'criterion': 'squared_error', 'ccp_alpha': 1e-07, 'bootstrap': True}",-9.221951464598174,-8.163590967603813,-8.647514247554714,-8.224661716021156,-8.388630084571876,-8.529269696069946,0.38472750374559056,22,-7.029327549239863,-7.028523215197844,-7.107392087602451,-7.071408951138489,-7.1427523838509925,-7.075880837405927,0.044485308586020775
RandomForest,bootstrap_true,80.56565408706665,4.577680628146498,5.477992296218872,0.7544771632632651,800,5,16,1e-07,0.5,,60,squared_error,1e-06,True,"{'n_estimators': 800, 'min_samples_split': 5, 'min_samples_leaf': 16, 'min_impurity_decrease': 1e-07, 'max_samples': 0.5, 'max_features': None, 'max_depth': 60, 'criterion': 'squared_error', 'ccp_alpha': 1e-06, 'bootstrap': True}",-10.617062198816843,-10.625318885253737,-9.692837194202621,-9.888682951063403,-9.756862880696945,-10.11615282200671,0.41717818940958556,36,-9.217593900639057,-9.310836296762343,-9.36290521327124,-9.526255092213894,-9.427400119078568,-9.36899812439302,0.10438745867323783
RandomForest,bootstrap_true,65.96961207389832,2.0707783919334326,4.7391890525817875,0.42218211628712043,400,10,4,1e-07,0.7,0.4,80,squared_error,1e-06,True,"{'n_estimators': 400, 'min_samples_split': 10, 'min_samples_leaf': 4, 'min_impurity_decrease': 1e-07, 'max_samples': 0.7, 'max_features': 0.4, 'max_depth': 80, 'criterion': 'squared_error', 'ccp_alpha': 1e-06, 'bootstrap': True}",-8.54320431516132,-7.9439339949961125,-7.998426854451013,-7.462912153625515,-7.9041077136378,-7.970517006374353,0.34395617466624895,16,-5.820794846334866,-5.809599987898841,-5.9037170035987225,-5.947867428064711,-5.805472774794316,-5.8574904081382915,0.0577075292212918
RandomForest,bootstrap_true,33.37270545959473,1.544565322460603,4.785611295700074,0.20863592932214212,200,5,16,1e-07,0.7,0.8,,friedman_mse,0.0,True,"{'n_estimators': 200, 'min_samples_split': 5, 'min_samples_leaf': 16, 'min_impurity_decrease': 1e-07, 'max_samples': 0.7, 'max_features': 0.8, 'max_depth': None, 'criterion': 'friedman_mse', 'ccp_alpha': 0.0, 'bootstrap': True}",-10.347253131253677,-9.978936181106773,-9.45096869378777,-9.518681106287362,-9.391818605397988,-9.737531543566714,0.3686645710955703,34,-8.813971531960862,-8.663816522233986,-8.870287863605387,-9.030523954195179,-8.737689057267676,-8.823257785852618,0.12490064140758421
RandomForest,bootstrap_true,44.96721072196961,1.716123065924591,4.094112062454224,0.49493595637158017,200,10,2,1e-05,0.7,0.8,80,friedman_mse,1e-05,True,"{'n_estimators': 200, 'min_samples_split': 10, 'min_samples_leaf': 2, 'min_impurity_decrease': 1e-05, 'max_samples': 0.7, 'max_features': 0.8, 'max_depth': 80, 'criterion': 'friedman_mse', 'ccp_alpha': 1e-05, 'bootstrap': True}",-7.657436316029151,-7.064229443951391,-7.258775008171831,-6.877232964762238,-7.371394618349625,-7.245813670252848,0.2661564731592578,2,-4.570434206490222,-4.579591306651479,-4.565971974208146,-4.684769000192849,-4.591583369338463,-4.598469971376232,0.04403061565953398
RandomForest,bootstrap_true,46.95339674949646,2.0348222519692634,4.277822065353393,0.40484338354820465,400,5,4,1e-07,0.7,0.4,10,friedman_mse,1e-07,True,"{'n_estimators': 400, 'min_samples_split': 5, 'min_samples_leaf': 4, 'min_impurity_decrease': 1e-07, 'max_samples': 0.7, 'max_features': 0.4, 'max_depth': 10, 'criterion': 'friedman_mse', 'ccp_alpha': 1e-07, 'bootstrap': True}",-9.534223312947738,-9.256650811703384,-9.106062751759838,-8.870578682287864,-8.792414658205736,-9.111986043380913,0.2681979405593418,26,-7.845608149013621,-7.751965675060373,-7.8286568792846625,-8.007330266312838,-7.80518664935359,-7.847749523805017,0.08581523396464062
RandomForest,bootstrap_true,73.94408168792725,2.764844988442668,8.436681318283082,1.2379979445459486,1200,2,1,0.0,0.9,log2,,friedman_mse,0.0,True,"{'n_estimators': 1200, 'min_samples_split': 2, 'min_samples_leaf': 1, 'min_impurity_decrease': 0.0, 'max_samples': 0.9, 'max_features': 'log2', 'max_depth': None, 'criterion': 'friedman_mse', 'ccp_alpha': 0.0, 'bootstrap': True}",-12.289999358988982,-11.217321599625011,-11.839709998049148,-12.031418406402604,-10.996075071543011,-11.674904886921754,0.4904683897774514,40,-4.757918584290825,-4.765917337518293,-4.779855401970281,-4.79130654977731,-4.806020957237095,-4.780203766158761,0.017266452392136214
RandomForest,bootstrap_true,65.55521979331971,2.341665079554111,4.859448194503784,0.7977467503370396,400,10,4,1e-06,0.7,,120,friedman_mse,1e-06,True,"{'n_estimators': 400, 'min_samples_split': 10, 'min_samples_leaf': 4, 'min_impurity_decrease': 1e-06, 'max_samples': 0.7, 'max_features': None, 'max_depth': 120, 'criterion': 'friedman_mse', 'ccp_alpha': 1e-06, 'bootstrap': True}",-8.116346998656827,-7.645476434440431,-7.564776794110482,-7.132654114434488,-7.715856666733853,-7.635022201675215,0.3148412851819967,10,-5.403158340474596,-5.343574281862278,-5.449498265824075,-5.472606111433559,-5.380481757652665,-5.409863751449435,0.04649743291850107
RandomForest,bootstrap_true,27.052126026153566,2.2050096626550078,3.3191399574279785,1.0229512589862162,200,10,2,0.0,0.7,log2,10,absolute_error,1e-06,True,"{'n_estimators': 200, 'min_samples_split': 10, 'min_samples_leaf': 2, 'min_impurity_decrease': 0.0, 'max_samples': 0.7, 'max_features': 'log2', 'max_depth': 10, 'criterion': 'absolute_error', 'ccp_alpha': 1e-06, 'bootstrap': True}",-19.013135131894483,-17.50691462829736,-18.514093165467617,-18.73926256009615,-17.222586658653853,-18.199198428881893,0.7051735003195061,47,-17.52476577130852,-17.499579621848735,-17.648425750300113,-17.5056274595081,-17.931895275944818,-17.622058775782058,0.1641445688747212
RandomForest,bootstrap_true,156.1236704826355,2.6413031715884943,6.93422384262085,2.0527567849743193,1200,20,1,1e-07,0.5,0.6,80,friedman_mse,1e-06,True,"{'n_estimators': 1200, 'min_samples_split': 20, 'min_samples_leaf': 1, 'min_impurity_decrease': 1e-07, 'max_samples': 0.5, 'max_features': 0.6, 'max_depth': 80, 'criterion': 'friedman_mse', 'ccp_alpha': 1e-06, 'bootstrap': True}",-8.621171761738436,-7.663962541969528,-7.958596279767389,-7.636832233894475,-7.869799364078978,-7.950072436289761,0.35689466868308084,15,-5.928594264942378,-5.765418852784243,-5.896752349234802,-6.010481557948577,-5.840404988972686,-5.888330402776537,0.08248285506491393
RandomForest,bootstrap_true,30.19970440864563,3.246012159553472,5.286086368560791,0.5068630375835785,400,20,16,1e-06,0.7,sqrt,10,squared_error,1e-06,True,"{'n_estimators': 400, 'min_samples_split': 20, 'min_samples_leaf': 16, 'min_impurity_decrease': 1e-06, 'max_samples': 0.7, 'max_features': 'sqrt', 'max_depth': 10, 'criterion': 'squared_error', 'ccp_alpha': 1e-06, 'bootstrap': True}",-16.132142434874304,-15.158077253855202,-15.642569018271672,-16.395277344022055,-14.430108553780638,-15.551634920960774,0.702808587222777,44,-14.830194122908807,-14.939762025375625,-15.041874392232478,-15.411611834968488,-15.317808520837161,-15.108250179264513,0.22183424724565448
RandomForest,bootstrap_true,17.966858291625975,1.208949162451923,4.187595653533935,0.5716447023977673,200,2,16,1e-07,0.9,log2,120,squared_error,0.0,True,"{'n_estimators': 200, 'min_samples_split': 2, 'min_samples_leaf': 16, 'min_impurity_decrease': 1e-07, 'max_samples': 0.9, 'max_features': 'log2', 'max_depth': 120, 'criterion': 'squared_error', 'ccp_alpha': 0.0, 'bootstrap': True}",-22.11104889880855,-20.664075512746056,-21.619448460038633,-21.3875218175901,-19.855442074048447,-21.127507352646358,0.7886553989414128,50,-20.959218045168154,-21.064985450682197,-20.827441961002744,-20.785316788228418,-21.21567157039459,-20.97052676309522,0.15743081190647415
RandomForest,bootstrap_true,276.7986005783081,5.101905881188307,2.552833604812622,0.6849157895127085,400,5,16,1e-05,0.7,,80,absolute_error,0.0,True,"{'n_estimators': 400, 'min_samples_split': 5, 'min_samples_leaf': 16, 'min_impurity_decrease': 1e-05, 'max_samples': 0.7, 'max_features': None, 'max_depth': 80, 'criterion': 'absolute_error', 'ccp_alpha': 0.0, 'bootstrap': True}",-9.894238249400482,-10.073837649880108,-9.173401708633097,-8.992512710336538,-9.057784284855774,-9.4383549206212,0.45287468431486777,33,-8.543612139855943,-8.553445265606252,-8.642865958883553,-8.75756880623875,-8.670764974505103,-8.63365142901792,0.07919336012390998
RandomForest,bootstrap_true,275.5932596206665,12.210401970379305,3.828919506072998,1.4615380267923104,1600,2,2,1e-07,0.7,sqrt,10,absolute_error,0.0,True,"{'n_estimators': 1600, 'min_samples_split': 2, 'min_samples_leaf': 2, 'min_impurity_decrease': 1e-07, 'max_samples': 0.7, 'max_features': 'sqrt', 'max_depth': 10, 'criterion': 'absolute_error', 'ccp_alpha': 0.0, 'bootstrap': True}",-12.366027787769744,-12.135195690947215,-11.694756287470009,-12.248443194110543,-11.195971597055264,-11.928078911470553,0.43075524811075944,41,-10.821316148334287,-11.071735558598409,-10.927749842436956,-10.908102995650848,-11.110049700059951,-10.96779084901609,0.10738979778127611
RandomForest,bootstrap_true,161.10384550094605,2.2310172603810066,7.99878306388855,0.7085584496038535,1200,50,8,1e-07,0.7,,,friedman_mse,1e-06,True,"{'n_estimators': 1200, 'min_samples_split': 50, 'min_samples_leaf': 8, 'min_impurity_decrease': 1e-07, 'max_samples': 0.7, 'max_features': None, 'max_depth': None, 'criterion': 'friedman_mse', 'ccp_alpha': 1e-06, 'bootstrap': True}",-9.844719778464436,-9.355655599261704,-9.178828532017695,-8.62290810372973,-8.891507083542935,-9.178723819403299,0.4162403263314025,28,-8.005893355808523,-8.283669693504422,-8.30394953850599,-8.39926565051054,-8.190398310716803,-8.236635309809255,0.13309528599645273
RandomForest,bootstrap_true,620.7157039165497,6.229507326974218,0.9742831707000732,0.12021575502743338,200,5,2,0.0,0.9,,20,absolute_error,1e-07,True,"{'n_estimators': 200, 'min_samples_split': 5, 'min_samples_leaf': 2, 'min_impurity_decrease': 0.0, 'max_samples': 0.9, 'max_features': None, 'max_depth': 20, 'criterion': 'absolute_error', 'ccp_alpha': 1e-07, 'bootstrap': True}",-7.832043705035975,-7.319282853717027,-7.349084592326142,-7.28164543269231,-7.448064543269227,-7.446024225408136,0.2007467343714711,5,-5.082917962184874,-4.919356662665068,-4.874027130852341,-5.056038962207556,-4.975962822435509,-4.98166070806907,0.07910044641925651
RandomForest,bootstrap_true,634.4273953914642,5.402574451688477,1.1390483856201172,0.2163630035201634,800,50,4,1e-05,0.5,,40,absolute_error,1e-07,True,"{'n_estimators': 800, 'min_samples_split': 50, 'min_samples_leaf': 4, 'min_impurity_decrease': 1e-05, 'max_samples': 0.5, 'max_features': None, 'max_depth': 40, 'criterion': 'absolute_error', 'ccp_alpha': 1e-07, 'bootstrap': True}",-9.167107494004794,-8.791756999400482,-8.482305635491603,-8.066225841346137,-8.376291841947115,-8.576737562438026,0.37536331931395206,23,-7.403649328481402,-7.5229758253301275,-7.587287646308524,-7.508111498950207,-7.57003034268147,-7.518410928350346,0.06435170168295902
RandomForest,bootstrap_true,689.3351984500885,5.860805426654952,1.021603488922119,0.38727821304212956,1600,10,8,1e-06,0.7,0.8,40,absolute_error,1e-06,True,"{'n_estimators': 1600, 'min_samples_split': 10, 'min_samples_leaf': 8, 'min_impurity_decrease': 1e-06, 'max_samples': 0.7, 'max_features': 0.8, 'max_depth': 40, 'criterion': 'absolute_error', 'ccp_alpha': 1e-06, 'bootstrap': True}",-8.944490692446022,-8.926824640287752,-8.469219312050338,-7.860014663461513,-8.440598873197116,-8.528229636288549,0.39744782374630805,21,-7.071789128151238,-7.200317037439948,-7.230349191551608,-7.233400479904011,-7.108224085182946,-7.168815984445951,0.06638583895492099
RandomForest,bootstrap_true,115.13931655883789,2.5866135038853155,9.021825933456421,0.9572454961905849,1200,10,2,0.0,0.7,sqrt,80,squared_error,1e-07,True,"{'n_estimators': 1200, 'min_samples_split': 10, 'min_samples_leaf': 2, 'min_impurity_decrease': 0.0, 'max_samples': 0.7, 'max_features': 'sqrt', 'max_depth': 80, 'criterion': 'squared_error', 'ccp_alpha': 1e-07, 'bootstrap': True}",-10.808596104846956,-10.24747652847209,-10.359676312559188,-10.718688449964064,-9.715764135731433,-10.370040306314745,0.38912551083040886,38,-8.279469758283925,-8.34231157087199,-8.387448116694767,-8.507899017745121,-8.455592815212215,-8.394544255761604,0.08074277330573743
RandomForest,bootstrap_false,32.31532773971558,14.808020903557452,4.286240339279175,2.123196196132762,800,20,2,1e-06,,0.8,10,friedman_mse,1e-05,False,"{'n_estimators': 800, 'min_samples_split': 20, 'min_samples_leaf': 2, 'min_impurity_decrease': 1e-06, 'max_features': 0.8, 'max_depth': 10, 'criterion': 'friedman_mse', 'ccp_alpha': 1e-05, 'bootstrap': False}",-8.86922946447558,-8.599043647600112,-8.593576476417354,-9.264393954996839,-8.648253559510078,-8.794899420599993,0.25547817656215077,25,-7.148329990654345,-7.342145111229929,-7.2360159347457405,-8.139912308231429,-7.312831591957979,-7.4358469873638855,0.35839064667861004
RandomForest,bootstrap_false,20.99659490585327,4.198697094492271,3.7799753189086913,1.8637667891333367,1200,50,8,1e-06,,sqrt,10,squared_error,1e-06,False,"{'n_estimators': 1200, 'min_samples_split': 50, 'min_samples_leaf': 8, 'min_impurity_decrease': 1e-06, 'max_features': 'sqrt', 'max_depth': 10, 'criterion': 'squared_error', 'ccp_alpha': 1e-06, 'bootstrap': False}",-13.481334345890687,-12.972885188005362,-12.977143836690235,-13.220975078077565,-12.07253404558506,-12.944974498849783,0.47472611527296465,40,-12.011779106619311,-12.201053009418118,-12.283964882144314,-12.23737670941081,-12.29151839289634,-12.205138420097779,0.10209694687557547
RandomForest,bootstrap_false,4678.867184972763,177.24635874738385,1.4570322513580323,0.5947972535959888,1200,10,4,0.0,,0.8,,absolute_error,1e-05,False,"{'n_estimators': 1200, 'min_samples_split': 10, 'min_samples_leaf': 4, 'min_impurity_decrease': 0.0, 'max_features': 0.8, 'max_depth': None, 'criterion': 'absolute_error', 'ccp_alpha': 1e-05, 'bootstrap': False}",-7.694253737010427,-6.7083579536370825,-6.758087220223848,-7.053344411057632,-7.624366486378141,-7.167681961661427,0.41896492973729166,12,-3.749120443177279,-3.635014990996394,-3.507721653661484,-3.501243781243743,-3.7017569686062917,-3.618971567537038,0.10028551131619177
RandomForest,bootstrap_false,4425.3340924263,145.42133378220845,1.4360682964324951,0.586120669196911,1200,2,1,1e-06,,0.4,60,absolute_error,0.0,False,"{'n_estimators': 1200, 'min_samples_split': 2, 'min_samples_leaf': 1, 'min_impurity_decrease': 1e-06, 'max_features': 0.4, 'max_depth': 60, 'criterion': 'absolute_error', 'ccp_alpha': 0.0, 'bootstrap': False}",-6.584101588728961,-5.644015067945601,-6.4994147981615304,-6.404817097355694,-6.167027283653884,-6.259875167169134,0.3380575577231047,2,-0.29785150060073134,-0.14018102240937713,-0.12328048219335641,-0.24547879424154093,-0.2436581833637702,-0.21008999656175523,0.06708864018519695
RandomForest,bootstrap_false,12.650126791000366,0.3674170057080398,1.1263029098510742,0.31376729882828835,400,2,2,1e-07,,0.2,20,friedman_mse,0.0,False,"{'n_estimators': 400, 'min_samples_split': 2, 'min_samples_leaf': 2, 'min_impurity_decrease': 1e-07, 'max_features': 0.2, 'max_depth': 20, 'criterion': 'friedman_mse', 'ccp_alpha': 0.0, 'bootstrap': False}",-7.328244648224213,-6.670375126408061,-6.996834955591511,-7.351864358433257,-6.95696286668837,-7.060856391069082,0.254381738257294,9,-3.3448224673165154,-3.1552126649286696,-3.337281742847348,-3.8182121351938387,-3.1490947556480395,-3.3609247531868824,0.24377015256335355
RandomForest,bootstrap_false,21.490689325332642,2.0495574721133734,2.497037982940674,0.5423340462131804,800,5,4,1e-06,,0.2,10,squared_error,0.0,False,"{'n_estimators': 800, 'min_samples_split': 5, 'min_samples_leaf': 4, 'min_impurity_decrease': 1e-06, 'max_features': 0.2, 'max_depth': 10, 'criterion': 'squared_error', 'ccp_alpha': 0.0, 'bootstrap': False}",-8.96006537975925,-8.808935749122005,-8.789910006475347,-8.716596547413626,-8.33045897529107,-8.721193331612259,0.2107961272202768,24,-7.06481791154632,-7.092697708357877,-7.1508571531081975,-7.367946127681478,-7.03992990302441,-7.143249760743656,0.11826105673610214
RandomForest,bootstrap_false,69.29155797958374,3.4601140796912584,7.743460941314697,2.335559597987228,800,5,1,0.0,,log2,10,absolute_error,0.0,False,"{'n_estimators': 800, 'min_samples_split': 5, 'min_samples_leaf': 1, 'min_impurity_decrease': 0.0, 'max_features': 'log2', 'max_depth': 10, 'criterion': 'absolute_error', 'ccp_alpha': 0.0, 'bootstrap': False}",-18.906126798561136,-17.735631894484396,-18.50474890587529,-18.67953100961538,-17.012030033052874,-18.167613728317814,0.6990140152074604,44,-17.042101132953174,-17.337859536314514,-17.11995247599039,-17.116218896220758,-17.222715124475098,-17.167769433190788,0.10265097477741218
RandomForest,bootstrap_false,122.28654952049256,26.44347010869027,15.491385746002198,2.8747629957921315,1600,20,1,1e-05,,sqrt,,squared_error,1e-06,False,"{'n_estimators': 1600, 'min_samples_split': 20, 'min_samples_leaf': 1, 'min_impurity_decrease': 1e-05, 'max_features': 'sqrt', 'max_depth': None, 'criterion': 'squared_error', 'ccp_alpha': 1e-06, 'bootstrap': False}",-9.298661959240913,-8.791642630423182,-8.933584572628213,-9.102638837009522,-8.500181538089505,-8.925341907478266,0.27184806057130184,27,-5.118810510111127,-5.220768863337509,-5.18814391882945,-5.239809258666574,-5.203805082081995,-5.194267526605331,0.041469495011634945
RandomForest,bootstrap_false,3877.4585042476656,150.0980634562537,2.77508225440979,0.6754412552923241,800,2,4,1e-06,,0.8,40,absolute_error,0.0,False,"{'n_estimators': 800, 'min_samples_split': 2, 'min_samples_leaf': 4, 'min_impurity_decrease': 1e-06, 'max_features': 0.8, 'max_depth': 40, 'criterion': 'absolute_error', 'ccp_alpha': 0.0, 'bootstrap': False}",-7.809695773381317,-6.712366546762621,-6.756457434052783,-7.133743164062453,-7.577340955528831,-7.197920774757601,0.4365775710551601,14,-3.5105146983793634,-3.5477037590036007,-3.3679078931572706,-3.2919506223755417,-3.544963062387541,-3.4526080070606633,0.10383712990121922
RandomForest,bootstrap_false,327.51136083602904,25.553424765629078,9.822522258758545,1.5104950405825892,1200,2,4,1e-06,,sqrt,20,absolute_error,1e-07,False,"{'n_estimators': 1200, 'min_samples_split': 2, 'min_samples_leaf': 4, 'min_impurity_decrease': 1e-06, 'max_features': 'sqrt', 'max_depth': 20, 'criterion': 'absolute_error', 'ccp_alpha': 1e-07, 'bootstrap': False}",-9.903905765387657,-9.707690737410047,-9.467671522781737,-9.693851712740347,-8.98736564503204,-9.552097076670366,0.3143636052714633,34,-7.773012740096008,-7.712684548819504,-7.80595970388151,-7.810876839632039,-7.776800039991977,-7.775866774484207,0.03502084864222734
RandomForest,bootstrap_false,103.57115297317505,5.5567860369877655,15.655399465560913,2.07312501906395,1600,2,1,1e-05,,sqrt,,squared_error,0.0,False,"{'n_estimators': 1600, 'min_samples_split': 2, 'min_samples_leaf': 1, 'min_impurity_decrease': 1e-05, 'max_features': 'sqrt', 'max_depth': None, 'criterion': 'squared_error', 'ccp_alpha': 0.0, 'bootstrap': False}",-8.098921738458058,-7.4270003858404,-7.949072515321714,-7.984708253238481,-7.621380077925415,-7.816216594156813,0.25116244084514255,18,-0.04279449255251435,-0.03626979172224841,-0.0415521945583816,-0.031173880792849728,-0.032014816545157886,-0.036761035234230396,0.004761134773672355
RandomForest,bootstrap_false,120.45365195274353,10.925720050925175,14.852118825912475,2.396300567233855,1600,10,16,1e-07,,0.2,10,squared_error,1e-05,False,"{'n_estimators': 1600, 'min_samples_split': 10, 'min_samples_leaf': 16, 'min_impurity_decrease': 1e-07, 'max_features': 0.2, 'max_depth': 10, 'criterion': 'squared_error', 'ccp_alpha': 1e-05, 'bootstrap': False}",-9.966742238575007,-10.015135880632261,-9.509137080121173,-9.358441085785556,-9.094164336763173,-9.588724124375434,0.3545922840490004,35,-8.454166038647182,-8.500676236274447,-8.537450288813911,-8.77021021015821,-8.514173780272513,-8.555335310833254,0.11082256452269064
RandomForest,bootstrap_false,206.89321146011352,16.755240092973903,9.412695932388306,1.196555071518648,1200,20,16,1e-05,,,,friedman_mse,1e-07,False,"{'n_estimators': 1200, 'min_samples_split': 20, 'min_samples_leaf': 16, 'min_impurity_decrease': 1e-05, 'max_features': None, 'max_depth': None, 'criterion': 'friedman_mse', 'ccp_alpha': 1e-07, 'bootstrap': False}",-9.7618206922436,-9.429642836017887,-8.855704357833801,-9.626088918029867,-9.271782784613528,-9.389007917747737,0.3146434111689326,33,-7.397916163131683,-7.632246670404915,-7.88596322025757,-8.302255211180345,-7.318800561512451,-7.707436365297393,0.35726050190576425
RandomForest,bootstrap_false,717.1095828056335,71.43439826141626,2.4943898200988768,1.323285386268173,200,10,16,1e-05,,,120,absolute_error,1e-06,False,"{'n_estimators': 200, 'min_samples_split': 10, 'min_samples_leaf': 16, 'min_impurity_decrease': 1e-05, 'max_features': None, 'max_depth': 120, 'criterion': 'absolute_error', 'ccp_alpha': 1e-06, 'bootstrap': False}",-10.162767565947215,-9.979640287769769,-8.75592985611511,-8.384393329326924,-9.276259014423045,-9.311798010716412,0.6841775149140841,30,-7.632383373349344,-8.040018007202885,-7.535122749099646,-7.814674565086987,-7.595920815836838,-7.723623902115139,0.1836088505407756
RandomForest,bootstrap_false,89.33019189834594,14.888303511565086,13.378887176513672,1.0168731209373587,1600,5,8,1e-05,,log2,80,squared_error,1e-05,False,"{'n_estimators': 1600, 'min_samples_split': 5, 'min_samples_leaf': 8, 'min_impurity_decrease': 1e-05, 'max_features': 'log2', 'max_depth': 80, 'criterion': 'squared_error', 'ccp_alpha': 1e-05, 'bootstrap': False}",-19.053216152265918,-17.700193513287303,-18.553877885332913,-18.50692568885345,-17.18812973389512,-18.200468594726942,0.666497952041186,46,-17.525686636971137,-17.64630253832136,-17.558265303380654,-17.558956305805154,-17.84595033894508,-17.627032224684676,0.11655954193880046
RandomForest,bootstrap_false,575.7603300094604,26.370840374140556,3.4697580337524414,0.9215874189103208,200,10,8,1e-07,,0.4,60,absolute_error,1e-07,False,"{'n_estimators': 200, 'min_samples_split': 10, 'min_samples_leaf': 8, 'min_impurity_decrease': 1e-07, 'max_features': 0.4, 'max_depth': 60, 'criterion': 'absolute_error', 'ccp_alpha': 1e-07, 'bootstrap': False}",-8.365939688249405,-7.722250419664274,-7.622104676258991,-7.208463581730764,-7.577712980769236,-7.699294269334534,0.3759250207953978,17,-5.394955162064823,-5.478966686674673,-5.477923469387754,-5.421996340731852,-5.474141271745652,-5.4495965861209505,0.034684046715982644
RandomForest,bootstrap_false,18.70544171333313,5.093520048541709,3.820386266708374,0.7896661350886314,400,5,8,1e-07,,log2,,squared_error,0.0,False,"{'n_estimators': 400, 'min_samples_split': 5, 'min_samples_leaf': 8, 'min_impurity_decrease': 1e-07, 'max_features': 'log2', 'max_depth': None, 'criterion': 'squared_error', 'ccp_alpha': 0.0, 'bootstrap': False}",-19.15036147976751,-17.787444224391713,-18.4340925095116,-18.585347187813102,-17.304142307662737,-18.252277541829336,0.6427405800787457,48,-17.61024926276237,-17.758889431964107,-17.446793378342566,-17.607997063209623,-17.93166434872324,-17.671118697000377,0.16346193184687471
RandomForest,bootstrap_false,202.45812010765076,6.700729423552751,9.984190034866334,0.8141587588553809,1200,2,8,1e-07,,,10,friedman_mse,1e-07,False,"{'n_estimators': 1200, 'min_samples_split': 2, 'min_samples_leaf': 8, 'min_impurity_decrease': 1e-07, 'max_features': None, 'max_depth': 10, 'criterion': 'friedman_mse', 'ccp_alpha': 1e-07, 'bootstrap': False}",-9.390770358439262,-9.400453614757978,-8.876789421652727,-9.25714531142859,-8.54851068717291,-9.094733878690295,0.33266775892845335,28,-7.6456153385384376,-7.807491679445984,-7.9209452363028605,-8.144915904909196,-7.775933423921037,-7.858980316623503,0.16773269922011508
RandomForest,bootstrap_false,240.84247322082518,28.445883894952118,12.984219121932984,2.079291512900081,1600,50,16,0.0,,0.8,,friedman_mse,1e-05,False,"{'n_estimators': 1600, 'min_samples_split': 50, 'min_samples_leaf': 16, 'min_impurity_decrease': 0.0, 'max_features': 0.8, 'max_depth': None, 'criterion': 'friedman_mse', 'ccp_alpha': 1e-05, 'bootstrap': False}",-9.582095217297297,-9.09036670880064,-8.370434914008047,-8.693882863165568,-8.53232254404724,-8.853820449463758,0.4356468250441339,26,-7.4129172466007205,-7.537583513031026,-7.63272610209694,-8.112355629081826,-7.288996738885023,-7.596915845939106,0.2825422203027682
RandomForest,bootstrap_false,196.8401921749115,11.217349192537768,8.77762713432312,0.6947875091880809,800,10,2,1e-05,,0.6,60,friedman_mse,1e-05,False,"{'n_estimators': 800, 'min_samples_split': 10, 'min_samples_leaf': 2, 'min_impurity_decrease': 1e-05, 'max_features': 0.6, 'max_depth': 60, 'criterion': 'friedman_mse', 'ccp_alpha': 1e-05, 'bootstrap': False}",-6.7755327658843605,-6.178760435890562,-6.162341351649024,-6.262253797972805,-6.6892284916198,-6.413623368603311,0.2638759525963584,3,-2.147339542299939,-2.452680762703722,-2.3427528449115065,-2.2453536318669336,-2.3002649863462086,-2.297678353625662,0.10139406486720083
RandomForest,bootstrap_false,57.40148024559021,4.012489664574061,8.918479776382446,2.4979412536947283,800,20,1,1e-05,,log2,120,squared_error,1e-05,False,"{'n_estimators': 800, 'min_samples_split': 20, 'min_samples_leaf': 1, 'min_impurity_decrease': 1e-05, 'max_features': 'log2', 'max_depth': 120, 'criterion': 'squared_error', 'ccp_alpha': 1e-05, 'bootstrap': False}",-13.05916487425492,-12.219508006254483,-12.782870569081767,-12.8179005803862,-11.578702062396179,-12.49162921847471,0.5330773288997976,39,-8.332720333147508,-8.466808783231066,-8.48132750310328,-8.44470374776162,-8.45190922130094,-8.435493917708882,0.05291130540440626
RandomForest,bootstrap_false,5163.824640512466,50.00111402883138,0.6968087673187255,0.14502571258585392,1600,20,1,1e-07,,0.8,10,absolute_error,1e-05,False,"{'n_estimators': 1600, 'min_samples_split': 20, 'min_samples_leaf': 1, 'min_impurity_decrease': 1e-07, 'max_features': 0.8, 'max_depth': 10, 'criterion': 'absolute_error', 'ccp_alpha': 1e-05, 'bootstrap': False}",-8.889244027278199,-9.0004239283573,-8.61722027128304,-8.375608150540767,-8.529401419771657,-8.682379559446193,0.23052195991771102,23,-7.270918142256878,-7.259766131452553,-6.954472576530657,-7.020641279244112,-7.201687829933997,-7.141497191883639,0.1295720616020606
RandomForest,bootstrap_false,49.942038440704344,19.724507111740902,7.305619096755981,1.8870987264718684,800,2,4,1e-05,,sqrt,40,squared_error,0.0,False,"{'n_estimators': 800, 'min_samples_split': 2, 'min_samples_leaf': 4, 'min_impurity_decrease': 1e-05, 'max_features': 'sqrt', 'max_depth': 40, 'criterion': 'squared_error', 'ccp_alpha': 0.0, 'bootstrap': False}",-10.545979646202971,-10.098961830144964,-10.19978074950757,-10.314875513620528,-9.432933242018917,-10.118506196298991,0.3737090499428833,36,-7.798374851641997,-7.885383817891494,-7.889518751075481,-7.919152332011143,-7.901820867271813,-7.878850123978386,0.04191587106973025
RandomForest,bootstrap_false,79.227618932724,8.187800256211078,5.85344443321228,0.49309353363093084,200,2,1,0.0,,,,squared_error,1e-05,False,"{'n_estimators': 200, 'min_samples_split': 2, 'min_samples_leaf': 1, 'min_impurity_decrease': 0.0, 'max_features': None, 'max_depth': None, 'criterion': 'squared_error', 'ccp_alpha': 1e-05, 'bootstrap': False}",-7.882507789768207,-6.790098872901695,-7.474803193445238,-6.948093088942317,-8.877392417868588,-7.594579072585208,0.7493986662610332,16,-0.03157244897972252,-0.023001800720417957,-0.030293117247034155,-0.01846610677877776,-0.02130613877237555,-0.02492792249966559,0.005128691289361002
RandomForest,bootstrap_false,731.4892764568328,69.08645217139443,2.743295097351074,1.110718805962338,200,50,16,0.0,,,120,absolute_error,1e-05,False,"{'n_estimators': 200, 'min_samples_split': 50, 'min_samples_leaf': 16, 'min_impurity_decrease': 0.0, 'max_features': None, 'max_depth': 120, 'criterion': 'absolute_error', 'ccp_alpha': 1e-05, 'bootstrap': False}",-10.177658513189424,-9.974599999999992,-8.951787889688251,-8.397184915865369,-9.080216346153836,-9.316289532979374,0.6646313994624663,31,-7.908781512605046,-8.278649459783916,-7.8359057923169315,-8.188830233953212,-7.974553089382129,-8.037344017608245,0.16865631748311052
RandomForest,bootstrap_false,56.21521859169006,7.03003128217646,8.846747159957886,2.2808120945962354,800,5,1,1e-05,,log2,10,friedman_mse,1e-07,False,"{'n_estimators': 800, 'min_samples_split': 5, 'min_samples_leaf': 1, 'min_impurity_decrease': 1e-05, 'max_features': 'log2', 'max_depth': 10, 'criterion': 'friedman_mse', 'ccp_alpha': 1e-07, 'bootstrap': False}",-18.90982298041644,-17.903229249679413,-18.662953954162326,-18.46608232898276,-16.999623704753233,-18.188342443598835,0.6807747745515643,45,-16.852378335920967,-17.102560889602472,-17.035493615399858,-16.9311591284154,-17.099554764332122,-17.004229346734164,0.09811367728143656
RandomForest,bootstrap_false,12.790450954437256,2.9010272238850368,2.9897961616516113,1.0310520854763507,200,50,1,0.0,,log2,10,squared_error,0.0,False,"{'n_estimators': 200, 'min_samples_split': 50, 'min_samples_leaf': 1, 'min_impurity_decrease': 0.0, 'max_features': 'log2', 'max_depth': 10, 'criterion': 'squared_error', 'ccp_alpha': 0.0, 'bootstrap': False}",-18.766560801453082,-18.07609730673194,-18.544349637643766,-18.629000748347437,-17.126044022862892,-18.228410503407822,0.5980479899605686,47,-17.134290490649793,-17.725100315593455,-17.285839320448854,-17.411490635271363,-17.66205261789394,-17.44375467597148,0.2229599382000417
RandomForest,bootstrap_false,127.19637212753295,9.507348607559903,6.815975761413574,0.5657401911569343,400,20,2,1e-05,,0.8,40,squared_error,1e-07,False,"{'n_estimators': 400, 'min_samples_split': 20, 'min_samples_leaf': 2, 'min_impurity_decrease': 1e-05, 'max_features': 0.8, 'max_depth': 40, 'criterion': 'squared_error', 'ccp_alpha': 1e-07, 'bootstrap': False}",-7.204387826911007,-6.565032250471874,-6.7879097927465635,-6.898127775201153,-7.3158292953507145,-6.954257388136263,0.274086754228797,8,-3.4359859668476846,-3.7686659184236952,-3.826337590290388,-3.5864606639882854,-3.703590189673098,-3.6642080658446305,0.13919652460148674
RandomForest,bootstrap_false,4990.940300083161,105.16061830207191,1.0491089344024658,0.3288250404861722,1600,20,1,1e-07,,0.4,120,absolute_error,0.0,False,"{'n_estimators': 1600, 'min_samples_split': 20, 'min_samples_leaf': 1, 'min_impurity_decrease': 1e-07, 'max_features': 0.4, 'max_depth': 120, 'criterion': 'absolute_error', 'ccp_alpha': 0.0, 'bootstrap': False}",-7.422692236210969,-6.164568869904058,-6.758959052757831,-6.723194110576873,-6.392354492187473,-6.69235375232744,0.42599017194833444,5,-2.382414450780276,-2.311605019507744,-2.20922782487993,-2.223376653419316,-2.186246625674826,-2.2625741148524185,0.07344915107393041
RandomForest,bootstrap_false,145.9160237312317,4.2132776768260065,9.46634645462036,0.6078289292779516,1200,5,2,0.0,,0.4,10,friedman_mse,1e-06,False,"{'n_estimators': 1200, 'min_samples_split': 5, 'min_samples_leaf': 2, 'min_impurity_decrease': 0.0, 'max_features': 0.4, 'max_depth': 10, 'criterion': 'friedman_mse', 'ccp_alpha': 1e-06, 'bootstrap': False}",-8.797551086225928,-8.575178545750855,-8.470321388453515,-8.816995286575208,-8.34281831314431,-8.600572924029962,0.18422096069274263,21,-6.558060457184984,-6.713127260489529,-6.6533176647322465,-7.236051192849806,-6.656211163652767,-6.7633535477818665,0.24153607708586525
RandomForest,bootstrap_false,2523.191420507431,218.85248340181676,2.2722567081451417,0.4853978060542851,200,2,1,0.0,,0.8,60,absolute_error,1e-06,False,"{'n_estimators': 200, 'min_samples_split': 2, 'min_samples_leaf': 1, 'min_impurity_decrease': 0.0, 'max_features': 0.8, 'max_depth': 60, 'criterion': 'absolute_error', 'ccp_alpha': 1e-06, 'bootstrap': False}",-7.007131534772185,-5.938451798561164,-6.958891306954438,-7.228825240384613,-6.643379206730769,-6.755335817480633,0.44919081406454703,6,-0.33867061824740496,-0.1939022208884549,-0.08680858343347071,-0.28642081583694873,-0.28115542891433054,-0.23739153346412198,0.08847954253695967
RandomForest,bootstrap_false,25.182001304626464,4.22065923377312,6.7476684093475345,0.4281990735577949,200,5,8,0.0,,sqrt,60,friedman_mse,0.0,False,"{'n_estimators': 200, 'min_samples_split': 5, 'min_samples_leaf': 8, 'min_impurity_decrease': 0.0, 'max_features': 'sqrt', 'max_depth': 60, 'criterion': 'friedman_mse', 'ccp_alpha': 0.0, 'bootstrap': False}",-12.153446860723182,-11.812929314101682,-11.83652894172427,-11.954204831487601,-10.755841829381943,-11.702590355483736,0.48847281095273865,37,-10.280090685454509,-10.365669874485452,-10.522796010599043,-10.49346972552526,-10.41556275062235,-10.415517809337322,0.08764751932052384
RandomForest,bootstrap_false,62.56513876914978,2.2683062284589703,5.718626499176025,0.7904495648012403,200,20,4,0.0,,0.6,60,squared_error,0.0,False,"{'n_estimators': 200, 'min_samples_split': 20, 'min_samples_leaf': 4, 'min_impurity_decrease': 0.0, 'max_features': 0.6, 'max_depth': 60, 'criterion': 'squared_error', 'ccp_alpha': 0.0, 'bootstrap': False}",-7.741010404273169,-6.903922126898502,-6.90508499810839,-6.794875170220404,-7.368034609011247,-7.142585461702343,0.3586666514474676,10,-4.462503709772993,-4.331845724988392,-4.4152564812374,-4.48157886864545,-4.396670090071658,-4.417570974943179,0.052738948538674675
RandomForest,bootstrap_false,43.64199390411377,1.5579278778263053,7.2587363719940186,0.4909903500834104,400,10,8,1e-06,,log2,80,squared_error,0.0,False,"{'n_estimators': 400, 'min_samples_split': 10, 'min_samples_leaf': 8, 'min_impurity_decrease': 1e-06, 'max_features': 'log2', 'max_depth': 80, 'criterion': 'squared_error', 'ccp_alpha': 0.0, 'bootstrap': False}",-19.164229975832857,-17.789859849815983,-18.436365869178648,-18.58976852744525,-17.30286081967303,-18.256617008389153,0.6472362781658766,49,-17.62315540077896,-17.7590971268237,-17.448001902767704,-17.61117823345184,-17.924774926362446,-17.673241518036928,0.15983341064126455
RandomForest,bootstrap_false,191.00048656463622,4.851548695496514,9.662481784820557,2.0383224217212876,1600,5,1,1e-06,,0.4,10,friedman_mse,1e-07,False,"{'n_estimators': 1600, 'min_samples_split': 5, 'min_samples_leaf': 1, 'min_impurity_decrease': 1e-06, 'max_features': 0.4, 'max_depth': 10, 'criterion': 'friedman_mse', 'ccp_alpha': 1e-07, 'bootstrap': False}",-8.87958345813465,-8.598351286508727,-8.625314331932483,-8.758327972369555,-8.407959168679422,-8.653907243524966,0.1588885879643635,22,-6.612486896840517,-6.694729493253158,-6.733404043210807,-7.227621838400322,-6.626043561472501,-6.778857166635461,0.22872002408033412
RandomForest,bootstrap_false,128.8485827445984,4.87702179396476,11.356514596939087,1.5605793582869825,1600,2,8,1e-05,,sqrt,20,friedman_mse,1e-07,False,"{'n_estimators': 1600, 'min_samples_split': 2, 'min_samples_leaf': 8, 'min_impurity_decrease': 1e-05, 'max_features': 'sqrt', 'max_depth': 20, 'criterion': 'friedman_mse', 'ccp_alpha': 1e-07, 'bootstrap': False}",-12.206593085282762,-11.771571397290009,-11.783323002295495,-11.959181478985208,-10.85046225690243,-11.714226244151181,0.45969103266453093,38,-10.28741052152827,-10.443656429565955,-10.535958814392222,-10.528018386502504,-10.44129060212333,-10.447266950822456,0.08943139451229752
RandomForest,bootstrap_false,24.797607517242433,1.3762517865433848,5.917136907577515,0.7697686759220685,200,20,2,1e-05,,log2,40,squared_error,1e-05,False,"{'n_estimators': 200, 'min_samples_split': 20, 'min_samples_leaf': 2, 'min_impurity_decrease': 1e-05, 'max_features': 'log2', 'max_depth': 40, 'criterion': 'squared_error', 'ccp_alpha': 1e-05, 'bootstrap': False}",-15.06806316767478,-14.041001735851346,-14.471413258281583,-14.609974830972817,-13.45974432750894,-14.330039464057894,0.5447909286085708,42,-12.328519748787315,-12.34593015516785,-12.222353936889597,-12.394158985750089,-12.505249315862487,-12.359242428491466,0.0920833708471299
RandomForest,bootstrap_false,33.81833915710449,1.7219038121024943,6.003834199905396,0.4043684760267871,400,10,2,1e-07,,log2,40,squared_error,0.0,False,"{'n_estimators': 400, 'min_samples_split': 10, 'min_samples_leaf': 2, 'min_impurity_decrease': 1e-07, 'max_features': 'log2', 'max_depth': 40, 'criterion': 'squared_error', 'ccp_alpha': 0.0, 'bootstrap': False}",-14.897827571024708,-14.159584815732517,-14.598719625621243,-14.725286844032068,-13.507544309865022,-14.377792633255112,0.49898779443423436,43,-11.991086040192439,-12.228920319257089,-12.129883403544227,-12.229366106436304,-12.275671630462595,-12.170985499978531,0.10176160609342368
RandomForest,bootstrap_false,5057.1025484085085,17.4651427136321,0.5392051219940186,0.09930968056075165,1600,20,2,1e-06,,0.6,80,absolute_error,0.0,False,"{'n_estimators': 1600, 'min_samples_split': 20, 'min_samples_leaf': 2, 'min_impurity_decrease': 1e-06, 'max_features': 0.6, 'max_depth': 80, 'criterion': 'absolute_error', 'ccp_alpha': 0.0, 'bootstrap': False}",-7.542947774280518,-6.368645810851352,-6.79862233962832,-7.103765181790852,-6.6997858623798106,-6.9027533937861705,0.3968789712562435,7,-3.4172273859543467,-3.3725824467286527,-2.9843617009303562,-3.060287559988011,-3.2464989052189392,-3.2161915997640613,0.1696132003819997
RandomForest,bootstrap_false,1192.9839809417724,65.54250113861907,2.7895914554595946,1.0706298697368928,400,5,1,0.0,,0.2,60,absolute_error,1e-05,False,"{'n_estimators': 400, 'min_samples_split': 5, 'min_samples_leaf': 1, 'min_impurity_decrease': 0.0, 'max_features': 0.2, 'max_depth': 60, 'criterion': 'absolute_error', 'ccp_alpha': 1e-05, 'bootstrap': False}",-6.624305185851306,-5.688855995203837,-6.482634952038364,-6.221141105769229,-6.2009113281250015,-6.243569713397548,0.3200443024762272,1,-0.6092938475390127,-0.5154094087635103,-0.523381317527016,-0.6211471055788913,-0.5510391421715823,-0.5640541643160025,0.04358030837492508
RandomForest,bootstrap_false,68.30754308700561,3.103449059330854,6.202104997634888,0.16733135930596305,200,5,4,1e-06,,0.8,60,squared_error,1e-07,False,"{'n_estimators': 200, 'min_samples_split': 5, 'min_samples_leaf': 4, 'min_impurity_decrease': 1e-06, 'max_features': 0.8, 'max_depth': 60, 'criterion': 'squared_error', 'ccp_alpha': 1e-07, 'bootstrap': False}",-7.648405563406418,-6.974911397025238,-6.703980617981807,-6.9128827229281065,-7.617080088999544,-7.1714520780682225,0.38732024682957106,13,-3.2326986180900956,-3.2601154295289567,-3.2718713992025434,-3.072235980232527,-3.196338040249088,-3.2066518934606423,0.0720616108327951
RandomForest,bootstrap_false,153.04540567398072,8.175471768175449,8.636579895019532,1.711207952849361,1200,10,2,1e-05,,0.2,120,squared_error,1e-05,False,"{'n_estimators': 1200, 'min_samples_split': 10, 'min_samples_leaf': 2, 'min_impurity_decrease': 1e-05, 'max_features': 0.2, 'max_depth': 120, 'criterion': 'squared_error', 'ccp_alpha': 1e-05, 'bootstrap': False}",-6.950656532520006,-6.3716256764271275,-6.537657449188235,-6.501165382661276,-6.6416231969094275,-6.600545647541215,0.19519257801325107,4,-2.5202843987256203,-2.692548531031466,-2.623637682922347,-2.6341154561771605,-2.6069922973951405,-2.6155156732503473,0.05565541074780728
RandomForest,bootstrap_false,120.44592642784119,4.450397891548369,9.19534592628479,1.4274085081779118,1600,2,2,0.0,,log2,60,squared_error,1e-05,False,"{'n_estimators': 1600, 'min_samples_split': 2, 'min_samples_leaf': 2, 'min_impurity_decrease': 0.0, 'max_features': 'log2', 'max_depth': 60, 'criterion': 'squared_error', 'ccp_alpha': 1e-05, 'bootstrap': False}",-14.776493544792205,-13.91123903630285,-14.442693034812747,-14.48476081190173,-13.328657571503964,-14.1887687998627,0.5127032784952111,41,-11.625876372668687,-11.734896078266079,-11.683622976039773,-11.755038202105219,-11.81327837306314,-11.72254240042858,0.0637191489746877
RandomForest,bootstrap_false,84.05890021324157,4.468503943734765,9.521861362457276,0.7206705427592875,1200,50,4,1e-06,,log2,10,squared_error,1e-06,False,"{'n_estimators': 1200, 'min_samples_split': 50, 'min_samples_leaf': 4, 'min_impurity_decrease': 1e-06, 'max_features': 'log2', 'max_depth': 10, 'criterion': 'squared_error', 'ccp_alpha': 1e-06, 'bootstrap': False}",-19.494515944693326,-18.235073339332008,-19.033488879383317,-18.918646287852415,-17.481355039978993,-18.632615898248012,0.7026842634890567,50,-18.001835911907424,-18.1367297118456,-17.982054111575657,-17.956588857336982,-18.23334057170111,-18.062109832873354,0.10589110689437627
RandomForest,bootstrap_false,1598.0053308010101,117.88136357968813,2.3378154277801513,1.0066383202173796,400,20,8,0.0,,0.8,120,absolute_error,1e-06,False,"{'n_estimators': 400, 'min_samples_split': 20, 'min_samples_leaf': 8, 'min_impurity_decrease': 0.0, 'max_features': 0.8, 'max_depth': 120, 'criterion': 'absolute_error', 'ccp_alpha': 1e-06, 'bootstrap': False}",-8.31736582733814,-8.008544034772175,-7.743614508393267,-7.717676622596185,-7.82721150841346,-7.922882500302646,0.22197044742678135,19,-5.506343052220892,-5.714116176470579,-5.540892752100842,-5.382196490701856,-5.6195976004799,-5.5526292143948135,0.11125670345347247
RandomForest,bootstrap_false,57.34101576805115,3.4370658568290917,6.473426771163941,1.11697949674816,400,10,16,0.0,,0.2,60,friedman_mse,0.0,False,"{'n_estimators': 400, 'min_samples_split': 10, 'min_samples_leaf': 16, 'min_impurity_decrease': 0.0, 'max_features': 0.2, 'max_depth': 60, 'criterion': 'friedman_mse', 'ccp_alpha': 0.0, 'bootstrap': False}",-9.644244572673797,-9.701156130713487,-9.185332203294998,-9.202229661563129,-8.951564150669853,-9.336905343783053,0.28869909206761146,32,-7.893011313474765,-8.041987598407655,-8.04512621408368,-8.230519625019598,-7.988531344554775,-8.039835219108095,0.11007498974055054
RandomForest,bootstrap_false,183.4797312736511,11.43873927555897,3.5401570320129396,1.6884407538273185,400,50,2,0.0,,sqrt,80,absolute_error,1e-06,False,"{'n_estimators': 400, 'min_samples_split': 50, 'min_samples_leaf': 2, 'min_impurity_decrease': 0.0, 'max_features': 'sqrt', 'max_depth': 80, 'criterion': 'absolute_error', 'ccp_alpha': 1e-06, 'bootstrap': False}",-9.445376798561155,-9.201688639088736,-8.940382523980821,-9.195965835336537,-8.711417247596154,-9.098966208912682,0.25111913680654907,29,-7.209735759303722,-7.2841425270108155,-7.267023994597843,-7.346802339532087,-7.2529304439112225,-7.272127012871138,0.04473923237831464
RandomForest,bootstrap_false,3729.2706693172454,115.74573827916888,1.715306043624878,0.30841192257540134,1200,20,4,1e-05,,0.6,,absolute_error,0.0,False,"{'n_estimators': 1200, 'min_samples_split': 20, 'min_samples_leaf': 4, 'min_impurity_decrease': 1e-05, 'max_features': 0.6, 'max_depth': None, 'criterion': 'absolute_error', 'ccp_alpha': 0.0, 'bootstrap': False}",-7.7925949540367325,-6.897417336131075,-6.942398880895307,-6.79244756610575,-7.369539993990344,-7.158879746231841,0.37295356391202017,11,-4.4307355842336875,-4.438209833933565,-4.23091676670668,-4.136535882823468,-4.328588402319519,-4.312997294003384,0.11632661810399224
RandomForest,bootstrap_false,36.224715328216554,0.8834994283296191,4.154342079162598,1.080777206297712,200,2,8,1e-05,,0.2,60,squared_error,1e-05,False,"{'n_estimators': 200, 'min_samples_split': 2, 'min_samples_leaf': 8, 'min_impurity_decrease': 1e-05, 'max_features': 0.2, 'max_depth': 60, 'criterion': 'squared_error', 'ccp_alpha': 1e-05, 'bootstrap': False}",-8.679040838389414,-8.108741041423146,-8.023807334698434,-7.803337059245426,-7.991313570574241,-8.121247968866133,0.29622095807941207,20,-5.950331580065645,-6.057813375621426,-6.035203926497751,-6.050901885033927,-5.92628588629459,-6.004107330702668,0.05475230846686638
RandomForest,bootstrap_false,263.43836493492125,18.88239766812083,4.969627618789673,2.4976332884197756,1600,50,2,1e-07,,0.6,40,squared_error,1e-06,False,"{'n_estimators': 1600, 'min_samples_split': 50, 'min_samples_leaf': 2, 'min_impurity_decrease': 1e-07, 'max_features': 0.6, 'max_depth': 40, 'criterion': 'squared_error', 'ccp_alpha': 1e-06, 'bootstrap': False}",-8.180879472890044,-7.061849511469843,-7.23379948528954,-7.16172718421547,-7.624594639498495,-7.452570058672679,0.4111300880872968,15,-5.232909525819635,-5.068852092563517,-5.212509303239346,-5.257227701291957,-5.159557011435709,-5.186211126870033,0.06693171623434828
