mean_fit_time,mean_score_time,mean_test_score,mean_train_score,param_bootstrap,param_ccp_alpha,param_criterion,param_max_depth,param_max_features,param_max_samples,param_min_impurity_decrease,param_min_samples_leaf,param_min_samples_split,param_n_estimators,params,rank_test_score,rf_branch,split0_test_score,split0_train_score,split1_test_score,split1_train_score,split2_test_score,split2_train_score,split3_test_score,split3_train_score,split4_test_score,split4_train_score,std_fit_time,std_score_time,std_test_score,std_train_score
264.1036323547363,9.151674795150758,-7.191509901612356,-6.25838387544249,True,0.0,absolute_error,60.0,0.4,0.5,1e-05,8,5,1200,"{'n_estimators': 1200, 'min_samples_split': 5, 'min_samples_leaf': 8, 'min_impurity_decrease': 1e-05, 'max_samples': 0.5, 'max_features': 0.4, 'max_depth': 60, 'criterion': 'absolute_error', 'ccp_alpha': 0.0, 'bootstrap': True}",61,bootstrap_true,-7.91414185651478,-6.093398104241686,-7.426890417665866,-6.301368920068021,-7.209884872102315,-6.326438955582225,-6.670514623397417,-6.2559383223355205,-6.736117738381408,-6.314775074984998,40.07887617928069,2.3428112106706744,0.4597296317138251,0.0858900003595886
7.083824157714844,0.7235709667205811,-5.031198722844328,-2.849539476967496,True,1e-05,squared_error,,0.8,0.7,1e-07,2,5,200,"{'n_estimators': 200, 'min_samples_split': 5, 'min_samples_leaf': 2, 'min_impurity_decrease': 1e-07, 'max_samples': 0.7, 'max_features': 0.8, 'max_depth': None, 'criterion': 'squared_error', 'ccp_alpha': 1e-05, 'bootstrap': True}",13,bootstrap_true,-5.590785577226199,-2.7418660208334917,-4.771698336017502,-2.875299779188896,-4.983176975454271,-2.873018485292386,-4.916241645727735,-2.847919403379566,-4.894091079795936,-2.909593696143141,2.074373015906238,0.3199967098247568,0.2880269508029204,0.0573019441860855
440.7477088928223,5.692814064025879,-6.154101611636174,-4.398309342499903,True,0.0,absolute_error,80.0,0.2,0.9,1e-05,4,5,800,"{'n_estimators': 800, 'min_samples_split': 5, 'min_samples_leaf': 4, 'min_impurity_decrease': 1e-05, 'max_samples': 0.9, 'max_features': 0.2, 'max_depth': 80, 'criterion': 'absolute_error', 'ccp_alpha': 0.0, 'bootstrap': True}",36,bootstrap_true,-6.853439718225424,-4.296832221638658,-6.181162694844118,-4.411907101590641,-6.255689133693053,-4.4889866634153694,-5.666989122596159,-4.323790476904622,-5.813227388822119,-4.470030248950223,17.523006702303547,0.2958721981072112,0.4131827505953572,0.0766835463325047
789.1244868278503,1.2725004196166991,-6.306368768826279,-5.018379944103012,True,1e-07,absolute_error,120.0,0.6,0.9,1e-06,8,10,1200,"{'n_estimators': 1200, 'min_samples_split': 10, 'min_samples_leaf': 8, 'min_impurity_decrease': 1e-06, 'max_samples': 0.9, 'max_features': 0.6, 'max_depth': 120, 'criterion': 'absolute_error', 'ccp_alpha': 1e-07, 'bootstrap': True}",42,bootstrap_true,-7.157478137489997,-4.894161154461777,-6.357820443645073,-5.063746508603434,-6.230949760191857,-5.060318102240894,-5.827204947916656,-4.947810300439912,-5.958390554887815,-5.125863654769046,8.790519027966186,0.3509188168946707,0.4654909803157787,0.0845932203521995
102.63452415466308,11.994893789291382,-5.5715969891989605,-3.643012909524569,True,1e-07,squared_error,40.0,0.4,0.9,1e-07,4,2,1200,"{'n_estimators': 1200, 'min_samples_split': 2, 'min_samples_leaf': 4, 'min_impurity_decrease': 1e-07, 'max_samples': 0.9, 'max_features': 0.4, 'max_depth': 40, 'criterion': 'squared_error', 'ccp_alpha': 1e-07, 'bootstrap': True}",25,bootstrap_true,-6.243773072499269,-3.539028632296349,-5.485850107613949,-3.662374293967081,-5.447563162470334,-3.6423797220336502,-5.323672130967542,-3.6644567531924985,-5.357126472443706,-3.706825146133267,11.04153873885834,1.1544443302366962,0.3411808736496753,0.0560710870536032
97.614462184906,9.292554044723513,-5.479881393485084,-3.929769930511824,True,1e-06,friedman_mse,80.0,,0.7,1e-07,2,20,800,"{'n_estimators': 800, 'min_samples_split': 20, 'min_samples_leaf': 2, 'min_impurity_decrease': 1e-07, 'max_samples': 0.7, 'max_features': None, 'max_depth': 80, 'criterion': 'friedman_mse', 'ccp_alpha': 1e-06, 'bootstrap': True}",22,bootstrap_true,-6.211016981874259,-3.8795178323636073,-5.116539024401689,-3.90599404149848,-5.420575991070292,-3.8855816722028735,-5.371431168800772,-3.976326199075965,-5.279843801278409,-4.001429907418191,8.166673713379573,0.5942013155256277,0.3799659316480417,0.0496906568116961
752.7739813327789,2.4892270088195803,-6.15191462213401,-4.274840957480456,True,0.0,absolute_error,40.0,0.2,0.7,1e-06,1,20,1200,"{'n_estimators': 1200, 'min_samples_split': 20, 'min_samples_leaf': 1, 'min_impurity_decrease': 1e-06, 'max_samples': 0.7, 'max_features': 0.2, 'max_depth': 40, 'criterion': 'absolute_error', 'ccp_alpha': 0.0, 'bootstrap': True}",35,bootstrap_true,-6.880159672262177,-4.196137072328916,-6.0326578936850535,-4.288983143257285,-6.1988558952837485,-4.307318717486972,-5.773032401842912,-4.207191336732641,-5.8748672475961605,-4.374574517596468,13.46658633780323,0.6515197542035382,0.3916818831736977,0.0662908169391074
21.80317611694336,4.717061614990234,-5.894522719869092,-4.486655011103039,True,1e-05,squared_error,120.0,0.6,0.5,1e-07,4,5,200,"{'n_estimators': 200, 'min_samples_split': 5, 'min_samples_leaf': 4, 'min_impurity_decrease': 1e-07, 'max_samples': 0.5, 'max_features': 0.6, 'max_depth': 120, 'criterion': 'squared_error', 'ccp_alpha': 1e-05, 'bootstrap': True}",31,bootstrap_true,-6.485222597620538,-4.322497510113935,-5.86925681392648,-4.519846779738411,-5.768571892830119,-4.532071652878226,-5.765580743125063,-4.517666731814929,-5.583981551843257,-4.541192380969696,7.766776671893936,1.1851083009993155,0.3093509892714046,0.082520423556538
19.912011432647702,4.85402774810791,-12.636602584467148,-9.739038811344653,True,0.0,squared_error,80.0,log2,0.7,1e-05,1,10,400,"{'n_estimators': 400, 'min_samples_split': 10, 'min_samples_leaf': 1, 'min_impurity_decrease': 1e-05, 'max_samples': 0.7, 'max_features': 'log2', 'max_depth': 80, 'criterion': 'squared_error', 'ccp_alpha': 0.0, 'bootstrap': True}",83,bootstrap_true,-13.291135242922149,-9.657640680512827,-12.350839883329826,-9.747405269804158,-12.860562260953854,-9.809783505571394,-12.955569743145364,-9.685910271302069,-11.724905791984543,-9.794454329532812,11.253010140183212,2.236467258720642,0.5464727529851456,0.0593194513029634
102.4227126121521,6.965146684646607,-11.829032115975474,-11.16363550217581,True,0.0,absolute_error,120.0,sqrt,0.7,1e-06,8,10,800,"{'n_estimators': 800, 'min_samples_split': 10, 'min_samples_leaf': 8, 'min_impurity_decrease': 1e-06, 'max_samples': 0.7, 'max_features': 'sqrt', 'max_depth': 120, 'criterion': 'absolute_error', 'ccp_alpha': 0.0, 'bootstrap': True}",80,bootstrap_true,-12.489652083333318,-11.049662965186066,-11.62678436750598,-10.997680769807909,-11.757087320143874,-11.239866900510188,-12.214658834134598,-11.213550419916,-11.056977974759604,-11.317416455458892,15.64642998148592,1.2737476143921092,0.4954340540186675,0.120401012521372
181.5316301345825,3.4383050441741942,-5.989918227091403,-4.377107915769786,True,1e-06,absolute_error,,0.4,0.7,1e-05,4,5,200,"{'n_estimators': 200, 'min_samples_split': 5, 'min_samples_leaf': 4, 'min_impurity_decrease': 1e-05, 'max_samples': 0.7, 'max_features': 0.4, 'max_depth': None, 'criterion': 'absolute_error', 'ccp_alpha': 1e-06, 'bootstrap': True}",33,bootstrap_true,-6.763619964028776,-4.288648724489795,-5.890908213429255,-4.3361760954381765,-6.050259472422063,-4.458153121248498,-5.469292548076918,-4.298866736652667,-5.775510937499997,-4.503694901019794,18.41691687730121,1.1983531486478456,0.431063802681823,0.0874239266024796
427.269881439209,6.4476464748382565,-7.774502988205581,-7.215508233450239,True,0.0,absolute_error,10.0,,0.5,1e-05,16,50,1200,"{'n_estimators': 1200, 'min_samples_split': 50, 'min_samples_leaf': 16, 'min_impurity_decrease': 1e-05, 'max_samples': 0.5, 'max_features': None, 'max_depth': 10, 'criterion': 'absolute_error', 'ccp_alpha': 0.0, 'bootstrap': True}",67,bootstrap_true,-8.9119470323741,-7.1832593637454885,-7.814545803357306,-7.193566974289709,-7.5873083633093295,-7.241849469787905,-7.295865755208316,-7.151245580883805,-7.262847986778859,-7.307619778544287,7.0795917541054525,0.755592377574295,0.6035409927330562,0.0544600669060683
117.9436252593994,8.594540977478028,-6.456535107254974,-5.136640429082329,True,0.0,friedman_mse,20.0,0.4,0.9,1e-07,8,2,1200,"{'n_estimators': 1200, 'min_samples_split': 2, 'min_samples_leaf': 8, 'min_impurity_decrease': 1e-07, 'max_samples': 0.9, 'max_features': 0.4, 'max_depth': 20, 'criterion': 'friedman_mse', 'ccp_alpha': 0.0, 'bootstrap': True}",44,bootstrap_true,-7.020949433694299,-4.966473907180996,-6.5688169541903205,-5.166281931444392,-6.353694634388012,-5.15709573660885,-6.2884440909833454,-5.23729562745399,-6.050770423018896,-5.156054942723414,3.210990186077017,0.6140167822752901,0.3270004515669981,0.0902907257069516
9.187085962295532,2.093449163436889,-19.180370519832515,-18.9298247246174,True,0.0,friedman_mse,60.0,log2,0.7,1e-06,8,10,200,"{'n_estimators': 200, 'min_samples_split': 10, 'min_samples_leaf': 8, 'min_impurity_decrease': 1e-06, 'max_samples': 0.7, 'max_features': 'log2', 'max_depth': 60, 'criterion': 'friedman_mse', 'ccp_alpha': 0.0, 'bootstrap': True}",99,bootstrap_true,-19.798487187974175,-18.599807550719916,-18.34118101283683,-18.74054632053099,-19.71734099501493,-18.899388273923343,-19.933738820539894,-19.18130205619448,-18.11110458279676,-19.22807942171825,4.784356996385474,1.434510106560094,0.7855619613906368,0.2440740623218625
61.55748529434205,5.72203950881958,-6.487626943183045,-4.916507685807227,True,1e-07,squared_error,80.0,0.2,0.7,1e-07,2,20,800,"{'n_estimators': 800, 'min_samples_split': 20, 'min_samples_leaf': 2, 'min_impurity_decrease': 1e-07, 'max_samples': 0.7, 'max_features': 0.2, 'max_depth': 80, 'criterion': 'squared_error', 'ccp_alpha': 1e-07, 'bootstrap': True}",47,bootstrap_true,-7.158309058580846,-4.843336988101609,-6.424246318539042,-4.918994818121645,-6.583076279034508,-4.954597761744077,-6.194515757279998,-4.903925615978618,-6.07798730248083,-4.961683245090185,5.238708612263526,2.235994034434858,0.3785923881288024,0.0424502776255972
19.794536972045897,2.7853477954864503,-6.301073006497982,-5.181160581361529,True,0.0,squared_error,40.0,0.8,0.7,0.0,8,20,200,"{'n_estimators': 200, 'min_samples_split': 20, 'min_samples_leaf': 8, 'min_impurity_decrease': 0.0, 'max_samples': 0.7, 'max_features': 0.8, 'max_depth': 40, 'criterion': 'squared_error', 'ccp_alpha': 0.0, 'bootstrap': True}",41,bootstrap_true,-6.922112243794261,-4.962179085200278,-6.178587535378492,-5.205831115501273,-6.178685599852841,-5.247546687880835,-6.228264016821673,-5.2660383799064885,-5.997715636642647,-5.224207638318767,4.232453872845579,0.5811630694452063,0.3203117060069649,0.111378575904948
156.76543464660645,4.663323974609375,-7.146959618929857,-6.375601608216771,True,1e-07,absolute_error,40.0,,0.7,1e-06,16,20,200,"{'n_estimators': 200, 'min_samples_split': 20, 'min_samples_leaf': 16, 'min_impurity_decrease': 1e-06, 'max_samples': 0.7, 'max_features': None, 'max_depth': 40, 'criterion': 'absolute_error', 'ccp_alpha': 1e-07, 'bootstrap': True}",58,bootstrap_true,-8.444403836930457,-6.371555282112844,-7.107318405275776,-6.378378736494597,-6.8925953836930445,-6.384420468187272,-6.596753545673076,-6.277750674865027,-6.693726923076928,-6.465902879424116,46.56383544238216,0.5702777929000147,0.6719792687947338,0.0597176393154651
24.64868030548096,5.136835432052612,-18.013141071507633,-17.5691512540704,True,0.0,squared_error,120.0,log2,0.5,1e-06,4,50,200,"{'n_estimators': 200, 'min_samples_split': 50, 'min_samples_leaf': 4, 'min_impurity_decrease': 1e-06, 'max_samples': 0.5, 'max_features': 'log2', 'max_depth': 120, 'criterion': 'squared_error', 'ccp_alpha': 0.0, 'bootstrap': True}",97,bootstrap_true,-18.66949473776247,-17.26162649970542,-17.37987045506626,-17.49778221751975,-18.3653528744811,-17.44935640675334,-18.54007717010401,-17.700716637377614,-17.11091012012433,-17.936274508995883,5.095224274715243,1.3932099700478844,0.6399323877795229,0.23069666393816
539.404551076889,2.9593814849853515,-6.147610815708012,-4.869980908112497,True,1e-05,absolute_error,60.0,0.8,0.9,1e-07,8,2,400,"{'n_estimators': 400, 'min_samples_split': 2, 'min_samples_leaf': 8, 'min_impurity_decrease': 1e-07, 'max_samples': 0.9, 'max_features': 0.8, 'max_depth': 60, 'criterion': 'absolute_error', 'ccp_alpha': 1e-05, 'bootstrap': True}",34,bootstrap_true,-7.041111031175059,-4.73128284813926,-6.114943764988015,-4.898257337935176,-6.05772353117506,-4.8836914315726245,-5.729034525240388,-4.819886705158965,-5.795241225961537,-5.016786217756457,24.097740260159807,0.3723483163927324,0.470501845667548,0.0941126079615433
931.3171672344208,0.5998783111572266,-5.682031134358114,-3.5107369346652417,True,1e-07,absolute_error,20.0,0.4,0.7,1e-05,1,2,1600,"{'n_estimators': 1600, 'min_samples_split': 2, 'min_samples_leaf': 1, 'min_impurity_decrease': 1e-05, 'max_samples': 0.7, 'max_features': 0.4, 'max_depth': 20, 'criterion': 'absolute_error', 'ccp_alpha': 1e-07, 'bootstrap': True}",29,bootstrap_true,-6.32364633543162,-3.4307666679171085,-5.499261735611482,-3.5133490846338185,-5.666207464028763,-3.533969057623,-5.358692270132162,-3.469377438887167,-5.562347866586543,-3.606222424265118,4.789571636107612,0.1308421291670151,0.335915826841458,0.0596152414127376
25.571568298339844,3.1137128829956056,-5.499868720987804,-4.01779011795569,True,1e-05,squared_error,80.0,,0.9,1e-06,4,20,200,"{'n_estimators': 200, 'min_samples_split': 20, 'min_samples_leaf': 4, 'min_impurity_decrease': 1e-06, 'max_samples': 0.9, 'max_features': None, 'max_depth': 80, 'criterion': 'squared_error', 'ccp_alpha': 1e-05, 'bootstrap': True}",23,bootstrap_true,-6.082532738648343,-3.8962982379092783,-5.169491494626896,-3.980880797251073,-5.474840173111869,-3.9993150281339007,-5.381310688859232,-4.087037045160367,-5.391168509692682,-4.125419481323832,2.1057626140884467,0.2886685727196833,0.3082676240868733,0.0810470488078776
179.38653712272645,10.755680513381956,-17.440902616211105,-16.94788278468397,True,1e-07,absolute_error,40.0,log2,0.5,0.0,4,20,1600,"{'n_estimators': 1600, 'min_samples_split': 20, 'min_samples_leaf': 4, 'min_impurity_decrease': 0.0, 'max_samples': 0.5, 'max_features': 'log2', 'max_depth': 40, 'criterion': 'absolute_error', 'ccp_alpha': 1e-07, 'bootstrap': True}",89,bootstrap_true,-18.4329164643285,-16.866230529711842,-16.839450089928043,-16.99583272433972,-17.445563601618694,-16.81655333695977,-17.978546446814892,-16.91557213932212,-16.50803647836539,-17.14522519308639,44.36219395589106,1.7792067632825068,0.7078359217699286,0.1150666895781165
505.5929216861725,4.009442043304444,-7.1825345453372815,-6.441547358329201,True,1e-05,absolute_error,40.0,0.8,0.9,1e-05,16,50,800,"{'n_estimators': 800, 'min_samples_split': 50, 'min_samples_leaf': 16, 'min_impurity_decrease': 1e-05, 'max_samples': 0.9, 'max_features': 0.8, 'max_depth': 40, 'criterion': 'absolute_error', 'ccp_alpha': 1e-05, 'bootstrap': True}",60,bootstrap_true,-8.288970623501196,-6.376789469537812,-7.19632916666666,-6.463794864195678,-7.01558965827337,-6.486472340186065,-6.537330513822103,-6.299628029394119,-6.874452764423081,-6.581052088332336,22.37444390821629,1.5133477409039298,0.5938795009043253,0.0962387191222619
54.55011587142944,5.360529088973999,-5.247422319539924,-3.545935251899073,True,0.0,friedman_mse,60.0,0.8,0.9,0.0,2,20,400,"{'n_estimators': 400, 'min_samples_split': 20, 'min_samples_leaf': 2, 'min_impurity_decrease': 0.0, 'max_samples': 0.9, 'max_features': 0.8, 'max_depth': 60, 'criterion': 'friedman_mse', 'ccp_alpha': 0.0, 'bootstrap': True}",18,bootstrap_true,-5.866579048089932,-3.4637919188754944,-4.979480423032198,-3.559159542262432,-5.174003881369396,-3.5225533087718337,-5.100296316636489,-3.5612385303232004,-5.116751928571603,-3.6229329592624064,5.044838018262257,2.4343989843322813,0.3159933522346506,0.0522148667526372
738.5522694587708,1.7427879333496097,-6.919084486348413,-6.061896365935992,True,1e-05,absolute_error,80.0,,0.9,1e-07,16,20,1200,"{'n_estimators': 1200, 'min_samples_split': 20, 'min_samples_leaf': 16, 'min_impurity_decrease': 1e-07, 'max_samples': 0.9, 'max_features': None, 'max_depth': 80, 'criterion': 'absolute_error', 'ccp_alpha': 1e-05, 'bootstrap': True}",52,bootstrap_true,-8.217395063948837,-6.073503301320528,-6.857948860911247,-6.067900367647043,-6.67492447042365,-6.054218907563016,-6.282763741987168,-5.9555037817436505,-6.562390294471161,-6.15835547140572,12.943191741305574,0.5307889232496016,0.6754401335731444,0.0645808847133275
140.44401488304138,3.279874038696289,-7.106734282333747,-6.267981176828859,True,0.0,absolute_error,20.0,0.6,0.9,1e-06,16,5,200,"{'n_estimators': 200, 'min_samples_split': 5, 'min_samples_leaf': 16, 'min_impurity_decrease': 1e-06, 'max_samples': 0.9, 'max_features': 0.6, 'max_depth': 20, 'criterion': 'absolute_error', 'ccp_alpha': 0.0, 'bootstrap': True}",56,bootstrap_true,-8.127604856115108,-6.210111239495796,-7.214251618705034,-6.238511914765904,-6.955411270983213,-6.329685714285716,-6.515080949519232,-6.212831208758247,-6.721322716346152,-6.348765806838631,8.107934446605375,0.9369888272435004,0.5612897827726401,0.0593169325239221
47.78906636238098,5.62063193321228,-8.585597643347594,-7.946089987943066,True,1e-07,squared_error,10.0,0.2,0.5,1e-06,2,50,400,"{'n_estimators': 400, 'min_samples_split': 50, 'min_samples_leaf': 2, 'min_impurity_decrease': 1e-06, 'max_samples': 0.5, 'max_features': 0.2, 'max_depth': 10, 'criterion': 'squared_error', 'ccp_alpha': 1e-07, 'bootstrap': True}",71,bootstrap_true,-9.295702745159645,-7.7335117951166,-8.416804384638493,-7.908625584614448,-8.993762762619193,-8.012107498181129,-8.425044910016123,-8.035635345675601,-7.796673414304521,-8.040569716127546,4.17873199762789,1.1055289591934634,0.5191373235949335,0.1165299715690595
80.60534152984619,5.509107303619385,-5.192698430687912,-3.207547216325711,True,0.0,friedman_mse,120.0,,0.9,1e-07,4,2,400,"{'n_estimators': 400, 'min_samples_split': 2, 'min_samples_leaf': 4, 'min_impurity_decrease': 1e-07, 'max_samples': 0.9, 'max_features': None, 'max_depth': 120, 'criterion': 'friedman_mse', 'ccp_alpha': 0.0, 'bootstrap': True}",17,bootstrap_true,-5.7196655236984375,-3.0864121203718238,-4.899462783512585,-3.1685988495731388,-5.140044537069278,-3.2378706439562635,-5.111251471405534,-3.2783328362267867,-5.093067837753726,-3.2665216315005425,5.973726932812973,0.6189789452765478,0.2767720204891605,0.0715524739442442
272.6218894481659,10.791176128387452,-5.652244113618711,-3.712540052632229,True,0.0,friedman_mse,40.0,0.4,0.5,1e-06,2,2,1600,"{'n_estimators': 1600, 'min_samples_split': 2, 'min_samples_leaf': 2, 'min_impurity_decrease': 1e-06, 'max_samples': 0.5, 'max_features': 0.4, 'max_depth': 40, 'criterion': 'friedman_mse', 'ccp_alpha': 0.0, 'bootstrap': True}",28,bootstrap_true,-6.322788136074465,-3.623247558279244,-5.523741164044838,-3.7211562038565926,-5.58207889329999,-3.724253324649324,-5.3562100395583,-3.6982718835565,-5.4764023351159645,-3.795771292819484,11.551321483963866,2.810438872323876,0.3434012103398927,0.0553454755927302
310.8188665866852,9.55288643836975,-10.674229575518634,-9.907303359923112,True,1e-07,absolute_error,80.0,sqrt,0.7,1e-05,4,50,1600,"{'n_estimators': 1600, 'min_samples_split': 50, 'min_samples_leaf': 4, 'min_impurity_decrease': 1e-05, 'max_samples': 0.7, 'max_features': 'sqrt', 'max_depth': 80, 'criterion': 'absolute_error', 'ccp_alpha': 1e-07, 'bootstrap': True}",75,bootstrap_true,-11.259264141187014,-9.787152676695635,-10.669330133393254,-9.802848979591806,-10.6335198965827,-10.018678303196245,-10.832096371694652,-9.946133445185918,-9.976937334735547,-9.981703394945962,29.824191579341203,0.4522260904134945,0.4135420462081638,0.0946513845355019
131.4661569595337,9.730373287200928,-15.668647851438976,-14.555894926182518,True,1e-07,friedman_mse,80.0,log2,0.5,1e-05,2,5,1600,"{'n_estimators': 1600, 'min_samples_split': 5, 'min_samples_leaf': 2, 'min_impurity_decrease': 1e-05, 'max_samples': 0.5, 'max_features': 'log2', 'max_depth': 80, 'criterion': 'friedman_mse', 'ccp_alpha': 1e-07, 'bootstrap': True}",88,bootstrap_true,-16.318791372540407,-14.36473969497812,-15.186350420149328,-14.506321971099045,-16.04424420019879,-14.599091901999518,-16.12214129331557,-14.635847275874625,-14.671711970990792,-14.673473786961283,19.566906724417517,1.051277058186535,0.6318081162838188,0.1105268707017175
31.6150514125824,4.568404245376587,-6.915168841661088,-5.867629897977799,True,1e-07,squared_error,40.0,0.4,0.7,1e-06,2,50,200,"{'n_estimators': 200, 'min_samples_split': 50, 'min_samples_leaf': 2, 'min_impurity_decrease': 1e-06, 'max_samples': 0.7, 'max_features': 0.4, 'max_depth': 40, 'criterion': 'squared_error', 'ccp_alpha': 1e-07, 'bootstrap': True}",51,bootstrap_true,-7.8405388556791165,-5.793437163294676,-6.501499469306497,-5.886521746400421,-7.066219158184216,-5.909721193818382,-6.658336634668795,-5.812093984680981,-6.5092500904668205,-5.936375401694537,3.2726099711890178,0.7603218047390714,0.5061582807204383,0.0555757554138544
73.37140760421752,5.2736961364746096,-7.646729055063608,-6.992248192417385,True,1e-06,squared_error,60.0,,0.5,1e-07,16,5,800,"{'n_estimators': 800, 'min_samples_split': 5, 'min_samples_leaf': 16, 'min_impurity_decrease': 1e-07, 'max_samples': 0.5, 'max_features': None, 'max_depth': 60, 'criterion': 'squared_error', 'ccp_alpha': 1e-06, 'bootstrap': True}",66,bootstrap_true,-8.63993528158773,-6.937952872438269,-7.390365954426207,-6.94490437483044,-7.434005296398381,-6.891962006426151,-7.490153723571618,-7.151725637255143,-7.279185019334099,-7.034696071136921,10.482967214070008,1.2185763725569585,0.5014053246441508,0.0921755019034639
65.03518962860107,4.0562211036682125,-5.880826165054698,-4.253412344293945,True,1e-06,squared_error,80.0,0.4,0.7,1e-07,4,10,400,"{'n_estimators': 400, 'min_samples_split': 10, 'min_samples_leaf': 4, 'min_impurity_decrease': 1e-07, 'max_samples': 0.7, 'max_features': 0.4, 'max_depth': 80, 'criterion': 'squared_error', 'ccp_alpha': 1e-06, 'bootstrap': True}",30,bootstrap_true,-6.51728832096819,-4.144756633069505,-5.80025439759324,-4.266354530049747,-5.860215223412705,-4.281348032648319,-5.61319238420407,-4.2783855704012135,-5.613180499095283,-4.296216955300943,6.4242713473206425,1.0333572929424737,0.3332454769975263,0.0551540808704566
32.87783513069153,4.654751920700074,-7.224678718402751,-6.433700372681325,True,0.0,friedman_mse,,0.8,0.7,1e-07,16,5,200,"{'n_estimators': 200, 'min_samples_split': 5, 'min_samples_leaf': 16, 'min_impurity_decrease': 1e-07, 'max_samples': 0.7, 'max_features': 0.8, 'max_depth': None, 'criterion': 'friedman_mse', 'ccp_alpha': 0.0, 'bootstrap': True}",62,bootstrap_true,-8.13757098209123,-6.400240651063165,-6.937499184092538,-6.364166116137373,-7.150187220851193,-6.39965051527575,-7.031282909349117,-6.525128908884101,-6.866853295629677,-6.479315672046241,1.7879461290443963,0.815348098633007,0.4662261951839725,0.0592518208354107
37.77412924766541,2.742664909362793,-5.188619840979706,-3.28634292750026,True,1e-05,friedman_mse,80.0,0.8,0.7,1e-05,2,10,200,"{'n_estimators': 200, 'min_samples_split': 10, 'min_samples_leaf': 2, 'min_impurity_decrease': 1e-05, 'max_samples': 0.7, 'max_features': 0.8, 'max_depth': 80, 'criterion': 'friedman_mse', 'ccp_alpha': 1e-05, 'bootstrap': True}",16,bootstrap_true,-5.828803676670337,-3.1782220316175427,-4.872727623178506,-3.3143976693361896,-5.146999597437821,-3.290701406478528,-5.088672529528268,-3.278179150466552,-5.005895778083603,-3.370214379602488,3.515558122000549,1.221651429099912,0.333086484159008,0.0626055280916285
50.2698233127594,4.216816091537476,-6.7052999637967,-5.61331286065038,True,1e-07,friedman_mse,10.0,0.4,0.7,1e-07,4,5,400,"{'n_estimators': 400, 'min_samples_split': 5, 'min_samples_leaf': 4, 'min_impurity_decrease': 1e-07, 'max_samples': 0.7, 'max_features': 0.4, 'max_depth': 10, 'criterion': 'friedman_mse', 'ccp_alpha': 1e-07, 'bootstrap': True}",48,bootstrap_true,-7.282143873046572,-5.481674128678305,-6.58347307964138,-5.617041263322167,-6.846410903372669,-5.675605228465595,-6.561525170175447,-5.6288954051184925,-6.252946792747436,-5.663348277667343,5.101225925480797,0.6896041045577559,0.3443247203582222,0.0692377851723851
68.71976823806763,8.362582540512085,-11.014303301316335,-4.498801558442328,True,0.0,friedman_mse,,log2,0.9,0.0,1,2,1200,"{'n_estimators': 1200, 'min_samples_split': 2, 'min_samples_leaf': 1, 'min_impurity_decrease': 0.0, 'max_samples': 0.9, 'max_features': 'log2', 'max_depth': None, 'criterion': 'friedman_mse', 'ccp_alpha': 0.0, 'bootstrap': True}",78,bootstrap_true,-11.586783741578152,-4.41618762314447,-10.5605651840432,-4.4917029192629006,-11.219156161737248,-4.560625265106026,-11.482126619734403,-4.516467725740542,-10.222884799488686,-4.509024258957703,11.296950878673693,2.1211455791937506,0.5330626098803743,0.0471470481834713
70.32519826889038,5.31059079170227,-5.443894666934909,-3.786464832487429,True,1e-06,friedman_mse,120.0,,0.7,1e-06,4,10,400,"{'n_estimators': 400, 'min_samples_split': 10, 'min_samples_leaf': 4, 'min_impurity_decrease': 1e-06, 'max_samples': 0.7, 'max_features': None, 'max_depth': 120, 'criterion': 'friedman_mse', 'ccp_alpha': 1e-06, 'bootstrap': True}",21,bootstrap_true,-6.048100560961408,-3.632919185727989,-5.154273915848114,-3.789652402790692,-5.421762640567738,-3.809749725093783,-5.345029301666861,-3.855511648997763,-5.250306915630426,-3.844491199826916,6.887993719321672,0.3775925094230438,0.3151778375242359,0.0803282449001982
22.988607120513915,3.684646797180176,-17.920671213654078,-17.328927777106042,True,1e-06,absolute_error,10.0,log2,0.7,0.0,2,10,200,"{'n_estimators': 200, 'min_samples_split': 10, 'min_samples_leaf': 2, 'min_impurity_decrease': 0.0, 'max_samples': 0.7, 'max_features': 'log2', 'max_depth': 10, 'criterion': 'absolute_error', 'ccp_alpha': 1e-06, 'bootstrap': True}",95,bootstrap_true,-18.429695503597127,-17.001522929171674,-17.30020857314148,-17.334575345138045,-18.20089652278177,-17.324323904561826,-18.725878786057688,-17.42188182363527,-16.946676682692313,-17.562334883023404,2.976995829184657,0.4886657906263448,0.6811211963959346,0.1845894671842803
117.46302723884584,7.514695739746093,-5.976596272698275,-4.53712981880565,True,1e-06,friedman_mse,80.0,0.6,0.5,1e-07,1,20,1200,"{'n_estimators': 1200, 'min_samples_split': 20, 'min_samples_leaf': 1, 'min_impurity_decrease': 1e-07, 'max_samples': 0.5, 'max_features': 0.6, 'max_depth': 80, 'criterion': 'friedman_mse', 'ccp_alpha': 1e-06, 'bootstrap': True}",32,bootstrap_true,-6.841246877766936,-4.497987300212204,-5.670318826506488,-4.527261241701375,-5.904203321799278,-4.524344606063448,-5.753950356035598,-4.586724186658181,-5.713261981383074,-4.549331759393042,18.680773455453284,3.263214940812742,0.4394504375740847,0.0296697688482909
26.163263893127443,4.879911470413208,-14.640718994990412,-14.191937107425426,True,1e-06,squared_error,10.0,sqrt,0.7,1e-06,16,20,400,"{'n_estimators': 400, 'min_samples_split': 20, 'min_samples_leaf': 16, 'min_impurity_decrease': 1e-06, 'max_samples': 0.7, 'max_features': 'sqrt', 'max_depth': 10, 'criterion': 'squared_error', 'ccp_alpha': 1e-06, 'bootstrap': True}",87,bootstrap_true,-15.29114977598294,-13.953693590110072,-14.24611449057949,-14.081469083699304,-14.979778159154,-14.254982665995406,-15.133533070247108,-14.208838804327634,-13.553019478988526,-14.46070139299471,3.0606347589290723,0.3683931382024871,0.6511052115363691,0.1705624863912867
15.996288681030274,3.72381272315979,-20.68783543326561,-20.53972866324596,True,0.0,squared_error,120.0,log2,0.9,1e-07,16,2,200,"{'n_estimators': 200, 'min_samples_split': 2, 'min_samples_leaf': 16, 'min_impurity_decrease': 1e-07, 'max_samples': 0.9, 'max_features': 'log2', 'max_depth': 120, 'criterion': 'squared_error', 'ccp_alpha': 0.0, 'bootstrap': True}",100,bootstrap_true,-21.51774530608864,-20.33923469692286,-20.16115510297567,-20.60218627810264,-20.962891558195043,-20.18031114411363,-21.57328951880302,-21.003306694380907,-19.224095680265705,-20.57360450270975,1.015023970743271,0.3531408130718916,0.8908828701116404,0.2790454804131837
261.4295188426971,2.81176552772522,-7.155993691849406,-6.386310267703664,True,0.0,absolute_error,80.0,,0.7,1e-05,16,5,400,"{'n_estimators': 400, 'min_samples_split': 5, 'min_samples_leaf': 16, 'min_impurity_decrease': 1e-05, 'max_samples': 0.7, 'max_features': None, 'max_depth': 80, 'criterion': 'absolute_error', 'ccp_alpha': 0.0, 'bootstrap': True}",59,bootstrap_true,-8.408718585131895,-6.363781069927969,-7.10339691247003,-6.377888482893167,-6.931967955635487,-6.426736757202874,-6.622466526442308,-6.295621753149372,-6.713418479567309,-6.467523275344933,6.30978570022845,0.549564698384301,0.6485056151940045,0.0583656603616293
264.57899231910704,5.453364372253418,-11.189595719687444,-10.252184819068043,True,0.0,absolute_error,10.0,sqrt,0.7,1e-07,2,2,1600,"{'n_estimators': 1600, 'min_samples_split': 2, 'min_samples_leaf': 2, 'min_impurity_decrease': 1e-07, 'max_samples': 0.7, 'max_features': 'sqrt', 'max_depth': 10, 'criterion': 'absolute_error', 'ccp_alpha': 0.0, 'bootstrap': True}",79,bootstrap_true,-11.62545412170259,-10.081021670543176,-11.307279601318932,-10.29801251313023,-11.169644327038345,-10.30944212372446,-11.46203916015622,-10.2063794728554,-10.383561388221136,-10.366068315086954,24.05936997959312,3.6386838641729673,0.4308449541142363,0.099742649152376
146.3658169746399,7.961647319793701,-7.072644392344564,-6.266172941484574,True,1e-06,friedman_mse,,,0.7,1e-07,8,50,1200,"{'n_estimators': 1200, 'min_samples_split': 50, 'min_samples_leaf': 8, 'min_impurity_decrease': 1e-07, 'max_samples': 0.7, 'max_features': None, 'max_depth': None, 'criterion': 'friedman_mse', 'ccp_alpha': 1e-06, 'bootstrap': True}",55,bootstrap_true,-8.059226260765803,-6.096942111614784,-6.874016085274704,-6.338791904620911,-6.855951834449503,-6.305357094737016,-6.806712038326936,-6.29112682148895,-6.767315742905877,-6.298646774961207,5.757616587984925,0.9256474393257718,0.4947116843567564,0.0861687082872505
572.795320892334,1.052319860458374,-5.318087967770014,-3.310635557517545,True,1e-07,absolute_error,20.0,,0.9,0.0,2,5,200,"{'n_estimators': 200, 'min_samples_split': 5, 'min_samples_leaf': 2, 'min_impurity_decrease': 0.0, 'max_samples': 0.9, 'max_features': None, 'max_depth': 20, 'criterion': 'absolute_error', 'ccp_alpha': 1e-07, 'bootstrap': True}",19,bootstrap_true,-5.9623168465227785,-3.23606362545018,-5.057398081534773,-3.2262837334933927,-5.231162110311748,-3.3611995498199265,-5.062421754807692,-3.270534883023392,-5.277141045673077,-3.4590959958008383,7.551397655158022,0.1362418802717389,0.3339425197781647,0.0881833163542516
586.4214331626893,1.0726096153259277,-7.070720496902959,-6.144443996390997,True,1e-07,absolute_error,40.0,,0.5,1e-05,4,50,800,"{'n_estimators': 800, 'min_samples_split': 50, 'min_samples_leaf': 4, 'min_impurity_decrease': 1e-05, 'max_samples': 0.5, 'max_features': None, 'max_depth': 40, 'criterion': 'absolute_error', 'ccp_alpha': 1e-07, 'bootstrap': True}",54,bootstrap_true,-8.100250000000006,-6.03066380927371,-6.885161660671465,-6.195529430522202,-7.040111031175055,-6.18324167917167,-6.635774789663449,-6.065760325434908,-6.692305003004822,-6.247024737552499,4.99452195036112,0.1055138575453999,0.5343549519020546,0.0821886139101242
645.6967619895935,0.7416700839996337,-6.46672275961321,-5.298311439146274,True,1e-06,absolute_error,40.0,0.8,0.7,1e-06,8,10,1600,"{'n_estimators': 1600, 'min_samples_split': 10, 'min_samples_leaf': 8, 'min_impurity_decrease': 1e-06, 'max_samples': 0.7, 'max_features': 0.8, 'max_depth': 40, 'criterion': 'absolute_error', 'ccp_alpha': 1e-06, 'bootstrap': True}",45,bootstrap_true,-7.363907246702618,-5.171661387680045,-6.5064820893285376,-5.348987064825908,-6.392792543465209,-5.354637456857721,-6.032396649639413,-5.253060651619665,-6.038035268930278,-5.363210634748032,5.39928359760901,0.1393944352138751,0.4867029113342113,0.0748871340180469
91.90240755081176,8.327961301803589,-9.65819284187742,-7.791944372903799,True,1e-07,squared_error,80.0,sqrt,0.7,0.0,2,10,1200,"{'n_estimators': 1200, 'min_samples_split': 10, 'min_samples_leaf': 2, 'min_impurity_decrease': 0.0, 'max_samples': 0.7, 'max_features': 'sqrt', 'max_depth': 80, 'criterion': 'squared_error', 'ccp_alpha': 1e-07, 'bootstrap': True}",74,bootstrap_true,-10.204322441339531,-7.65460669019672,-9.522294408208213,-7.731304644030676,-9.797529167975432,-7.852594912351892,-9.876519049096846,-7.833026855102037,-8.890299142767084,-7.888188762837667,10.822456237722584,3.751671015212757,0.4412408868962755,0.0862183932601526
28.60928726196289,3.4373568534851078,-6.178945413068387,-4.8475412991929145,False,1e-05,friedman_mse,10.0,0.8,,1e-06,2,20,800,"{'n_estimators': 800, 'min_samples_split': 20, 'min_samples_leaf': 2, 'min_impurity_decrease': 1e-06, 'max_features': 0.8, 'max_depth': 10, 'criterion': 'friedman_mse', 'ccp_alpha': 1e-05, 'bootstrap': False}",37,bootstrap_false,-6.635777455420944,-4.743054400132163,-5.886507123540881,-4.791868211598409,-6.387579725320872,-4.956758362149135,-6.440095698707109,-4.921160816409056,-5.544767062352133,-4.824864705675813,13.492813074641886,1.7699022836715907,0.402026266942155,0.0798491487833124
26.979899406433105,4.5623087882995605,-12.12682582433158,-11.412599007661022,False,1e-06,squared_error,10.0,sqrt,,1e-06,8,50,1200,"{'n_estimators': 1200, 'min_samples_split': 50, 'min_samples_leaf': 8, 'min_impurity_decrease': 1e-06, 'max_features': 'sqrt', 'max_depth': 10, 'criterion': 'squared_error', 'ccp_alpha': 1e-06, 'bootstrap': False}",82,bootstrap_false,-12.616306575904977,-11.136668482396788,-12.013950800540842,-11.34854163722479,-12.38811663586959,-11.58933253311685,-12.424652128248104,-11.43635721738363,-11.19110298109439,-11.552095168183053,7.599139825966226,1.5066441296184023,0.5069285574933171,0.1621723600552561
3533.734176635742,1.447990989685059,-4.819235117300383,-2.4194299731320186,False,1e-05,absolute_error,,0.8,,0.0,4,10,1200,"{'n_estimators': 1200, 'min_samples_split': 10, 'min_samples_leaf': 4, 'min_impurity_decrease': 0.0, 'max_features': 0.8, 'max_depth': None, 'criterion': 'absolute_error', 'ccp_alpha': 1e-05, 'bootstrap': False}",7,bootstrap_false,-5.843957863709094,-2.4393407813125427,-4.742022871702607,-2.469876030412151,-4.406341946442866,-2.4360092436974496,-4.608734865785193,-2.3870330233953387,-4.495118038862151,-2.364890786842612,98.65213495161198,0.1882023274166232,0.524568669449812,0.038053127028788
3385.482758235931,2.416516876220703,-4.415684100411966,-0.0274260969511222,False,0.0,absolute_error,60.0,0.4,,1e-06,1,2,1200,"{'n_estimators': 1200, 'min_samples_split': 2, 'min_samples_leaf': 1, 'min_impurity_decrease': 1e-06, 'max_features': 0.4, 'max_depth': 60, 'criterion': 'absolute_error', 'ccp_alpha': 0.0, 'bootstrap': False}",1,bootstrap_false,-5.08731698641083,-0.0336702631059411,-4.12341423860908,-0.0126280712291442,-4.345881584732278,-0.0260780812331318,-4.001762720352518,-0.0165540991807884,-4.520044971955123,-0.0481999700066057,78.85003049148723,0.9073446228497606,0.3804226326727208,0.0127243267787081
17.18176922798157,2.81265606880188,-5.134479350703207,-2.0267330309833014,False,0.0,friedman_mse,20.0,0.2,,1e-07,2,2,400,"{'n_estimators': 400, 'min_samples_split': 2, 'min_samples_leaf': 2, 'min_impurity_decrease': 1e-07, 'max_features': 0.2, 'max_depth': 20, 'criterion': 'friedman_mse', 'ccp_alpha': 0.0, 'bootstrap': False}",15,bootstrap_false,-5.584684053839241,-1.980490690065763,-4.9165295503418776,-1.9803906480305264,-5.027170734758372,-2.095063355746276,-5.155289987548555,-2.140935235401506,-4.988722427027988,-1.9367852256724345,1.2407180295194156,1.563535783645705,0.2380670883026531,0.0775728754239626
19.09576020240784,1.4608214855194093,-7.007083783645467,-5.626065514095123,False,0.0,squared_error,10.0,0.2,,1e-06,4,5,800,"{'n_estimators': 800, 'min_samples_split': 5, 'min_samples_leaf': 4, 'min_impurity_decrease': 1e-06, 'max_features': 0.2, 'max_depth': 10, 'criterion': 'squared_error', 'ccp_alpha': 0.0, 'bootstrap': False}",53,bootstrap_false,-7.383406806950446,-5.478221625328393,-7.0234138612894,-5.656333652713315,-7.123537345515826,-5.654735000230836,-6.995516058118539,-5.731067922067048,-6.509544846353121,-5.609969370136021,2.3481211844443077,0.7515978038264732,0.2839457440334028,0.0835230586444484
74.79634385108947,6.758244514465332,-17.737768009109523,-16.72410999712661,False,0.0,absolute_error,10.0,log2,,0.0,1,5,800,"{'n_estimators': 800, 'min_samples_split': 5, 'min_samples_leaf': 1, 'min_impurity_decrease': 0.0, 'max_features': 'log2', 'max_depth': 10, 'criterion': 'absolute_error', 'ccp_alpha': 0.0, 'bootstrap': False}",90,bootstrap_false,-18.427671043165457,-16.500167969687865,-17.301953761990404,-16.907152085834344,-18.05867874700236,-16.70579349489792,-18.20242728365383,-16.609271213257337,-16.698109209735566,-16.898165221955598,7.366912005778362,2.414447719335365,0.6427569706541112,0.1596703477271857
131.8743628978729,14.19793062210083,-8.216798178218927,-4.779740774223448,False,1e-06,squared_error,,sqrt,,1e-05,1,20,1600,"{'n_estimators': 1600, 'min_samples_split': 20, 'min_samples_leaf': 1, 'min_impurity_decrease': 1e-05, 'max_features': 'sqrt', 'max_depth': None, 'criterion': 'squared_error', 'ccp_alpha': 1e-06, 'bootstrap': False}",69,bootstrap_false,-8.659413340345251,-4.693132417440838,-8.021247383858363,-4.788088854545514,-8.40671582632562,-4.807328190663914,-8.332364010420523,-4.8125851244787405,-7.664250330144879,-4.797569283988235,24.313857104391843,1.630308991437925,0.34318554572279,0.0441097960993534
2877.055213356018,2.660396862030029,-4.811753658926223,-2.2854514667165637,False,0.0,absolute_error,40.0,0.8,,1e-06,4,2,800,"{'n_estimators': 800, 'min_samples_split': 2, 'min_samples_leaf': 4, 'min_impurity_decrease': 1e-06, 'max_features': 0.8, 'max_depth': 40, 'criterion': 'absolute_error', 'ccp_alpha': 0.0, 'bootstrap': False}",5,bootstrap_false,-5.8145622302158495,-2.295447223889559,-4.717855215827303,-2.342426785714287,-4.425290737410084,-2.2895760729291617,-4.6121467397836575,-2.272886442711473,-4.488913371394222,-2.226920808338336,127.37210391199989,0.6364726875718972,0.5114419441927821,0.0372742063931619
345.9249193191528,11.645648622512818,-8.927661463041085,-7.21715231342444,False,1e-07,absolute_error,20.0,sqrt,,1e-06,4,2,1200,"{'n_estimators': 1200, 'min_samples_split': 2, 'min_samples_leaf': 4, 'min_impurity_decrease': 1e-06, 'max_features': 'sqrt', 'max_depth': 20, 'criterion': 'absolute_error', 'ccp_alpha': 1e-07, 'bootstrap': False}",72,bootstrap_false,-9.316227777777758,-7.157808018207251,-9.061290607513968,-7.166130717286885,-9.005580155875277,-7.278843657462961,-8.992582001201887,-7.252034583083341,-8.262626772836537,-7.230944591081762,41.00459555266729,1.9902032466918895,0.352533024649927,0.0476188413048043
70.01428079605103,10.513615226745603,-7.112633347332749,-0.0287150712250623,False,0.0,squared_error,,sqrt,,1e-05,1,2,1600,"{'n_estimators': 1600, 'min_samples_split': 2, 'min_samples_leaf': 1, 'min_impurity_decrease': 1e-05, 'max_features': 'sqrt', 'max_depth': None, 'criterion': 'squared_error', 'ccp_alpha': 0.0, 'bootstrap': False}",57,bootstrap_false,-7.483917966990502,-0.0296033351771294,-6.7752476026724215,-0.0273451079474019,-7.267054773327695,-0.0299729960803766,-7.240579476731251,-0.0246756971046878,-6.796366916941876,-0.0319782198157161,6.834667373739804,4.210436177542149,0.279972160516349,0.0024985143258078
97.14218220710754,11.406833791732788,-7.780808784401309,-6.83800958797935,False,1e-05,squared_error,10.0,0.2,,1e-07,16,10,1600,"{'n_estimators': 1600, 'min_samples_split': 10, 'min_samples_leaf': 16, 'min_impurity_decrease': 1e-07, 'max_features': 0.2, 'max_depth': 10, 'criterion': 'squared_error', 'ccp_alpha': 1e-05, 'bootstrap': False}",68,bootstrap_false,-8.270381883220463,-6.719221557656304,-8.045162978791133,-6.808723745909242,-7.95588965865188,-6.845386928769179,-7.545534577107551,-6.960806535754771,-7.087074824235517,-6.855909171807257,38.29343225011909,2.839932819589725,0.4187693952074925,0.0780027785852342
222.3708538532257,12.30316309928894,-6.879907199307787,-5.645987357086112,False,1e-07,friedman_mse,,,,1e-05,16,20,1200,"{'n_estimators': 1200, 'min_samples_split': 20, 'min_samples_leaf': 16, 'min_impurity_decrease': 1e-05, 'max_features': None, 'max_depth': None, 'criterion': 'friedman_mse', 'ccp_alpha': 1e-07, 'bootstrap': False}",50,bootstrap_false,-7.670423311909407,-5.358693623940748,-6.328567234876769,-5.160902989370517,-6.734837655146701,-6.115521029224328,-7.034870262511799,-5.98942004721688,-6.630837532094262,-5.605399095678084,10.149447443807714,1.4448978832220718,0.4551891702112662,0.3627395268764678
659.2839955329895,2.8776143550872804,-7.3631832758889,-5.690969535643896,False,1e-06,absolute_error,120.0,,,1e-05,16,10,200,"{'n_estimators': 200, 'min_samples_split': 10, 'min_samples_leaf': 16, 'min_impurity_decrease': 1e-05, 'max_features': None, 'max_depth': 120, 'criterion': 'absolute_error', 'ccp_alpha': 1e-06, 'bootstrap': False}",63,bootstrap_false,-9.628879256594736,-6.1038595438175305,-7.402562170263769,-5.8816181272509045,-6.686019724220611,-5.769801920768311,-6.090076322115388,-5.296994601079789,-7.008378906249993,-5.402573485302944,33.837194683414765,1.18400431746244,1.2116242739791996,0.3004756629721672
109.41102857589722,12.877396631240844,-17.806785091278975,-17.228908227768773,False,1e-05,squared_error,80.0,log2,,1e-05,8,5,1600,"{'n_estimators': 1600, 'min_samples_split': 5, 'min_samples_leaf': 8, 'min_impurity_decrease': 1e-05, 'max_features': 'log2', 'max_depth': 80, 'criterion': 'squared_error', 'ccp_alpha': 1e-05, 'bootstrap': False}",94,bootstrap_false,-18.556982920514145,-17.027739257927493,-17.42849118867808,-17.374431592027033,-18.211664314363567,-17.204698465027697,-18.19540353702936,-17.226463016303875,-16.641383495809734,-17.311208807557765,18.087694707849156,2.0875135791662225,0.6897848099399484,0.1174831741797399
535.0707680225372,3.186412000656128,-5.622976739243222,-3.865501549454815,False,1e-07,absolute_error,60.0,0.4,,1e-07,8,10,200,"{'n_estimators': 200, 'min_samples_split': 10, 'min_samples_leaf': 8, 'min_impurity_decrease': 1e-07, 'max_features': 0.4, 'max_depth': 60, 'criterion': 'absolute_error', 'ccp_alpha': 1e-07, 'bootstrap': False}",26,bootstrap_false,-6.663522182254197,-3.859991326530611,-5.477453896882496,-3.934474999999997,-5.55965629496403,-3.907248379351742,-4.935615685096151,-3.702352849430108,-5.478635637019234,-3.923440191961613,37.71051783983315,0.4239443185557856,0.5659011871047407,0.0854457510453367
10.590437364578246,2.23401780128479,-17.757735317101247,-17.161892884734026,False,0.0,squared_error,,log2,,1e-07,8,5,400,"{'n_estimators': 400, 'min_samples_split': 5, 'min_samples_leaf': 8, 'min_impurity_decrease': 1e-07, 'max_features': 'log2', 'max_depth': None, 'criterion': 'squared_error', 'ccp_alpha': 0.0, 'bootstrap': False}",91,bootstrap_false,-18.368071470555726,-16.85376551647917,-17.433405708673373,-17.335478811617712,-18.26792537195324,-17.22703426172291,-18.06842429106533,-17.010021778114844,-16.65084974325857,-17.38316405573549,7.360556696689048,1.7837248362465197,0.6418281887406252,0.2006707314073648
208.5558596134186,11.605611228942871,-6.818200829895035,-5.564493726904372,False,1e-07,friedman_mse,10.0,,,1e-07,8,2,1200,"{'n_estimators': 1200, 'min_samples_split': 2, 'min_samples_leaf': 8, 'min_impurity_decrease': 1e-07, 'max_features': None, 'max_depth': 10, 'criterion': 'friedman_mse', 'ccp_alpha': 1e-07, 'bootstrap': False}",49,bootstrap_false,-7.8388733330960765,-5.570352390171544,-6.465224573740561,-5.3174864721002,-6.445689525777522,-5.532179069889856,-7.28893923794557,-5.939561783010625,-6.052277478915449,-5.462888919349636,35.08714921327604,1.073382449779688,0.6501326781949343,0.2064416278509232
236.57550005912785,9.83900842666626,-6.469145520369328,-5.421745321189375,False,1e-05,friedman_mse,,0.8,,0.0,16,50,1600,"{'n_estimators': 1600, 'min_samples_split': 50, 'min_samples_leaf': 16, 'min_impurity_decrease': 0.0, 'max_features': 0.8, 'max_depth': None, 'criterion': 'friedman_mse', 'ccp_alpha': 1e-05, 'bootstrap': False}",46,bootstrap_false,-7.344678832055758,-5.329088684481848,-6.505389489824875,-5.426729149948649,-6.059562168169884,-5.391502342671092,-6.308126494512861,-5.648195836517067,-6.127970617283259,-5.3132105923282165,14.136317703335054,2.61339270384181,0.4643184615707176,0.1204859758526709
141.71852021217347,8.843177127838135,-4.545053732444139,-1.5301466563253086,False,1e-05,friedman_mse,60.0,0.6,,1e-05,2,10,800,"{'n_estimators': 800, 'min_samples_split': 10, 'min_samples_leaf': 2, 'min_impurity_decrease': 1e-05, 'max_features': 0.6, 'max_depth': 60, 'criterion': 'friedman_mse', 'ccp_alpha': 1e-05, 'bootstrap': False}",3,bootstrap_false,-5.164747556398983,-1.4158037130243024,-4.32554617021859,-1.5786033788575085,-4.342616676026163,-1.566411017284774,-4.417101826331064,-1.5649787087387124,-4.475256433245895,-1.5249364637212464,46.41953156961932,2.949757407411361,0.3144608466523278,0.0599631295037202
53.899633169174194,9.93629117012024,-11.949873743677124,-8.078329785272828,False,1e-05,squared_error,120.0,log2,,1e-05,1,20,800,"{'n_estimators': 800, 'min_samples_split': 20, 'min_samples_leaf': 1, 'min_impurity_decrease': 1e-05, 'max_features': 'log2', 'max_depth': 120, 'criterion': 'squared_error', 'ccp_alpha': 1e-05, 'bootstrap': False}",81,bootstrap_false,-12.5575981452755,-7.977447539252543,-11.687838320394375,-8.142978128265165,-12.104304639059862,-8.127419469404744,-12.275799811940816,-8.034882481316279,-11.123827801715068,-8.10892130812541,7.028712091079303,2.0239768703113663,0.500084015542908,0.0625938373858901
4057.666457176209,0.6075808525085449,-6.281598643617556,-5.022022635306925,False,1e-05,absolute_error,10.0,0.8,,1e-07,1,20,1600,"{'n_estimators': 1600, 'min_samples_split': 20, 'min_samples_leaf': 1, 'min_impurity_decrease': 1e-07, 'max_features': 0.8, 'max_depth': 10, 'criterion': 'absolute_error', 'ccp_alpha': 1e-05, 'bootstrap': False}",40,bootstrap_false,-7.363190355215826,-5.150552269657771,-5.90549545113908,-4.738284142406891,-6.249754219124684,-5.34931637154856,-6.289192247596191,-4.947371456958617,-5.600360945012001,-4.924588935962785,26.44457228392734,0.1949118753959496,0.5960622071872425,0.2093870641845999
33.27452435493469,3.6853771686553953,-9.37055226065481,-7.228231193412552,False,0.0,squared_error,40.0,sqrt,,1e-05,4,2,800,"{'n_estimators': 800, 'min_samples_split': 2, 'min_samples_leaf': 4, 'min_impurity_decrease': 1e-05, 'max_features': 'sqrt', 'max_depth': 40, 'criterion': 'squared_error', 'ccp_alpha': 0.0, 'bootstrap': False}",73,bootstrap_false,-9.815124418985738,-7.1152679677325885,-9.251523953960374,-7.227436483216871,-9.628574544462255,-7.2921498958491,-9.541322531650652,-7.255645566279979,-8.616215854215024,-7.25065605398422,9.58631514298674,1.578249072010277,0.4187059923706031,0.0601686706731377
43.87561559677124,3.1513277530670165,-5.38541780772306,-0.017356639842978,False,1e-05,squared_error,,,,0.0,1,2,200,"{'n_estimators': 200, 'min_samples_split': 2, 'min_samples_leaf': 1, 'min_impurity_decrease': 0.0, 'max_features': None, 'max_depth': None, 'criterion': 'squared_error', 'ccp_alpha': 1e-05, 'bootstrap': False}",20,bootstrap_false,-6.167391155075949,-0.0189921397131646,-4.772633623101519,-0.0134338635455482,-5.576785991207036,-0.0181789915967739,-5.196229661458351,-0.0148211957609843,-5.214048607772446,-0.0213570085984191,9.991743814970652,1.627498559530669,0.4666407851702026,0.0028695199244631
636.3709711551667,3.490040397644043,-7.477358425221361,-6.058459270479642,False,1e-05,absolute_error,120.0,,,0.0,16,50,200,"{'n_estimators': 200, 'min_samples_split': 50, 'min_samples_leaf': 16, 'min_impurity_decrease': 0.0, 'max_features': None, 'max_depth': 120, 'criterion': 'absolute_error', 'ccp_alpha': 1e-05, 'bootstrap': False}",64,bootstrap_false,-10.044671582733807,-6.392238895558227,-7.075220143884901,-6.190727010804325,-6.652733812949637,-5.953853541416571,-6.289375000000002,-5.669112177564491,-7.324791586538457,-6.086364727054592,69.97186769725006,1.26511675911951,1.3317206205569865,0.2417502120243748
34.05977644920349,6.753685188293457,-17.77849558258034,-16.575288841322482,False,1e-07,friedman_mse,10.0,log2,,1e-05,1,5,800,"{'n_estimators': 800, 'min_samples_split': 5, 'min_samples_leaf': 1, 'min_impurity_decrease': 1e-05, 'max_features': 'log2', 'max_depth': 10, 'criterion': 'friedman_mse', 'ccp_alpha': 1e-07, 'bootstrap': False}",93,bootstrap_false,-18.41877987749964,-16.397216679472493,-17.513393933091745,-16.70626083447543,-18.27690813009813,-16.585612533489645,-18.02278082155403,-16.44396421149564,-16.660615150658174,-16.743389947679194,8.614000355707361,4.546987257757726,0.6384340010463053,0.1374584131974865
12.225568389892578,3.694917631149292,-17.95649538191798,-17.15745856699785,False,0.0,squared_error,10.0,log2,,0.0,1,50,200,"{'n_estimators': 200, 'min_samples_split': 50, 'min_samples_leaf': 1, 'min_impurity_decrease': 0.0, 'max_features': 'log2', 'max_depth': 10, 'criterion': 'squared_error', 'ccp_alpha': 0.0, 'bootstrap': False}",96,bootstrap_false,-18.52537877376734,-16.98022433745991,-17.621333635208575,-17.237389901484715,-18.438206403141344,-17.103183034226817,-18.3714536441062,-17.085306942623806,-16.826104453366433,-17.381188619194006,1.5090479310909377,0.541315509562299,0.6508427196577192,0.1385697058998439
100.75196280479432,7.22271409034729,-4.971804728062421,-2.567154273526428,False,1e-07,squared_error,40.0,0.8,,1e-05,2,20,400,"{'n_estimators': 400, 'min_samples_split': 20, 'min_samples_leaf': 2, 'min_impurity_decrease': 1e-05, 'max_features': 0.8, 'max_depth': 40, 'criterion': 'squared_error', 'ccp_alpha': 1e-07, 'bootstrap': False}",10,bootstrap_false,-5.636296839130634,-2.4489229285183205,-4.691210583529216,-2.565629064746056,-4.908723434415486,-2.5745488630388698,-4.899981399452042,-2.621898071566789,-4.7228113837847285,-2.6247724397621064,12.232773961520204,0.5187850232662099,0.3439239349779676,0.0638003035456
3717.823690891266,1.108477544784546,-4.870217093878961,-2.010412446687716,False,0.0,absolute_error,120.0,0.4,,1e-07,1,20,1600,"{'n_estimators': 1600, 'min_samples_split': 20, 'min_samples_leaf': 1, 'min_impurity_decrease': 1e-07, 'max_features': 0.4, 'max_depth': 120, 'criterion': 'absolute_error', 'ccp_alpha': 0.0, 'bootstrap': False}",8,bootstrap_false,-5.88043552158267,-1.9820282600540204,-4.603840849820129,-2.0943806234993487,-4.7705339853117605,-1.9734842587034656,-4.342896146334132,-1.9407228779244208,-4.75337896634611,-2.061446213257327,46.09297501483448,0.1465457769813252,0.5278546820801391,0.0577600020090405
141.5429651737213,11.471378898620603,-6.18205589140883,-4.629518619509474,False,1e-06,friedman_mse,10.0,0.4,,0.0,2,5,1200,"{'n_estimators': 1200, 'min_samples_split': 5, 'min_samples_leaf': 2, 'min_impurity_decrease': 0.0, 'max_features': 0.4, 'max_depth': 10, 'criterion': 'friedman_mse', 'ccp_alpha': 1e-06, 'bootstrap': False}",38,bootstrap_false,-6.568102947100792,-4.528131596066795,-5.972088009124692,-4.561373585786473,-6.287788344901856,-4.738566302113949,-6.286124997706281,-4.703689843389808,-5.796175158210531,-4.615831770190346,4.256821304810077,0.9111124783744206,0.2698268006185378,0.0806265111750132
1665.737869119644,1.7869542598724366,-4.509229034397487,-0.0144357617757739,False,1e-06,absolute_error,60.0,0.8,,0.0,1,2,200,"{'n_estimators': 200, 'min_samples_split': 2, 'min_samples_leaf': 1, 'min_impurity_decrease': 0.0, 'max_features': 0.8, 'max_depth': 60, 'criterion': 'absolute_error', 'ccp_alpha': 1e-06, 'bootstrap': False}",2,bootstrap_false,-5.311964268585137,-0.0178319327732579,-4.214570143884907,-0.004508643457555,-4.299874040767383,-0.0151838235295508,-4.194392487980769,-0.0071571085784576,-4.525344230769237,-0.0274973005400478,63.8672706834268,0.563813818239235,0.4181911002964967,0.0081758649596598
23.30793690681457,6.723867750167846,-10.872468822269497,-9.671996887049351,False,0.0,friedman_mse,60.0,sqrt,,0.0,8,5,200,"{'n_estimators': 200, 'min_samples_split': 5, 'min_samples_leaf': 8, 'min_impurity_decrease': 0.0, 'max_features': 'sqrt', 'max_depth': 60, 'criterion': 'friedman_mse', 'ccp_alpha': 0.0, 'bootstrap': False}",76,bootstrap_false,-11.625041893441557,-9.65323690394054,-10.795702696673509,-9.713924300207143,-11.08900347511532,-9.663232928617672,-10.908026878913802,-9.657682104410476,-9.94456916720329,-9.67190819807093,6.695620216595689,1.0966258858612106,0.5443176768468443,0.0218704036335525
58.19279375076294,5.691240406036377,-4.984889046223216,-3.033761479068135,False,0.0,squared_error,60.0,0.6,,0.0,4,20,200,"{'n_estimators': 200, 'min_samples_split': 20, 'min_samples_leaf': 4, 'min_impurity_decrease': 0.0, 'max_features': 0.6, 'max_depth': 60, 'criterion': 'squared_error', 'ccp_alpha': 0.0, 'bootstrap': False}",11,bootstrap_false,-5.652655803641037,-2.908326166171088,-4.829778854706338,-2.967126837826601,-4.747030439584546,-3.084956439566948,-4.774550386520262,-3.0838481987368858,-4.920429746663901,-3.124549753039152,4.077969900859421,0.215797842175781,0.3391004817578752,0.0819100815446493
42.6440580368042,6.035500240325928,-17.758335655173507,-17.162309900866884,False,0.0,squared_error,80.0,log2,,1e-06,8,10,400,"{'n_estimators': 400, 'min_samples_split': 10, 'min_samples_leaf': 8, 'min_impurity_decrease': 1e-06, 'max_features': 'log2', 'max_depth': 80, 'criterion': 'squared_error', 'ccp_alpha': 0.0, 'bootstrap': False}",92,bootstrap_false,-18.37099536403303,-16.857283986762404,-17.43606617823388,-17.336115749057683,-18.26785042088377,-17.226716605706443,-18.06588708664639,-17.006927448035977,-16.650879226070476,-17.38450571477192,3.0409354384902767,0.7911061069970607,0.6418508325874818,0.2004555766914737
183.3156294822693,10.38425941467285,-6.258813569101963,-4.631624018420212,False,1e-07,friedman_mse,10.0,0.4,,1e-06,1,5,1600,"{'n_estimators': 1600, 'min_samples_split': 5, 'min_samples_leaf': 1, 'min_impurity_decrease': 1e-06, 'max_features': 0.4, 'max_depth': 10, 'criterion': 'friedman_mse', 'ccp_alpha': 1e-07, 'bootstrap': False}",39,bootstrap_false,-6.608639472166724,-4.530305901843087,-6.025849347663125,-4.5600088634327065,-6.483732961671268,-4.762563648955288,-6.316908819228356,-4.681307871211224,-5.858937244780341,-4.623933806658754,15.410650302293435,0.9768730105501788,0.2794692673335097,0.083745928379089
145.01325869560242,11.9483371257782,-10.92543877274744,-9.73183722449738,False,1e-07,friedman_mse,20.0,sqrt,,1e-05,8,2,1600,"{'n_estimators': 1600, 'min_samples_split': 2, 'min_samples_leaf': 8, 'min_impurity_decrease': 1e-05, 'max_features': 'sqrt', 'max_depth': 20, 'criterion': 'friedman_mse', 'ccp_alpha': 1e-07, 'bootstrap': False}",77,bootstrap_false,-11.457011734045732,-9.5607285518941,-10.838100525005684,-9.7011277140284,-11.165997888601362,-9.838415497040556,-11.12367747619848,-9.755694450072268,-10.042406239885944,-9.80321990945157,6.916365653740713,1.3469289034630727,0.4831379737839277,0.0972057971264966
23.57510361671448,6.14777102470398,-13.946023004869843,-12.008416590925655,False,1e-05,squared_error,40.0,log2,,1e-05,2,20,200,"{'n_estimators': 200, 'min_samples_split': 20, 'min_samples_leaf': 2, 'min_impurity_decrease': 1e-05, 'max_features': 'log2', 'max_depth': 40, 'criterion': 'squared_error', 'ccp_alpha': 1e-05, 'bootstrap': False}",86,bootstrap_false,-14.599957767165291,-11.987115619435832,-13.716479243259576,-11.98225963665951,-14.119263530147894,-11.9023236145896,-14.260201001727095,-12.1220403991351,-13.034213482049354,-12.04834368480824,1.822777568795472,0.2931269617010107,0.5367378710407111,0.0733460017842272
37.20484347343445,7.420800256729126,-13.714987526074273,-11.548195362376251,False,0.0,squared_error,40.0,log2,,1e-07,2,10,400,"{'n_estimators': 400, 'min_samples_split': 10, 'min_samples_leaf': 2, 'min_impurity_decrease': 1e-07, 'max_features': 'log2', 'max_depth': 40, 'criterion': 'squared_error', 'ccp_alpha': 0.0, 'bootstrap': False}",85,bootstrap_false,-14.266638666240244,-11.47311217012816,-13.515721792667,-11.557858909709989,-13.999530431374662,-11.525696871629869,-14.10872255346434,-11.649320929653474,-12.684324186625132,-11.534987930759776,2.9052195172285686,0.3359643965468461,0.5731116242045441,0.0576851256358939
3772.974884557724,1.1430849075317382,-4.936877754201663,-2.5293892729308185,False,0.0,absolute_error,80.0,0.6,,1e-06,2,20,1600,"{'n_estimators': 1600, 'min_samples_split': 20, 'min_samples_leaf': 2, 'min_impurity_decrease': 1e-06, 'max_features': 0.6, 'max_depth': 80, 'criterion': 'absolute_error', 'ccp_alpha': 0.0, 'bootstrap': False}",9,bootstrap_false,-5.931752495503536,-2.530949148409367,-4.76673899130692,-2.6750729516806224,-4.6966391486810695,-2.4786615283613305,-4.542720147235577,-2.395172712957418,-4.746537988281213,-2.567090023245355,67.22077260147461,0.2257450463325788,0.5035924905560416,0.092989142463047
995.114938545227,3.013849830627441,-4.6718853632574655,-0.3727179889616346,False,1e-05,absolute_error,60.0,0.2,,0.0,1,5,400,"{'n_estimators': 400, 'min_samples_split': 5, 'min_samples_leaf': 1, 'min_impurity_decrease': 0.0, 'max_features': 0.2, 'max_depth': 60, 'criterion': 'absolute_error', 'ccp_alpha': 1e-05, 'bootstrap': False}",4,bootstrap_false,-5.298161750599507,-0.3599186074429814,-4.3516334532374135,-0.3658460084033645,-4.730286720623488,-0.3778733793517437,-4.365685546875001,-0.3756010047990404,-4.613659344951919,-0.3843509448110432,31.04994643625093,0.940097414594839,0.3450630998864576,0.0087322823619112
67.5011293888092,6.847325849533081,-4.8133195640615245,-2.030353878514521,False,1e-07,squared_error,60.0,0.8,,1e-06,4,5,200,"{'n_estimators': 200, 'min_samples_split': 5, 'min_samples_leaf': 4, 'min_impurity_decrease': 1e-06, 'max_features': 0.8, 'max_depth': 60, 'criterion': 'squared_error', 'ccp_alpha': 1e-07, 'bootstrap': False}",6,bootstrap_false,-5.3748138509192565,-1.9490007102841187,-4.649221528776973,-1.996977451837876,-4.556774705664036,-2.0661175897501862,-4.812356941105775,-2.0318792013025964,-4.673430793841577,-2.107794439397829,0.8771308852997657,2.334994567095082,0.2924342860900255,0.0547918496853369
157.7150158882141,10.876681900024414,-4.98763270389346,-1.917277003655726,False,1e-05,squared_error,120.0,0.2,,1e-05,2,10,1200,"{'n_estimators': 1200, 'min_samples_split': 10, 'min_samples_leaf': 2, 'min_impurity_decrease': 1e-05, 'max_features': 0.2, 'max_depth': 120, 'criterion': 'squared_error', 'ccp_alpha': 1e-05, 'bootstrap': False}",12,bootstrap_false,-5.514437412609592,-1.7915744674139586,-4.871221665191671,-1.9673409297647624,-4.839455259649442,-1.9400628907356656,-4.867646089600473,-1.941374799333785,-4.845403092416119,-1.9460319310304584,6.287596502132232,1.2404697336139805,0.2636882007334785,0.0636148890904499
125.8401554107666,13.535704851150513,-13.635892460885824,-11.257858659828106,False,1e-05,squared_error,60.0,log2,,0.0,2,2,1600,"{'n_estimators': 1600, 'min_samples_split': 2, 'min_samples_leaf': 2, 'min_impurity_decrease': 0.0, 'max_features': 'log2', 'max_depth': 60, 'criterion': 'squared_error', 'ccp_alpha': 1e-05, 'bootstrap': False}",84,bootstrap_false,-14.161006796069168,-11.12189457001134,-13.410188021289017,-11.280821156333806,-13.90859262697461,-11.234392541423924,-14.020809473755136,-11.369605872206554,-12.678865386341194,-11.282579159164912,3.4164170197675383,3.342631735544363,0.5413159646382675,0.0808241439673199
87.60625653266906,8.997343301773071,-18.380058401873782,-17.81820290710927,False,1e-06,squared_error,10.0,log2,,1e-06,4,50,1200,"{'n_estimators': 1200, 'min_samples_split': 50, 'min_samples_leaf': 4, 'min_impurity_decrease': 1e-06, 'max_features': 'log2', 'max_depth': 10, 'criterion': 'squared_error', 'ccp_alpha': 1e-06, 'bootstrap': False}",98,bootstrap_false,-19.028504627257867,-17.55355370544755,-18.088327121673576,-18.008587344666225,-18.75373421302195,-17.739646146104896,-18.7735934008407,-17.76601327671283,-17.256132646574823,-18.023214062614866,8.75908877998345,1.2241805317660972,0.6423865125818858,0.1773188823031648
1309.7255944728852,2.011954975128174,-5.562376031463288,-3.865784261162769,False,1e-06,absolute_error,120.0,0.8,,0.0,8,20,400,"{'n_estimators': 400, 'min_samples_split': 20, 'min_samples_leaf': 8, 'min_impurity_decrease': 0.0, 'max_features': 0.8, 'max_depth': 120, 'criterion': 'absolute_error', 'ccp_alpha': 1e-06, 'bootstrap': False}",24,bootstrap_false,-7.071508033573145,-4.006808928571429,-5.286414358513188,-4.060393697478987,-5.4546571642685615,-3.882864165666264,-4.83553121995193,-3.564011352729444,-5.163769381009617,-3.81484316136772,72.86979411058499,0.7723840131100447,0.7813358101208615,0.1741920759228299
56.27105350494385,7.28061809539795,-7.493982448862877,-6.330766019822123,False,0.0,friedman_mse,60.0,0.2,,0.0,16,10,400,"{'n_estimators': 400, 'min_samples_split': 10, 'min_samples_leaf': 16, 'min_impurity_decrease': 0.0, 'max_features': 0.2, 'max_depth': 60, 'criterion': 'friedman_mse', 'ccp_alpha': 0.0, 'bootstrap': False}",65,bootstrap_false,-7.928319614851062,-6.146537895869145,-7.732186091884634,-6.349851824569797,-7.669719781765629,-6.382933089415034,-7.277271094718756,-6.464721209746798,-6.862415661094309,-6.309786079509845,9.932656061118086,3.1327619086739027,0.3800299403758982,0.1052709110355508
172.39836955070496,5.249316740036011,-8.492718355267712,-6.762708414973671,False,1e-06,absolute_error,80.0,sqrt,,0.0,2,50,400,"{'n_estimators': 400, 'min_samples_split': 50, 'min_samples_leaf': 2, 'min_impurity_decrease': 0.0, 'max_features': 'sqrt', 'max_depth': 80, 'criterion': 'absolute_error', 'ccp_alpha': 1e-06, 'bootstrap': False}",70,bootstrap_false,-8.895141666666662,-6.706306707683071,-8.56426465827339,-6.689994312725097,-8.550977218225423,-6.83586278511405,-8.474462379807695,-6.804339892021598,-7.97874585336539,-6.777038377324538,8.236092169958418,0.5986685894099423,0.2949435551070513,0.0561401510933404
2906.6145023822783,2.043788623809814,-5.058958695356207,-3.133190887355537,False,0.0,absolute_error,,0.6,,1e-05,4,20,1200,"{'n_estimators': 1200, 'min_samples_split': 20, 'min_samples_leaf': 4, 'min_impurity_decrease': 1e-05, 'max_features': 0.6, 'max_depth': None, 'criterion': 'absolute_error', 'ccp_alpha': 0.0, 'bootstrap': False}",14,bootstrap_false,-6.249253417266146,-3.1691103691476505,-4.869881774580336,-3.209709463785501,-4.750032633892918,-3.1576179421768766,-4.594092497996784,-2.95368753249351,-4.831533153044851,-3.175829129174148,51.66962749551245,0.7653640546963766,0.6026292188686153,0.0914127527103653
34.50310001373291,4.842729282379151,-6.313757513139488,-4.492163319560322,False,1e-05,squared_error,60.0,0.2,,1e-05,8,2,200,"{'n_estimators': 200, 'min_samples_split': 2, 'min_samples_leaf': 8, 'min_impurity_decrease': 1e-05, 'max_features': 0.2, 'max_depth': 60, 'criterion': 'squared_error', 'ccp_alpha': 1e-05, 'bootstrap': False}",43,bootstrap_false,-6.943484970382863,-4.393908787113301,-6.278864266875731,-4.465190265021032,-6.278096733578222,-4.510629823547337,-6.13833502448803,-4.574463915154836,-5.930006570372599,-4.516623806965105,3.3988950066084,0.5241537602535222,0.3397304036553379,0.0601568185102169
214.6032220840454,6.141649150848389,-5.641735939320917,-3.964595505209368,False,1e-06,squared_error,40.0,0.6,,1e-07,2,50,1600,"{'n_estimators': 1600, 'min_samples_split': 50, 'min_samples_leaf': 2, 'min_impurity_decrease': 1e-07, 'max_features': 0.6, 'max_depth': 40, 'criterion': 'squared_error', 'ccp_alpha': 1e-06, 'bootstrap': False}",27,bootstrap_false,-6.654820445053106,-3.937354724960658,-5.403052502511306,-4.081231281808869,-5.417389096131215,-3.8830016441183854,-5.290934976563165,-3.964768439498097,-5.442482676345789,-3.956621435660824,25.559101789071047,2.845440999068703,0.509196363515897,0.0649109210390592
