mean_fit_time,std_fit_time,mean_score_time,std_score_time,param_n_estimators,param_min_samples_split,param_min_samples_leaf,param_min_impurity_decrease,param_max_features,param_max_depth,param_criterion,param_ccp_alpha,params,split0_test_score,split1_test_score,split2_test_score,split3_test_score,split4_test_score,mean_test_score,std_test_score,rank_test_score,split0_train_score,split1_train_score,split2_train_score,split3_train_score,split4_train_score,mean_train_score,std_train_score
1262.7581163406371,106.31524873675906,0.5069448947906494,0.05770501790847372,1200,5,8,1e-05,0.6,120,absolute_error,1e-07,"{'n_estimators': 1200, 'min_samples_split': 5, 'min_samples_leaf': 8, 'min_impurity_decrease': 1e-05, 'max_features': 0.6, 'max_depth': 120, 'criterion': 'absolute_error', 'ccp_alpha': 1e-07}",-7.051991576738582,-7.7201282174260575,-6.844143025579515,-7.731149959935949,-7.219763501602532,-7.313435256256527,0.3570005969990734,31,-5.314196753701469,-5.2023630802320735,-5.351608333333341,-5.2549774145171275,-5.2000822685462795,-5.264645570066058,0.06026415795400162
23.373949337005616,1.4901440040033593,0.29461064338684084,0.01043866985818333,800,20,16,1e-06,0.8,120,friedman_mse,1e-07,"{'n_estimators': 800, 'min_samples_split': 20, 'min_samples_leaf': 16, 'min_impurity_decrease': 1e-06, 'max_features': 0.8, 'max_depth': 120, 'criterion': 'friedman_mse', 'ccp_alpha': 1e-07}",-8.500071065532103,-7.930559282411645,-8.508303919135512,-8.35436440531604,-8.62167491920519,-8.382994718320099,0.24161747605189246,54,-7.334203436847272,-7.060186011505529,-7.484728287811975,-7.210997287979724,-6.813852020860376,-7.180793409000975,0.2306579494265028
21.319777059555054,0.26198622296077906,0.3637227535247803,0.045280791562866865,800,5,4,1e-05,0.4,20,friedman_mse,1e-07,"{'n_estimators': 800, 'min_samples_split': 5, 'min_samples_leaf': 4, 'min_impurity_decrease': 1e-05, 'max_features': 0.4, 'max_depth': 20, 'criterion': 'friedman_mse', 'ccp_alpha': 1e-07}",-6.544020573984301,-7.063779422837551,-6.63289384852102,-7.1241849381010285,-7.427779160650105,-6.958531588818801,0.3275883824829584,25,-4.188980384057489,-4.471595898292328,-4.502703695965735,-4.353942275365359,-4.357470096351023,-4.374938470006387,0.1104472773812377
74.0824577331543,3.4639043808133434,0.4591545581817627,0.020985890489454196,1200,2,4,1e-07,sqrt,60,absolute_error,1e-05,"{'n_estimators': 1200, 'min_samples_split': 2, 'min_samples_leaf': 4, 'min_impurity_decrease': 1e-07, 'max_features': 'sqrt', 'max_depth': 60, 'criterion': 'absolute_error', 'ccp_alpha': 1e-05}",-8.960869374500366,-8.871963509192609,-9.190212230215803,-9.431362750400611,-9.006659795673043,-9.092213531996487,0.19885006374109354,75,-7.2982438025209655,-7.2337292817126535,-7.428332868147234,-7.131410647870403,-7.171228094381096,-7.25258893892647,0.1045272664393487
122.89887399673462,2.3715945164731784,0.7811817646026611,0.09553759907067821,1600,2,1,1e-05,log2,120,absolute_error,1e-07,"{'n_estimators': 1600, 'min_samples_split': 2, 'min_samples_leaf': 1, 'min_impurity_decrease': 1e-05, 'max_features': 'log2', 'max_depth': 120, 'criterion': 'absolute_error', 'ccp_alpha': 1e-07}",-10.325257284172588,-10.357377375599508,-10.565060154376411,-10.762437289663383,-10.03863642578121,-10.409753705918622,0.24335848621233286,83,-4.002686333283212,-4.053889041866667,-4.1178769057622455,-3.935377811937569,-3.974215248200299,-4.016809068209999,0.06361504048069712
1067.234867620468,66.02265694962969,0.6826033592224121,0.21849725196094288,1200,20,1,1e-06,0.2,40,absolute_error,1e-07,"{'n_estimators': 1200, 'min_samples_split': 20, 'min_samples_leaf': 1, 'min_impurity_decrease': 1e-06, 'max_features': 0.2, 'max_depth': 40, 'criterion': 'absolute_error', 'ccp_alpha': 1e-07}",-5.90940551558748,-6.509726418864916,-6.203529716226988,-6.658811388221131,-6.436466917067309,-6.343587991193564,0.26219267898406684,10,-2.802521923769465,-2.9144689525810197,-2.9900750350139944,-2.8470333733253352,-3.1234677864427307,-2.935513414226509,0.11336854946232598
51.175619506835936,4.890455903152642,0.3562811851501465,0.03032562420099795,800,20,1,1e-05,,40,friedman_mse,1e-06,"{'n_estimators': 800, 'min_samples_split': 20, 'min_samples_leaf': 1, 'min_impurity_decrease': 1e-05, 'max_features': None, 'max_depth': 40, 'criterion': 'friedman_mse', 'ccp_alpha': 1e-06}",-6.28059354744094,-7.336549300921715,-6.813445718974343,-7.340271779653762,-7.485402719066595,-7.051252613211472,0.4480803739519206,26,-3.5144881712351914,-3.7936171991870147,-3.877018987282239,-3.683491236988376,-3.5646194585931235,-3.6866470106571887,0.135811235970785
6.27339391708374,0.4057181271401765,0.18190131187438965,0.004486700565230737,400,10,1,1e-05,0.4,10,friedman_mse,0.0,"{'n_estimators': 400, 'min_samples_split': 10, 'min_samples_leaf': 1, 'min_impurity_decrease': 1e-05, 'max_features': 0.4, 'max_depth': 10, 'criterion': 'friedman_mse', 'ccp_alpha': 0.0}",-8.370843052628734,-8.86445270783134,-8.305481223122584,-9.021304453053432,-8.970018898441753,-8.706420067015568,0.30560586551632923,67,-7.084956259401251,-7.312338867301874,-7.360314887990051,-7.019695749376036,-7.3641805778556515,-7.228297268384972,0.14629911456786873
3.0017701625823974,0.2689389004650958,0.27985391616821287,0.02020079783098108,800,10,8,1e-06,log2,60,friedman_mse,1e-07,"{'n_estimators': 800, 'min_samples_split': 10, 'min_samples_leaf': 8, 'min_impurity_decrease': 1e-06, 'max_features': 'log2', 'max_depth': 60, 'criterion': 'friedman_mse', 'ccp_alpha': 1e-07}",-18.31987529018471,-18.56256596655871,-18.46274880012383,-18.666777324535335,-17.548413426629583,-18.312076161606434,0.39862310534258877,98,-17.92213793521449,-17.739949005182567,-17.942727987428725,-17.44307366911263,-17.795570450738293,-17.76869180953534,0.17967197234349216
31.7515691280365,2.451739514380848,0.37831645011901854,0.04543946265140615,1200,50,16,1e-05,0.8,40,squared_error,1e-07,"{'n_estimators': 1200, 'min_samples_split': 50, 'min_samples_leaf': 16, 'min_impurity_decrease': 1e-05, 'max_features': 0.8, 'max_depth': 40, 'criterion': 'squared_error', 'ccp_alpha': 1e-07}",-8.751596174840072,-8.047047961985092,-8.662184568324193,-8.710490320132301,-8.871034292229425,-8.608470663502217,0.2891066290540752,64,-7.6844054126453045,-7.397231448101112,-7.816505963653205,-7.7370679202628345,-7.131619984787082,-7.553366145889908,0.25393229935974043
46.97634739875794,3.0124600809569366,0.3695836067199707,0.02375839932264833,1200,2,8,1e-07,sqrt,10,absolute_error,1e-06,"{'n_estimators': 1200, 'min_samples_split': 2, 'min_samples_leaf': 8, 'min_impurity_decrease': 1e-07, 'max_features': 'sqrt', 'max_depth': 10, 'criterion': 'absolute_error', 'ccp_alpha': 1e-06}",-12.369659572342089,-11.937904236610683,-12.04481333932852,-12.463590945512793,-11.980596183894214,-12.15931285553766,0.21489646892394845,86,-11.42286059423766,-11.481925660264075,-11.600076930772294,-11.380590256948585,-11.464995810837813,-11.470089850612087,0.07389649053037568
147.55874824523926,16.4717787485538,0.20987548828125,0.030415260824033636,200,10,8,1e-06,0.4,80,absolute_error,1e-06,"{'n_estimators': 200, 'min_samples_split': 10, 'min_samples_leaf': 8, 'min_impurity_decrease': 1e-06, 'max_features': 0.4, 'max_depth': 80, 'criterion': 'absolute_error', 'ccp_alpha': 1e-06}",-7.112137709832137,-7.6786260791366905,-6.879320623501208,-7.818363762019227,-7.369973617788461,-7.3716843584555445,0.3474262933072759,34,-5.4624193577430935,-5.3044361944777885,-5.493893037214887,-5.377990611877624,-5.36674619076185,-5.401097078415049,0.06845251006867224
12.863612461090089,0.6174498505346719,0.3376802444458008,0.03859442563514571,800,20,2,1e-07,0.2,20,friedman_mse,1e-05,"{'n_estimators': 800, 'min_samples_split': 20, 'min_samples_leaf': 2, 'min_impurity_decrease': 1e-07, 'max_features': 0.2, 'max_depth': 20, 'criterion': 'friedman_mse', 'ccp_alpha': 1e-05}",-6.958036301717364,-7.449011703449616,-7.304740743186258,-7.820208852662483,-7.443605667257969,-7.395120653654738,0.277548654348225,35,-5.223088753790944,-5.302155274236826,-5.435224467374971,-5.135086746529434,-5.170389458533431,-5.253188940093121,0.10699956874566156
225.8993003845215,12.855396117756962,0.21869468688964844,0.03623057445389114,200,20,8,0.0,0.6,60,absolute_error,0.0,"{'n_estimators': 200, 'min_samples_split': 20, 'min_samples_leaf': 8, 'min_impurity_decrease': 0.0, 'max_features': 0.6, 'max_depth': 60, 'criterion': 'absolute_error', 'ccp_alpha': 0.0}",-7.154904736211024,-7.727267266187058,-6.932938429256603,-7.8051293269230735,-7.35836544471154,-7.395721040657859,0.33199208513956463,36,-5.470967436974792,-5.32460912364946,-5.525120468187277,-5.426796160767844,-5.401688992201561,-5.429836436356187,0.06729801655538739
3.007395696640015,0.17415191147086176,0.1463696002960205,0.01545577264517695,200,50,4,1e-06,0.2,60,friedman_mse,0.0,"{'n_estimators': 200, 'min_samples_split': 50, 'min_samples_leaf': 4, 'min_impurity_decrease': 1e-06, 'max_features': 0.2, 'max_depth': 60, 'criterion': 'friedman_mse', 'ccp_alpha': 0.0}",-7.721295220589393,-7.928709075374062,-7.742642579069052,-8.050672376901089,-8.323474973803387,-7.953358845147396,0.2215032071716121,50,-6.658417995592421,-6.37519490383151,-6.631637754065511,-6.346433574919846,-6.504804605046822,-6.5032977666912215,0.12771251032562483
102.33926463127136,3.828732427415118,0.4365830898284912,0.07296525852017256,1200,10,2,1e-05,sqrt,80,absolute_error,1e-05,"{'n_estimators': 1200, 'min_samples_split': 10, 'min_samples_leaf': 2, 'min_impurity_decrease': 1e-05, 'max_features': 'sqrt', 'max_depth': 80, 'criterion': 'absolute_error', 'ccp_alpha': 1e-05}",-7.806874720223784,-7.976417246203021,-8.158456874500361,-8.49106667668267,-7.9826601061698454,-8.083095124755937,0.23232961718941225,53,-5.25407811124445,-5.1890799569827575,-5.323096263505358,-5.123770355928797,-5.078273785242934,-5.19365969458086,0.08789040012937893
583.0139810562134,52.821497143360375,0.5532848834991455,0.21097437124963656,800,2,2,0.0,0.2,120,absolute_error,1e-06,"{'n_estimators': 800, 'min_samples_split': 2, 'min_samples_leaf': 2, 'min_impurity_decrease': 0.0, 'max_features': 0.2, 'max_depth': 120, 'criterion': 'absolute_error', 'ccp_alpha': 1e-06}",-5.6181602218225315,-6.235088863908881,-5.640378012589913,-6.217770522836522,-5.90231425781249,-5.922742375794068,0.26740200684170595,4,-1.803873882052815,-1.750334146158468,-1.8370843112244928,-1.7793779094181155,-1.6846276169766117,-1.7710595731661005,0.05177888758323035
35.0060133934021,1.390171202596367,0.4870456218719482,0.05657012416079728,1600,5,8,1e-07,log2,20,absolute_error,1e-05,"{'n_estimators': 1600, 'min_samples_split': 5, 'min_samples_leaf': 8, 'min_impurity_decrease': 1e-07, 'max_features': 'log2', 'max_depth': 20, 'criterion': 'absolute_error', 'ccp_alpha': 1e-05}",-18.062992993105496,-18.00281995653475,-17.987948313848893,-18.389612079326902,-17.236127569110565,-17.93590018238532,0.3791770147077809,97,-17.501985440426147,-17.294952753601407,-17.473805195828298,-17.372640885572874,-17.407811810137954,-17.410239217113336,0.07371363327159092
22.76038851737976,1.7005903868716563,0.2610291004180908,0.0493349021372085,400,20,2,0.0,0.8,,friedman_mse,1e-06,"{'n_estimators': 400, 'min_samples_split': 20, 'min_samples_leaf': 2, 'min_impurity_decrease': 0.0, 'max_features': 0.8, 'max_depth': None, 'criterion': 'friedman_mse', 'ccp_alpha': 1e-06}",-6.0938036372284925,-6.90237008994648,-6.447568915256689,-7.05591678871373,-6.815954394627113,-6.6631227651545,0.3479861106307031,18,-3.628873882439649,-3.6897684385869938,-3.774247322458626,-3.5573209414778764,-3.3955847787302953,-3.609159072738688,0.12840704396052438
408.9326265335083,70.18390481996198,0.22653722763061523,0.03829619834320557,200,5,8,1e-05,,120,absolute_error,1e-05,"{'n_estimators': 200, 'min_samples_split': 5, 'min_samples_leaf': 8, 'min_impurity_decrease': 1e-05, 'max_features': None, 'max_depth': 120, 'criterion': 'absolute_error', 'ccp_alpha': 1e-05}",-7.492839568345324,-7.993255695443654,-7.298991067146302,-8.09096243990383,-7.750622175480767,-7.725334189263975,0.29729703662149126,45,-5.61368487394958,-5.472747298919575,-5.6139430972388915,-5.429817606478705,-5.455300029994002,-5.5170985813161515,0.08013967550881682
34.37407994270325,1.8348284252955234,0.1727311134338379,0.0314249383245149,200,5,16,1e-06,0.2,10,absolute_error,1e-07,"{'n_estimators': 200, 'min_samples_split': 5, 'min_samples_leaf': 16, 'min_impurity_decrease': 1e-06, 'max_features': 0.2, 'max_depth': 10, 'criterion': 'absolute_error', 'ccp_alpha': 1e-07}",-9.245530275779377,-9.077697541966433,-8.772038129496403,-9.584114423076919,-9.384317247596154,-9.212739523583057,0.27600272474381693,80,-8.452624039615847,-8.407683733493402,-8.636212845138052,-8.401340191961609,-8.438644181163768,-8.467300998274535,0.08657122446017301
23.999269485473633,2.829609092959934,0.2553555488586426,0.04761351797490425,400,50,2,1e-06,,60,squared_error,1e-05,"{'n_estimators': 400, 'min_samples_split': 50, 'min_samples_leaf': 2, 'min_impurity_decrease': 1e-06, 'max_features': None, 'max_depth': 60, 'criterion': 'squared_error', 'ccp_alpha': 1e-05}",-7.58529329490142,-7.843580467002345,-8.104711288578473,-8.348323605624035,-8.19653700451147,-8.01568913212355,0.2706061934088016,52,-5.9876500846759475,-5.619743150082368,-5.945189846927392,-5.466847912379141,-5.154162667291754,-5.63471873227132,0.30993285220116923
2.3904793739318846,0.3478439976638744,0.23799376487731932,0.051370625138499465,400,2,4,1e-07,log2,80,friedman_mse,1e-06,"{'n_estimators': 400, 'min_samples_split': 2, 'min_samples_leaf': 4, 'min_impurity_decrease': 1e-07, 'max_features': 'log2', 'max_depth': 80, 'criterion': 'friedman_mse', 'ccp_alpha': 1e-06}",-16.269545019898615,-16.567403361477087,-16.450560857833544,-16.631719435233983,-15.412585451252246,-16.266362825139094,0.4442939798898496,93,-15.350811508119413,-15.334043971660895,-15.288802928198706,-14.903862357880701,-14.953535674540328,-15.16621128808001,0.19561781049523658
3793.067939758301,580.8583265498875,0.7160750389099121,0.05279394820388522,1600,2,2,1e-06,0.6,40,absolute_error,1e-06,"{'n_estimators': 1600, 'min_samples_split': 2, 'min_samples_leaf': 2, 'min_impurity_decrease': 1e-06, 'max_features': 0.6, 'max_depth': 40, 'criterion': 'absolute_error', 'ccp_alpha': 1e-06}",-5.783138871402793,-6.673921155575611,-5.808282074340443,-6.467983518629812,-6.069474399038408,-6.160560003797413,0.3557785625306239,8,-1.954847959183675,-1.9405589098139184,-2.022500067526989,-1.9976485715357124,-2.4905686225254744,-2.081224826117154,0.20676263867762124
639.3948367595673,93.7269298275718,0.21759982109069825,0.06555684520734932,200,50,2,1e-06,0.8,40,absolute_error,1e-05,"{'n_estimators': 200, 'min_samples_split': 50, 'min_samples_leaf': 2, 'min_impurity_decrease': 1e-06, 'max_features': 0.8, 'max_depth': 40, 'criterion': 'absolute_error', 'ccp_alpha': 1e-05}",-6.799578836930459,-7.987977877697847,-7.067622541966418,-7.629616406250012,-6.933645372596146,-7.283688207088176,0.45150116256795025,30,-4.920607923169267,-5.008675270108046,-4.80628304321729,-4.93916901619676,-5.203485482903423,-4.975644147118958,0.13118333279437078
4.945085334777832,0.10276500360594269,0.15771312713623048,0.03648232536930081,200,5,16,1e-07,0.6,20,squared_error,1e-06,"{'n_estimators': 200, 'min_samples_split': 5, 'min_samples_leaf': 16, 'min_impurity_decrease': 1e-07, 'max_features': 0.6, 'max_depth': 20, 'criterion': 'squared_error', 'ccp_alpha': 1e-06}",-8.467345627818977,-7.961576854709259,-8.394371651721134,-8.469534915995677,-8.758419675495183,-8.410249745148047,0.25673194120089754,58,-7.351576170467957,-7.160941652426354,-7.495121720124613,-7.264068800217226,-6.954488668019497,-7.24523940225113,0.18206884817021474
71.64180660247803,3.517064208152013,0.5416315078735352,0.04436215679970402,1200,2,1,0.0,0.6,,squared_error,1e-06,"{'n_estimators': 1200, 'min_samples_split': 2, 'min_samples_leaf': 1, 'min_impurity_decrease': 0.0, 'max_features': 0.6, 'max_depth': None, 'criterion': 'squared_error', 'ccp_alpha': 1e-06}",-5.126470892286154,-5.761568863813762,-5.4771934898747645,-6.078522282986103,-5.96702140772852,-5.68215538733786,0.34506709586327367,1,-0.01842839814541177,-0.016178337645016586,-0.013291466086881858,-0.014470134640190993,-0.007669259981758081,-0.014007519299851858,0.0036099002311739095
60.226572036743164,5.889343728489589,0.42962021827697755,0.04872495382197391,1200,50,1,0.0,,20,friedman_mse,1e-07,"{'n_estimators': 1200, 'min_samples_split': 50, 'min_samples_leaf': 1, 'min_impurity_decrease': 0.0, 'max_features': None, 'max_depth': 20, 'criterion': 'friedman_mse', 'ccp_alpha': 1e-07}",-7.771146596406516,-8.45842862572498,-8.737004663578665,-8.661443035183389,-8.983344880398281,-8.522273560258366,0.41142003918878184,61,-6.524830541536672,-6.582509100491697,-6.916169944294062,-6.351231429501437,-6.4883536993620465,-6.572618943037182,0.18789459781389298
17.703108930587767,1.4747628083217592,0.30942611694335936,0.02769486448334638,800,50,16,1e-07,0.6,,squared_error,0.0,"{'n_estimators': 800, 'min_samples_split': 50, 'min_samples_leaf': 16, 'min_impurity_decrease': 1e-07, 'max_features': 0.6, 'max_depth': None, 'criterion': 'squared_error', 'ccp_alpha': 0.0}",-8.860820314732369,-8.144750386345722,-8.596510604490721,-8.756999244452548,-9.053514155874371,-8.682518941179145,0.3071053881848897,66,-7.811144598055004,-7.579971159296707,-7.926615784434723,-7.756376336490421,-7.299180135515429,-7.674657602758456,0.21851243791789984
7.554664516448975,0.6756762350241479,0.18447265625,0.03478997181754662,200,5,16,1e-06,,,friedman_mse,1e-07,"{'n_estimators': 200, 'min_samples_split': 5, 'min_samples_leaf': 16, 'min_impurity_decrease': 1e-06, 'max_features': None, 'max_depth': None, 'criterion': 'friedman_mse', 'ccp_alpha': 1e-07}",-9.002575805698529,-8.44712970843328,-9.000876781445848,-8.38318436622349,-8.836461674377315,-8.73404566723569,0.26803758589265736,68,-7.65276373921186,-7.389450205298356,-7.793280610405229,-7.498739184247748,-7.158328710781454,-7.49851248998893,0.21831231283126817
4.6691162109375,0.25573654598559054,0.13254599571228026,0.01838779071846205,200,2,16,1e-07,0.6,60,friedman_mse,0.0,"{'n_estimators': 200, 'min_samples_split': 2, 'min_samples_leaf': 16, 'min_impurity_decrease': 1e-07, 'max_features': 0.6, 'max_depth': 60, 'criterion': 'friedman_mse', 'ccp_alpha': 0.0}",-8.455148519816383,-7.9711199585939285,-8.373465448279628,-8.48263707248822,-8.757499852478468,-8.407974170331325,0.25377179705341457,57,-7.325041227452015,-7.159167372756885,-7.478188635208308,-7.245290563376433,-6.937347066544008,-7.22900697306753,0.1797344179174558
2.445788097381592,0.1724198500940019,0.18901448249816893,0.02449185468357498,400,5,16,1e-05,sqrt,20,friedman_mse,1e-07,"{'n_estimators': 400, 'min_samples_split': 5, 'min_samples_leaf': 16, 'min_impurity_decrease': 1e-05, 'max_features': 'sqrt', 'max_depth': 20, 'criterion': 'friedman_mse', 'ccp_alpha': 1e-07}",-13.57385011766769,-13.578643530034368,-13.623070018803094,-13.654083130805576,-13.031148054134885,-13.492158970289122,0.23239674000713126,90,-12.929137064264497,-12.897494646456005,-13.098881009361376,-12.71039428002553,-12.784228163908795,-12.88402703280324,0.13303132703882617
7.729221820831299,0.331564756706954,0.525428295135498,0.041980727436809195,1600,2,2,1e-07,log2,40,squared_error,1e-07,"{'n_estimators': 1600, 'min_samples_split': 2, 'min_samples_leaf': 2, 'min_impurity_decrease': 1e-07, 'max_features': 'log2', 'max_depth': 40, 'criterion': 'squared_error', 'ccp_alpha': 1e-07}",-14.150040189100428,-14.428692092221164,-14.365622422297413,-14.719907822748484,-13.562340489813774,-14.245320603236252,0.38700668010120803,91,-11.99548655675283,-11.987650653955395,-11.994695508199355,-11.782184420659721,-11.837699831800895,-11.919543394273639,0.09123558442483015
0.8956094741821289,0.046268855058240806,0.14244565963745118,0.011772434154803186,200,10,4,1e-05,log2,80,friedman_mse,0.0,"{'n_estimators': 200, 'min_samples_split': 10, 'min_samples_leaf': 4, 'min_impurity_decrease': 1e-05, 'max_features': 'log2', 'max_depth': 80, 'criterion': 'friedman_mse', 'ccp_alpha': 0.0}",-16.116343448231238,-16.446581859012415,-16.569471148834772,-16.61938595801272,-15.647113148195311,-16.27977911245729,0.3616780005539531,94,-15.209560168749604,-15.289312608989961,-15.499261594025072,-14.913034798951509,-15.279991976957588,-15.238232229534745,0.18924315930777397
23.55499396324158,1.3946121702869445,0.2041309356689453,0.02522713065259497,400,2,4,0.0,sqrt,20,absolute_error,0.0,"{'n_estimators': 400, 'min_samples_split': 2, 'min_samples_leaf': 4, 'min_impurity_decrease': 0.0, 'max_features': 'sqrt', 'max_depth': 20, 'criterion': 'absolute_error', 'ccp_alpha': 0.0}",-9.349533752997607,-9.212358273381302,-9.477280605515585,-9.790823227163465,-9.294078094951923,-9.424814790801976,0.20229282107408464,82,-7.869957022809132,-7.826622644057627,-7.947206737695077,-7.703106988602283,-7.7484728104379075,-7.819073240720405,0.08659900484850513
4.036840915679932,0.2974856978553943,0.3378575801849365,0.019138572065598367,1200,10,2,0.0,log2,10,friedman_mse,1e-05,"{'n_estimators': 1200, 'min_samples_split': 10, 'min_samples_leaf': 2, 'min_impurity_decrease': 0.0, 'max_features': 'log2', 'max_depth': 10, 'criterion': 'friedman_mse', 'ccp_alpha': 1e-05}",-18.182088534551653,-18.615436314486065,-18.295074551796702,-19.22533510596709,-17.641807872179875,-18.391948475796276,0.5216544386227244,99,-17.54413110121072,-17.6075507880944,-17.585868009302903,-17.661081959987563,-17.682765857998564,-17.616279543318832,0.050267557821419194
1.2601162433624267,0.12942473546781522,0.15065579414367675,0.0207133803992354,200,20,1,1e-05,sqrt,10,squared_error,0.0,"{'n_estimators': 200, 'min_samples_split': 20, 'min_samples_leaf': 1, 'min_impurity_decrease': 1e-05, 'max_features': 'sqrt', 'max_depth': 10, 'criterion': 'squared_error', 'ccp_alpha': 0.0}",-11.979500665030594,-12.088421604987776,-11.72168561215837,-12.55671014408289,-11.919555653291708,-12.053174735910268,0.27855240662717196,85,-10.80797705693698,-10.975665202407221,-10.710161680903772,-10.809396445353611,-10.828766783260704,-10.826393433772457,0.08535288469070933
337.2230584144592,51.680803420154795,0.24614396095275878,0.030877638160836766,400,5,16,0.0,0.8,60,absolute_error,0.0,"{'n_estimators': 400, 'min_samples_split': 5, 'min_samples_leaf': 16, 'min_impurity_decrease': 0.0, 'max_features': 0.8, 'max_depth': 60, 'criterion': 'absolute_error', 'ccp_alpha': 0.0}",-8.378182793765014,-8.556179586330927,-8.492164358513202,-8.865511568509607,-8.12764873798078,-8.483937409019905,0.24042092663884793,59,-7.155349519807934,-7.17391257503001,-7.34704668367348,-7.283275314937005,-6.889143806238748,-7.169745579937436,0.15702652509260698
399.5283836364746,63.65516159298257,0.21455249786376954,0.014442299168385244,200,20,8,1e-06,,40,absolute_error,1e-05,"{'n_estimators': 200, 'min_samples_split': 20, 'min_samples_leaf': 8, 'min_impurity_decrease': 1e-06, 'max_features': None, 'max_depth': 40, 'criterion': 'absolute_error', 'ccp_alpha': 1e-05}",-7.512627937649875,-8.25039460431656,-7.36036936450841,-8.174819471153837,-7.6761863581730685,-7.794879547160351,0.3562025985732412,47,-5.71690393157263,-5.662747929171674,-5.749423169267702,-5.587381613677265,-5.72497870425915,-5.688287069589684,0.057856688903692076
24.392119693756104,1.14679844300224,0.48284573554992677,0.025335338910914884,1600,50,4,1e-07,0.2,80,friedman_mse,1e-07,"{'n_estimators': 1600, 'min_samples_split': 50, 'min_samples_leaf': 4, 'min_impurity_decrease': 1e-07, 'max_features': 0.2, 'max_depth': 80, 'criterion': 'friedman_mse', 'ccp_alpha': 1e-07}",-7.768604002744825,-7.903443002116987,-7.709182230264415,-8.10638243199103,-8.31046164442867,-7.9596146623091855,0.22225710948158744,51,-6.65448218848314,-6.360746819474808,-6.619136367152204,-6.381159100866435,-6.4603059624394685,-6.495166087683211,0.1208566185249662
21.99086751937866,2.2594114473598497,0.2410973072052002,0.036355982532555314,400,10,4,1e-05,,,friedman_mse,1e-05,"{'n_estimators': 400, 'min_samples_split': 10, 'min_samples_leaf': 4, 'min_impurity_decrease': 1e-05, 'max_features': None, 'max_depth': None, 'criterion': 'friedman_mse', 'ccp_alpha': 1e-05}",-6.9161502937174175,-7.6663005988499116,-7.514505406579461,-7.0035846161716355,-8.293222402595283,-7.478752663582742,0.49842141653032696,40,-4.070796774138235,-4.357044003581955,-4.4349456587396725,-4.213898032179264,-4.018480679562152,-4.219033029640256,0.15992929256330374
7.026368808746338,0.4389707983368371,0.1972440719604492,0.012102245079228758,400,5,4,1e-05,0.2,80,squared_error,1e-05,"{'n_estimators': 400, 'min_samples_split': 5, 'min_samples_leaf': 4, 'min_impurity_decrease': 1e-05, 'max_features': 0.2, 'max_depth': 80, 'criterion': 'squared_error', 'ccp_alpha': 1e-05}",-6.507247298699119,-6.918050740060279,-6.550617708221749,-7.0481902978079365,-7.190029491197971,-6.84282710719741,0.27069623978768637,21,-3.8693370812510572,-3.826400590884358,-3.954236318481472,-3.804599678933968,-3.789363883441816,-3.8487875105985347,0.05920581397785433
41.35050706863403,0.9189295076368907,0.672747802734375,0.08343250358981301,1600,2,1,1e-07,0.2,80,squared_error,1e-05,"{'n_estimators': 1600, 'min_samples_split': 2, 'min_samples_leaf': 1, 'min_impurity_decrease': 1e-07, 'max_features': 0.2, 'max_depth': 80, 'criterion': 'squared_error', 'ccp_alpha': 1e-05}",-5.334594974595818,-5.6262283365095405,-5.524721658736152,-6.362106315191616,-6.0587910347474825,-5.7812884639561215,0.37516990689847335,2,-0.025502396828657726,-0.02801332609116448,-0.024994588089827678,-0.024814312989188517,-0.01851232829344884,-0.02436739045845745,0.0031450264123413915
9.53448166847229,0.22627751742578717,0.21202683448791504,0.020183098741181925,400,20,2,0.0,0.4,20,friedman_mse,1e-06,"{'n_estimators': 400, 'min_samples_split': 20, 'min_samples_leaf': 2, 'min_impurity_decrease': 0.0, 'max_features': 0.4, 'max_depth': 20, 'criterion': 'friedman_mse', 'ccp_alpha': 1e-06}",-6.686456526540038,-7.498281355905834,-7.091037777756161,-7.604322919223207,-7.248544115316016,-7.2257285389482515,0.3246829831850119,29,-4.775718587955881,-5.289038201791643,-5.321758308390899,-4.877811147819143,-4.9431150427236785,-5.0414882577362485,0.22223108658046925
1996.4312427043915,165.53031321244444,0.4757693767547607,0.09855997774648247,1200,50,4,0.0,0.6,,absolute_error,1e-06,"{'n_estimators': 1200, 'min_samples_split': 50, 'min_samples_leaf': 4, 'min_impurity_decrease': 0.0, 'max_features': 0.6, 'max_depth': None, 'criterion': 'absolute_error', 'ccp_alpha': 1e-06}",-6.729405395683391,-7.835204556354879,-7.106581035171838,-7.71431080729165,-7.202047746394276,-7.317509908179207,0.40722183639297277,32,-5.524947854141613,-5.508874794917961,-5.616992121848751,-5.319769721055797,-5.438643301339714,-5.481845558660767,0.09898281992636518
48.51581964492798,3.1675432006782853,0.5315278530120849,0.04681855538828279,1600,50,16,0.0,,40,friedman_mse,1e-06,"{'n_estimators': 1600, 'min_samples_split': 50, 'min_samples_leaf': 16, 'min_impurity_decrease': 0.0, 'max_features': None, 'max_depth': 40, 'criterion': 'friedman_mse', 'ccp_alpha': 1e-06}",-9.16811069688872,-8.363519234695207,-9.09289616212154,-8.919719529281805,-9.116164888711907,-8.932082102339837,0.2962680202734001,72,-7.877484811430589,-7.5918271149985195,-8.036048484828276,-8.095818245534009,-7.435788049363213,-7.807393341230922,0.25492909019830867
22.11148934364319,1.2705097561015295,0.47054381370544435,0.05824117344958059,1200,50,1,1e-07,0.2,80,friedman_mse,0.0,"{'n_estimators': 1200, 'min_samples_split': 50, 'min_samples_leaf': 1, 'min_impurity_decrease': 1e-07, 'max_features': 0.2, 'max_depth': 80, 'criterion': 'friedman_mse', 'ccp_alpha': 0.0}",-6.989387030528941,-7.298570814193551,-7.343047359171942,-7.5681673225098,-7.801392225232297,-7.400112950327307,0.27259141467649256,37,-5.108587084754826,-4.882023227298202,-5.057023563266945,-4.970163916337608,-4.998682697952456,-5.003296097922008,0.07719969754575375
11.553314685821533,0.1358622355799263,0.1984569549560547,0.012704910877492337,400,2,4,1e-06,log2,20,absolute_error,1e-05,"{'n_estimators': 400, 'min_samples_split': 2, 'min_samples_leaf': 4, 'min_impurity_decrease': 1e-06, 'max_features': 'log2', 'max_depth': 20, 'criterion': 'absolute_error', 'ccp_alpha': 1e-05}",-16.656120263788985,-16.09725086930457,-16.528023651079145,-16.70026532451923,-15.518802433894242,-16.30009250851723,0.4450630432294434,95,-15.72309275210085,-15.127530972388968,-15.567486644657873,-15.3997624025195,-15.219270110977813,-15.407428576529,0.218662984566869
17.673408365249635,0.4551835768833735,0.42873682975769045,0.02647639345557896,1200,20,16,1e-07,0.2,,friedman_mse,1e-07,"{'n_estimators': 1200, 'min_samples_split': 20, 'min_samples_leaf': 16, 'min_impurity_decrease': 1e-07, 'max_features': 0.2, 'max_depth': None, 'criterion': 'friedman_mse', 'ccp_alpha': 1e-07}",-9.272821060358936,-9.024308502722457,-8.84479863797417,-9.248532720946297,-9.279298362462837,-9.13395185689294,0.17272538081284652,76,-8.155625818631766,-8.172260671387898,-8.244478871683667,-8.031220453783444,-7.893010062585058,-8.099319175614367,0.12390570870661746
151.17190713882445,16.798472744012926,0.19904513359069825,0.03967725701625133,200,50,16,1e-05,0.8,10,absolute_error,1e-05,"{'n_estimators': 200, 'min_samples_split': 50, 'min_samples_leaf': 16, 'min_impurity_decrease': 1e-05, 'max_features': 0.8, 'max_depth': 10, 'criterion': 'absolute_error', 'ccp_alpha': 1e-05}",-9.1638732613909,-8.934508932853722,-8.897991726618702,-9.501206009615386,-9.228083413461547,-9.145132668788051,0.21884298633322474,78,-8.191604741896764,-8.229056872749094,-8.656438715486193,-8.427907558488304,-8.36649865026995,-8.37430130777806,0.16553550042173157
0.9373040676116944,0.11115331146400398,0.17456345558166503,0.031240894465352963,200,5,4,0.0,log2,20,squared_error,1e-06,"{'n_estimators': 200, 'min_samples_split': 5, 'min_samples_leaf': 4, 'min_impurity_decrease': 0.0, 'max_features': 'log2', 'max_depth': 20, 'criterion': 'squared_error', 'ccp_alpha': 1e-06}",-16.664440011591108,-16.95689430040985,-16.903124745093994,-17.108817912555814,-15.876961656419017,-16.70204772521395,0.4365826591074065,96,-15.850583892379085,-15.814183020390427,-15.87710287038233,-15.447932750601078,-15.614242458452477,-15.720808998441077,0.16480648018714938
491.13245086669923,54.04413243631154,0.2745205402374268,0.1133362761069781,200,5,4,0.0,0.8,120,absolute_error,0.0,"{'n_estimators': 200, 'min_samples_split': 5, 'min_samples_leaf': 4, 'min_impurity_decrease': 0.0, 'max_features': 0.8, 'max_depth': 120, 'criterion': 'absolute_error', 'ccp_alpha': 0.0}",-5.9338959232613835,-7.030094664268585,-6.573108153477215,-6.397253004807691,-6.802965685096148,-6.547463486182205,0.3736041272938345,12,-3.3900015906362513,-3.3925763205282053,-3.5290579831932765,-3.321091841631665,-3.4471614277144607,-3.415977832740772,0.06926078870227982
6453.494751214981,1021.9383794976106,0.5341896057128906,0.0665564399480264,1200,5,1,0.0,,40,absolute_error,1e-05,"{'n_estimators': 1200, 'min_samples_split': 5, 'min_samples_leaf': 1, 'min_impurity_decrease': 0.0, 'max_features': None, 'max_depth': 40, 'criterion': 'absolute_error', 'ccp_alpha': 1e-05}",-6.189202188249405,-6.5638571342925855,-6.8117807254197205,-6.863755388621791,-7.075825420673059,-6.700884171451312,0.30331530798117035,19,-1.452329661864831,-1.5012862494999533,-1.4477719087636076,-1.6104163317336841,-2.526081373725357,-1.7075771051174864,0.4134236006966106
38.580588006973265,1.2223762734981962,0.48506579399108884,0.06878536087593076,1200,2,4,1e-06,0.6,20,friedman_mse,1e-05,"{'n_estimators': 1200, 'min_samples_split': 2, 'min_samples_leaf': 4, 'min_impurity_decrease': 1e-06, 'max_features': 0.6, 'max_depth': 20, 'criterion': 'friedman_mse', 'ccp_alpha': 1e-05}",-6.474733352368325,-7.012490663704108,-6.703930845339829,-6.8732858235641086,-7.484596970837604,-6.909807531162795,0.3388023942109123,24,-4.043610477095982,-4.393020251969703,-4.450377383335897,-4.132392334954729,-4.316966459140416,-4.267273381299345,0.15493659632908488
129.70486969947814,3.795016396469269,0.2585874080657959,0.0826203513513679,200,5,2,0.0,0.2,20,absolute_error,1e-07,"{'n_estimators': 200, 'min_samples_split': 5, 'min_samples_leaf': 2, 'min_impurity_decrease': 0.0, 'max_features': 0.2, 'max_depth': 20, 'criterion': 'absolute_error', 'ccp_alpha': 1e-07}",-6.462049340527582,-6.961663009592322,-6.467855395683455,-7.040879447115383,-6.848465444711551,-6.756182527526059,0.24553515755938582,20,-3.9149132052821147,-3.8107237094837867,-4.1264388355342145,-3.813657138572282,-4.217927534493108,-3.976732084673101,0.16646990646672774
20.08272604942322,0.970102376201108,0.28028202056884766,0.04391836629401051,800,2,8,0.0,0.8,10,squared_error,1e-07,"{'n_estimators': 800, 'min_samples_split': 2, 'min_samples_leaf': 8, 'min_impurity_decrease': 0.0, 'max_features': 0.8, 'max_depth': 10, 'criterion': 'squared_error', 'ccp_alpha': 1e-07}",-8.357631982097208,-8.851905311317093,-8.33813425489795,-8.974678345239576,-9.504210708435709,-8.805312120397506,0.4331253269344595,70,-7.53045098662835,-7.645978180722117,-7.8407914088987125,-7.906552425154143,-7.587133478076893,-7.702181295896042,0.14619604068662262
12.48683853149414,0.7326745784136964,0.17447938919067382,0.020204240221854585,400,2,4,0.0,,10,friedman_mse,1e-06,"{'n_estimators': 400, 'min_samples_split': 2, 'min_samples_leaf': 4, 'min_impurity_decrease': 0.0, 'max_features': None, 'max_depth': 10, 'criterion': 'friedman_mse', 'ccp_alpha': 1e-06}",-8.171767436719437,-8.906374976964148,-8.493590119364564,-8.65110580965768,-9.724392912044962,-8.789446250950158,0.5245938680356143,69,-7.0374456130011644,-7.394902283234322,-7.550220001908639,-7.718496090142108,-7.844618041901043,-7.509136406037456,0.2805740209740103
5.271463537216187,0.2563433703761431,0.17586445808410645,0.020441197281773536,400,2,16,0.0,0.2,40,friedman_mse,1e-05,"{'n_estimators': 400, 'min_samples_split': 2, 'min_samples_leaf': 16, 'min_impurity_decrease': 0.0, 'max_features': 0.2, 'max_depth': 40, 'criterion': 'friedman_mse', 'ccp_alpha': 1e-05}",-9.293908515036046,-9.100071884605526,-8.873681283934323,-9.253686865820098,-9.293515502352504,-9.1629728103497,0.161282799313596,79,-8.183694947662188,-8.18852425260657,-8.291517116466503,-8.026728597692921,-7.931512450536522,-8.12439547299294,0.12829750634433953
8.150222444534302,0.36812771973266056,0.20880227088928222,0.024838975973984365,400,10,1,1e-06,0.2,40,friedman_mse,1e-06,"{'n_estimators': 400, 'min_samples_split': 10, 'min_samples_leaf': 1, 'min_impurity_decrease': 1e-06, 'max_features': 0.2, 'max_depth': 40, 'criterion': 'friedman_mse', 'ccp_alpha': 1e-06}",-5.6586499564971655,-6.045477355501354,-6.0327267651739165,-6.635963540829341,-6.457630326100266,-6.166089588820408,0.3451392374911026,9,-1.872932852563308,-1.9557184559896947,-2.023629154490839,-1.8785849927117249,-1.90793381781788,-1.9277598547146895,0.05619580941987719
10.173771142959595,0.3721709549989466,0.17962803840637206,0.008290039011721251,400,5,4,1e-07,0.4,80,squared_error,1e-05,"{'n_estimators': 400, 'min_samples_split': 5, 'min_samples_leaf': 4, 'min_impurity_decrease': 1e-07, 'max_features': 0.4, 'max_depth': 80, 'criterion': 'squared_error', 'ccp_alpha': 1e-05}",-6.2274091236245255,-6.64484904846853,-6.149210831885921,-6.6754011066776116,-7.056317521881845,-6.550637526507687,0.3303858384113823,13,-3.3850421406944444,-3.3942405184586333,-3.4974460024138874,-3.3666723596633483,-3.3430300763287266,-3.397286219511808,0.053051132617328634
69.76642646789551,4.261942990118256,0.5146489620208741,0.04986031439470018,1600,2,8,1e-06,sqrt,,absolute_error,1e-06,"{'n_estimators': 1600, 'min_samples_split': 2, 'min_samples_leaf': 8, 'min_impurity_decrease': 1e-06, 'max_features': 'sqrt', 'max_depth': None, 'criterion': 'absolute_error', 'ccp_alpha': 1e-06}",-10.7752325689448,-10.495487814748154,-10.763955665467583,-10.936289595853346,-10.598554462139381,-10.713904021430654,0.15279585183673555,84,-9.761943476140408,-9.71138826530609,-9.910775461434529,-9.510698564037167,-9.639040626874591,-9.706769278758557,0.13244994912860927
8.459388494491577,0.45729933026261943,0.17995929718017578,0.0133534720407836,400,10,8,1e-06,0.4,,friedman_mse,1e-05,"{'n_estimators': 400, 'min_samples_split': 10, 'min_samples_leaf': 8, 'min_impurity_decrease': 1e-06, 'max_features': 0.4, 'max_depth': None, 'criterion': 'friedman_mse', 'ccp_alpha': 1e-05}",-7.301986662852446,-7.531901610220372,-7.09318544432178,-7.613573248432134,-8.167878737594005,-7.541705140684146,0.3622124719627411,43,-5.5959830669209625,-5.441493911285439,-5.757331836933368,-5.460128951305947,-5.542898252858316,-5.559567203860806,0.11361697724813549
25.128842735290526,0.8215851854959599,0.3568892478942871,0.022505291429623236,1200,5,2,1e-06,0.6,10,friedman_mse,1e-06,"{'n_estimators': 1200, 'min_samples_split': 5, 'min_samples_leaf': 2, 'min_impurity_decrease': 1e-06, 'max_features': 0.6, 'max_depth': 10, 'criterion': 'friedman_mse', 'ccp_alpha': 1e-06}",-8.273730988515501,-8.733571892138645,-8.300228935393177,-8.740345390989098,-8.89230854075227,-8.588037149557739,0.252420748836209,63,-6.699971631001496,-7.043566588365485,-7.07243022438979,-6.830409568266006,-7.167492813469575,-6.9627741650984705,0.17149177846763491
9.316288423538207,0.5800109224665734,0.5710494041442871,0.03414916207526085,1600,20,1,1e-06,log2,,friedman_mse,1e-06,"{'n_estimators': 1600, 'min_samples_split': 20, 'min_samples_leaf': 1, 'min_impurity_decrease': 1e-06, 'max_features': 'log2', 'max_depth': None, 'criterion': 'friedman_mse', 'ccp_alpha': 1e-06}",-12.20690503445969,-12.468395018310181,-12.672415896174327,-12.68163398689245,-11.833225208276534,-12.372515028822637,0.32029617969564905,87,-8.45022308929752,-8.443907721814947,-8.548798781040984,-8.351408627260342,-8.423999712712806,-8.44366758642532,0.06323628889618027
233.04826774597169,30.500008559802307,0.26676054000854493,0.08707457984391559,200,20,4,0.0,0.4,40,absolute_error,0.0,"{'n_estimators': 200, 'min_samples_split': 20, 'min_samples_leaf': 4, 'min_impurity_decrease': 0.0, 'max_features': 0.4, 'max_depth': 40, 'criterion': 'absolute_error', 'ccp_alpha': 0.0}",-6.208283393285371,-7.15331798561151,-6.434727937649887,-6.790079747596156,-6.5612691105769265,-6.62953563494397,0.32254803405219057,17,-4.457401920768306,-4.390443667466985,-4.553846698679472,-4.404921115776846,-4.533917906418718,-4.468106261822066,0.06606212112417768
7.827045011520386,0.23595123423419745,0.15536761283874512,0.028934261607874715,200,20,2,1e-07,0.6,,squared_error,1e-05,"{'n_estimators': 200, 'min_samples_split': 20, 'min_samples_leaf': 2, 'min_impurity_decrease': 1e-07, 'max_features': 0.6, 'max_depth': None, 'criterion': 'squared_error', 'ccp_alpha': 1e-05}",-5.973985294330976,-6.714511565484683,-6.335852425760827,-6.877339452750557,-6.598305982897509,-6.49999894424491,0.3167649719603877,11,-3.499670068495148,-3.5354598669012867,-3.684393763372847,-3.5359067232610037,-3.347271766668747,-3.520540437739806,0.10748416544344577
6395.889445543289,942.5898987932222,0.5573928833007813,0.17599522814971474,1600,50,2,1e-06,,,absolute_error,1e-07,"{'n_estimators': 1600, 'min_samples_split': 50, 'min_samples_leaf': 2, 'min_impurity_decrease': 1e-06, 'max_features': None, 'max_depth': None, 'criterion': 'absolute_error', 'ccp_alpha': 1e-07}",-7.562946560251831,-8.274001326438688,-7.363971462829773,-7.791429642427844,-6.965346198918354,-7.5915390381732974,0.43598922730940687,44,-5.243319177671057,-5.001367992196924,-4.740804239195681,-4.936762383773241,-4.924065349430074,-4.9692638284533945,0.1621296037746396
111.41596031188965,5.579758359233932,0.5960978507995606,0.09329147066103512,1600,5,2,0.0,,40,squared_error,0.0,"{'n_estimators': 1600, 'min_samples_split': 5, 'min_samples_leaf': 2, 'min_impurity_decrease': 0.0, 'max_features': None, 'max_depth': 40, 'criterion': 'squared_error', 'ccp_alpha': 0.0}",-6.418690814104698,-7.109273835725283,-6.801243450290761,-7.894010880656925,-7.279767725535953,-7.100597341262724,0.49321224974073424,27,-2.1047931611779838,-2.102155962319934,-2.44460242277068,-2.2250129874223328,-2.2431536843183344,-2.2239436436018534,0.12497163098774013
756.8196729660034,49.19235339365637,0.38550376892089844,0.05643090783700233,800,50,1,1e-05,0.2,60,absolute_error,0.0,"{'n_estimators': 800, 'min_samples_split': 50, 'min_samples_leaf': 1, 'min_impurity_decrease': 1e-05, 'max_features': 0.2, 'max_depth': 60, 'criterion': 'absolute_error', 'ccp_alpha': 0.0}",-6.4626000599520195,-7.013980845323714,-6.653319259592317,-7.168129657451917,-7.132559615384618,-6.886117887540917,0.2793476869509603,23,-4.234743052220863,-4.108668975090034,-4.109911314525812,-4.154113954709051,-4.154047750449895,-4.152297009399131,0.04583376237888132
388.47096529006956,22.67117945365917,0.24394373893737792,0.05322128021985463,200,2,1,1e-06,0.4,40,absolute_error,1e-05,"{'n_estimators': 200, 'min_samples_split': 2, 'min_samples_leaf': 1, 'min_impurity_decrease': 1e-06, 'max_features': 0.4, 'max_depth': 40, 'criterion': 'absolute_error', 'ccp_alpha': 1e-05}",-5.608500779376507,-5.981984832134291,-5.85834682254196,-6.442987259615382,-6.1947779447115465,-6.017319527675937,0.28507477560773553,7,-0.841222719087679,-0.9323109243697976,-1.1389773409364143,-0.9960786742651779,-1.5614247750450394,-1.0940028867408216,0.2530364315426499
8.371359491348267,0.4017974973125507,0.1558598518371582,0.01915040990696275,200,10,2,1e-07,log2,80,absolute_error,1e-05,"{'n_estimators': 200, 'min_samples_split': 10, 'min_samples_leaf': 2, 'min_impurity_decrease': 1e-07, 'max_features': 'log2', 'max_depth': 80, 'criterion': 'absolute_error', 'ccp_alpha': 1e-05}",-13.584482074340524,-13.445711690647485,-13.924137529976024,-13.565799158653848,-12.823202524038463,-13.46866659553127,0.35984789212133816,89,-11.818684453781515,-11.661123499399762,-12.070346968787518,-11.342183833233353,-11.546964097180565,-11.687860570476541,0.24636145281435634
10.272868394851685,0.4254478145383743,0.1825709819793701,0.02234159844073369,400,20,8,0.0,0.8,10,friedman_mse,0.0,"{'n_estimators': 400, 'min_samples_split': 20, 'min_samples_leaf': 8, 'min_impurity_decrease': 0.0, 'max_features': 0.8, 'max_depth': 10, 'criterion': 'friedman_mse', 'ccp_alpha': 0.0}",-8.374211513828767,-8.865824248794926,-8.317603032903618,-9.051968452700148,-9.478894960826892,-8.81770044181087,0.4338560686080002,71,-7.590321307980002,-7.7586325309315995,-7.9016210603892585,-8.040960763222433,-7.684313955341752,-7.795169923573009,0.15958193096270915
15.68435196876526,0.7500444305861429,0.6091415882110596,0.050202444422318714,1600,5,1,1e-05,sqrt,,squared_error,1e-05,"{'n_estimators': 1600, 'min_samples_split': 5, 'min_samples_leaf': 1, 'min_impurity_decrease': 1e-05, 'max_features': 'sqrt', 'max_depth': None, 'criterion': 'squared_error', 'ccp_alpha': 1e-05}",-7.534742554437364,-7.669277367877171,-7.919138776411027,-8.223641815259866,-7.781785297903231,-7.825717162377733,0.23585642574481075,48,-1.9858551507101803,-1.9767860464665745,-2.0168616743251557,-1.935656858640755,-1.9473814289189957,-1.9725082318123324,0.028820297476922583
12.711273431777954,0.7265225038419615,0.2714578628540039,0.03457251667032125,800,50,16,1e-07,0.4,120,squared_error,0.0,"{'n_estimators': 800, 'min_samples_split': 50, 'min_samples_leaf': 16, 'min_impurity_decrease': 1e-07, 'max_features': 0.4, 'max_depth': 120, 'criterion': 'squared_error', 'ccp_alpha': 0.0}",-9.084391690116973,-8.579940474679358,-8.79434559633414,-8.966704841180968,-9.27936315965263,-8.940949152392815,0.23982619768357819,73,-8.066360259068125,-7.964919445404255,-8.206023120287382,-7.953056674866377,-7.703994513465856,-7.978870802618398,0.16472435418616496
9.83295979499817,0.745468682756396,0.17565383911132812,0.037266998969672414,200,2,4,1e-06,0.8,120,squared_error,0.0,"{'n_estimators': 200, 'min_samples_split': 2, 'min_samples_leaf': 4, 'min_impurity_decrease': 1e-06, 'max_features': 0.8, 'max_depth': 120, 'criterion': 'squared_error', 'ccp_alpha': 0.0}",-6.3148618259375136,-6.6666739364698655,-6.367286880517231,-6.342741699194901,-7.317120619597414,-6.601736992343385,0.3795611462635182,15,-3.3156593942382178,-3.417569656696013,-3.4705700151662437,-3.271026606488222,-3.270696161349984,-3.3491043667877363,0.0809987026815008
26.064657068252565,1.080319771007502,0.3885364532470703,0.03709514855128781,1200,50,2,1e-06,0.4,20,squared_error,1e-07,"{'n_estimators': 1200, 'min_samples_split': 50, 'min_samples_leaf': 2, 'min_impurity_decrease': 1e-06, 'max_features': 0.4, 'max_depth': 20, 'criterion': 'squared_error', 'ccp_alpha': 1e-07}",-7.426066939199805,-8.031262039249526,-7.960363849757084,-8.119546393065113,-8.161467523152073,-7.939741348884721,0.26614096781223934,49,-6.283925005936423,-6.415076994031815,-6.687444122564846,-6.1722774142246255,-6.231177660716629,-6.357980239494868,0.18322396161078847
27.01098837852478,1.2390885554119744,0.4109076499938965,0.03098534865975188,1200,20,1,1e-06,0.4,20,squared_error,0.0,"{'n_estimators': 1200, 'min_samples_split': 20, 'min_samples_leaf': 1, 'min_impurity_decrease': 1e-06, 'max_features': 0.4, 'max_depth': 20, 'criterion': 'squared_error', 'ccp_alpha': 0.0}",-6.845344102479354,-7.7173793846708865,-7.263821254371018,-7.73418561823103,-7.539886211240846,-7.4201233141986265,0.33350889939720596,38,-4.780859741042341,-5.208001928805208,-5.235275848337517,-5.0749420677617945,-4.9990699289134755,-5.059629902972067,0.16400032451431545
47.28967170715332,3.9510881205943575,0.4311507225036621,0.021225107480301108,1600,2,8,1e-06,,10,friedman_mse,1e-05,"{'n_estimators': 1600, 'min_samples_split': 2, 'min_samples_leaf': 8, 'min_impurity_decrease': 1e-06, 'max_features': None, 'max_depth': 10, 'criterion': 'friedman_mse', 'ccp_alpha': 1e-05}",-8.601872769346663,-9.24228013400473,-8.600175018713141,-9.389822540400502,-9.85502803623699,-9.137835699740403,0.48272272080833933,77,-7.800711088590673,-7.9840108801203105,-7.922529613366535,-8.208181684726231,-7.868893102123333,-7.956865273785416,0.13942667784082027
629.6614476203919,57.491786022729535,0.31075491905212405,0.02774738915052746,400,2,2,1e-06,0.4,120,absolute_error,1e-06,"{'n_estimators': 400, 'min_samples_split': 2, 'min_samples_leaf': 2, 'min_impurity_decrease': 1e-06, 'max_features': 0.4, 'max_depth': 120, 'criterion': 'absolute_error', 'ccp_alpha': 1e-06}",-5.621497811750596,-6.402158902877684,-5.638194814148676,-6.2044026742788265,-5.827752734375002,-5.938801387486157,0.3126089906198501,5,-1.6098167016806788,-1.550959648859543,-1.6424452280912338,-1.619852174565091,-1.5229235902819476,-1.589199468695699,0.04484316101100727
1.2857101440429688,0.1803848093649287,0.2077775001525879,0.01120510714399756,400,2,16,1e-06,log2,120,friedman_mse,1e-06,"{'n_estimators': 400, 'min_samples_split': 2, 'min_samples_leaf': 16, 'min_impurity_decrease': 1e-06, 'max_features': 'log2', 'max_depth': 120, 'criterion': 'friedman_mse', 'ccp_alpha': 1e-06}",-19.808859879022673,-20.278414470835383,-20.10575408429854,-20.80918519895891,-19.18508394212211,-20.037459515047523,0.5361130255882676,100,-19.728930950435256,-19.646591187516346,-19.910713863251768,-19.72821383744281,-19.836256003189195,-19.770141168367076,0.09257714063346055
32.700859022140506,1.5626776809295666,0.511935043334961,0.02551846982745034,1600,5,8,0.0,0.4,60,squared_error,1e-05,"{'n_estimators': 1600, 'min_samples_split': 5, 'min_samples_leaf': 8, 'min_impurity_decrease': 0.0, 'max_features': 0.4, 'max_depth': 60, 'criterion': 'squared_error', 'ccp_alpha': 1e-05}",-7.285966822968428,-7.515175262869397,-7.097177946792852,-7.60852984800683,-8.189455212315226,-7.539261018590547,0.3708709144207962,42,-5.607455629316306,-5.438703810687435,-5.741590463925823,-5.450225009859016,-5.540881534011497,-5.555771289560016,0.11159440230283252
4667.3359706401825,326.12611787389227,0.5521547794342041,0.0995274764209946,1600,20,2,0.0,0.8,40,absolute_error,0.0,"{'n_estimators': 1600, 'min_samples_split': 20, 'min_samples_leaf': 2, 'min_impurity_decrease': 0.0, 'max_features': 0.8, 'max_depth': 40, 'criterion': 'absolute_error', 'ccp_alpha': 0.0}",-6.017433610611521,-7.394851318944773,-6.505018697541842,-6.8362282151441995,-6.359984743089062,-6.6227033170662795,0.46712472750673345,16,-3.5328682322928624,-3.6324985706783077,-3.562864465786271,-3.635537511247744,-4.109703794241175,-3.694694514849272,0.21126641762939768
1359.584491443634,207.1787212969372,0.5953809738159179,0.1313839767300792,1600,5,16,1e-05,0.8,120,absolute_error,0.0,"{'n_estimators': 1600, 'min_samples_split': 5, 'min_samples_leaf': 16, 'min_impurity_decrease': 1e-05, 'max_features': 0.8, 'max_depth': 120, 'criterion': 'absolute_error', 'ccp_alpha': 0.0}",-8.393868098021555,-8.579237522481975,-8.498350074940038,-8.874603801081737,-8.129153665865385,-8.495042632478137,0.24301334189775722,60,-7.158030293367278,-7.182750859093639,-7.338236003151244,-7.288407262297537,-6.901558312087581,-7.173796545999456,0.15140565498503736
576.4996624946594,55.90934480641584,0.37589325904846194,0.07096862809894752,800,10,8,1e-07,0.4,80,absolute_error,1e-05,"{'n_estimators': 800, 'min_samples_split': 10, 'min_samples_leaf': 8, 'min_impurity_decrease': 1e-07, 'max_features': 0.4, 'max_depth': 80, 'criterion': 'absolute_error', 'ccp_alpha': 1e-05}",-7.061564763189435,-7.686902143285382,-6.926879721223019,-7.841250300480775,-7.331455634014407,-7.369610512438603,0.35084942654600343,33,-5.4265379201680535,-5.301711216986797,-5.479228488895571,-5.39125626124777,-5.338474467606471,-5.387441670980933,0.06279392564676445
1711.5423615455627,337.460501848286,0.2764426708221436,0.028531685071057942,400,2,2,1e-07,,120,absolute_error,1e-07,"{'n_estimators': 400, 'min_samples_split': 2, 'min_samples_leaf': 2, 'min_impurity_decrease': 1e-07, 'max_features': None, 'max_depth': 120, 'criterion': 'absolute_error', 'ccp_alpha': 1e-07}",-6.841055125899286,-7.169500059952041,-6.624052997601907,-6.90725201322114,-6.808668749999963,-6.870105789334867,0.1767355076917302,22,-1.9169888205282313,-1.8099301470588463,-1.913206092436987,-1.8375601229754128,-1.8787571235752911,-1.8712884613149536,0.04196149445041781
4.4881353855133055,0.21931404766326767,0.33828134536743165,0.031531357459945696,800,20,1,1e-06,log2,40,friedman_mse,1e-07,"{'n_estimators': 800, 'min_samples_split': 20, 'min_samples_leaf': 1, 'min_impurity_decrease': 1e-06, 'max_features': 'log2', 'max_depth': 40, 'criterion': 'friedman_mse', 'ccp_alpha': 1e-07}",-12.596863268497266,-12.847541760059233,-12.948870863781906,-13.083979456170285,-12.164915854585205,-12.728434240618778,0.32374533152565194,88,-9.075195779920584,-9.029189831142046,-9.015536001969675,-8.95096129512022,-9.03939685717366,-9.022055953065237,0.040675300909854745
5.388946914672852,0.2046489471610477,0.17369322776794432,0.02816615938189851,200,2,1,1e-05,0.2,,friedman_mse,1e-07,"{'n_estimators': 200, 'min_samples_split': 2, 'min_samples_leaf': 1, 'min_impurity_decrease': 1e-05, 'max_features': 0.2, 'max_depth': None, 'criterion': 'friedman_mse', 'ccp_alpha': 1e-07}",-5.301206264988015,-5.674637414068743,-5.659475739408477,-6.45073598758013,-6.1287081229968035,-5.842952705808434,0.4016316015524703,3,-0.017211164465947767,-0.01484486894774328,-0.012307683073393392,-0.013029009198324015,-0.006486977604638612,-0.012775940658009414,0.003571723383266814
31.912915802001955,0.8461395067676403,0.29845852851867677,0.02828315151295847,800,10,1,1e-06,log2,20,absolute_error,1e-06,"{'n_estimators': 800, 'min_samples_split': 10, 'min_samples_leaf': 1, 'min_impurity_decrease': 1e-06, 'max_features': 'log2', 'max_depth': 20, 'criterion': 'absolute_error', 'ccp_alpha': 1e-06}",-14.42895713429254,-14.42333982314148,-14.32594370503597,-14.776043749999985,-13.914546078725952,-14.373766098239184,0.27586261848279925,92,-12.210198244297699,-12.17411419567826,-12.09920540966386,-12.277086900119967,-12.322512207558464,-12.216623391463651,0.07810707259314548
7.696904850006104,0.636053770858953,0.15560240745544435,0.01526465667724672,200,5,8,1e-06,0.8,40,friedman_mse,1e-07,"{'n_estimators': 200, 'min_samples_split': 5, 'min_samples_leaf': 8, 'min_impurity_decrease': 1e-06, 'max_features': 0.8, 'max_depth': 40, 'criterion': 'friedman_mse', 'ccp_alpha': 1e-07}",-7.0747676877993175,-7.5478458371987625,-7.0074005149518745,-7.360974947238394,-8.450363825079585,-7.488270562453588,0.5191526678995222,41,-5.476641119355885,-5.395335250997215,-5.624196529426971,-5.275190149141904,-5.424569584833154,-5.439186526751026,0.11372154487389799
11.291928339004517,1.0058572657037612,0.193391752243042,0.034942640937894516,400,5,16,1e-07,0.8,60,squared_error,1e-06,"{'n_estimators': 400, 'min_samples_split': 5, 'min_samples_leaf': 16, 'min_impurity_decrease': 1e-07, 'max_features': 0.8, 'max_depth': 60, 'criterion': 'squared_error', 'ccp_alpha': 1e-06}",-8.512497244699691,-7.958059913542372,-8.50534363810204,-8.351713136412,-8.622802067708019,-8.390083200092823,0.23261324989772686,56,-7.331238899384016,-7.078669864057913,-7.476512841395503,-7.206772662782394,-6.810458755937912,-7.180730604711547,0.22730407117716042
11.132499170303344,1.298823913982356,0.19095511436462403,0.016306428587871936,400,10,16,1e-05,0.8,40,squared_error,0.0,"{'n_estimators': 400, 'min_samples_split': 10, 'min_samples_leaf': 16, 'min_impurity_decrease': 1e-05, 'max_features': 0.8, 'max_depth': 40, 'criterion': 'squared_error', 'ccp_alpha': 0.0}",-8.51249724469969,-7.958059913542374,-8.505343638102042,-8.351713136412,-8.622801734219893,-8.3900831333952,0.2326131831698457,55,-7.331238899384018,-7.078669864057915,-7.476512841395503,-7.206772662782393,-6.810458427875181,-7.180730539099002,0.2273041780581395
19.055709171295167,0.4528467880762654,0.37837991714477537,0.008176836511920721,1200,5,16,1e-06,0.4,40,friedman_mse,0.0,"{'n_estimators': 1200, 'min_samples_split': 5, 'min_samples_leaf': 16, 'min_impurity_decrease': 1e-06, 'max_features': 0.4, 'max_depth': 40, 'criterion': 'friedman_mse', 'ccp_alpha': 0.0}",-8.716599610963652,-8.343817887838716,-8.459983271186058,-8.752105260044273,-8.929903319614168,-8.640481869929372,0.2110012936816922,65,-7.5986552870918604,-7.493965202828843,-7.685765700959355,-7.540807245498024,-7.248927210865214,-7.51362412944866,0.14700535521802088
20.68180317878723,0.8080703043809958,0.28166632652282714,0.019135311811502336,800,10,4,1e-06,0.8,10,friedman_mse,1e-07,"{'n_estimators': 800, 'min_samples_split': 10, 'min_samples_leaf': 4, 'min_impurity_decrease': 1e-06, 'max_features': 0.8, 'max_depth': 10, 'criterion': 'friedman_mse', 'ccp_alpha': 1e-07}",-8.019075120469434,-8.779715304501734,-8.109676394394295,-8.555184904655118,-9.155713870298628,-8.523873118863841,0.4223833170946479,62,-6.875219164362175,-7.343003006320985,-7.4120650090918145,-7.380038183252663,-7.472701803246714,-7.296605433254871,0.21495161843851188
10.876113605499267,0.8077782797434027,0.20738425254821777,0.031608435692023096,400,20,2,1e-07,0.4,40,squared_error,0.0,"{'n_estimators': 400, 'min_samples_split': 20, 'min_samples_leaf': 2, 'min_impurity_decrease': 1e-07, 'max_features': 0.4, 'max_depth': 40, 'criterion': 'squared_error', 'ccp_alpha': 0.0}",-6.104468961396373,-6.700862067864486,-6.360599541420973,-6.963165025453325,-6.643521060973528,-6.554523331421737,0.2954586360414019,14,-3.6029895106445924,-3.689434605341907,-3.8674252283071198,-3.6675019703554397,-3.563708958237407,-3.678212054577293,0.10470116221871223
24.449535179138184,0.9570852051099599,0.4746969223022461,0.04012417032311529,1200,5,1,1e-07,0.2,40,friedman_mse,1e-07,"{'n_estimators': 1200, 'min_samples_split': 5, 'min_samples_leaf': 1, 'min_impurity_decrease': 1e-07, 'max_features': 0.2, 'max_depth': 40, 'criterion': 'friedman_mse', 'ccp_alpha': 1e-07}",-5.495006549554174,-5.80157997449997,-5.805639404939034,-6.467946558623978,-6.233322747922419,-5.960699047107915,0.3457905708257615,6,-1.0331662435988738,-1.1128795758713956,-1.172260096430501,-1.0677549800851491,-1.007314514692964,-1.0786750821357767,0.058669814882591854
15.652426528930665,0.8713225435634222,0.3518860340118408,0.016169020469938296,1200,50,16,1e-05,0.2,80,friedman_mse,1e-05,"{'n_estimators': 1200, 'min_samples_split': 50, 'min_samples_leaf': 16, 'min_impurity_decrease': 1e-05, 'max_features': 0.2, 'max_depth': 80, 'criterion': 'friedman_mse', 'ccp_alpha': 1e-05}",-9.515234057397631,-9.216934627271634,-9.075735622871656,-9.41669936875467,-9.521374183882411,-9.349195572035601,0.17552453781560312,81,-8.518147094674527,-8.536495152643946,-8.643033626244389,-8.370326081572811,-8.296212682654698,-8.472842927558073,0.12391682239407749
649.8872433185577,60.96587004449161,0.3922992706298828,0.04001840680224018,1200,10,16,1e-05,0.6,10,absolute_error,1e-07,"{'n_estimators': 1200, 'min_samples_split': 10, 'min_samples_leaf': 16, 'min_impurity_decrease': 1e-05, 'max_features': 0.6, 'max_depth': 10, 'criterion': 'absolute_error', 'ccp_alpha': 1e-07}",-8.89490643485206,-8.751599310551503,-8.810955185851268,-9.301975971554505,-9.035007852564075,-8.958888951074684,0.1961886577400727,74,-8.025212880152017,-7.95814797418966,-8.377453866546597,-8.233137412517532,-8.158936027794427,-8.150577632240047,0.14906662949990718
1855.2262992858887,141.3169813014235,0.2716573715209961,0.0529947592199093,1200,50,4,1e-06,,40,absolute_error,1e-06,"{'n_estimators': 1200, 'min_samples_split': 50, 'min_samples_leaf': 4, 'min_impurity_decrease': 1e-06, 'max_features': None, 'max_depth': 40, 'criterion': 'absolute_error', 'ccp_alpha': 1e-06}",-7.05689778177466,-8.28380848321338,-7.530398341326926,-7.997674579326907,-7.7707024238783,-7.727896321904035,0.4178266374523691,46,-5.948875400160064,-5.8250786564626145,-5.919685144057648,-5.568238952209551,-6.005470380923816,-5.8534697067627395,0.15411266689946507
21.327998876571655,1.3647052958083012,0.20731911659240723,0.0193493415079111,400,5,4,1e-06,,60,friedman_mse,1e-05,"{'n_estimators': 400, 'min_samples_split': 5, 'min_samples_leaf': 4, 'min_impurity_decrease': 1e-06, 'max_features': None, 'max_depth': 60, 'criterion': 'friedman_mse', 'ccp_alpha': 1e-05}",-7.080046417294732,-7.309609503920696,-7.520100185327897,-6.997400088427213,-8.286993399330743,-7.438829918860256,0.46179431734148646,39,-3.8310199979039115,-4.018507348177367,-4.157871583157059,-4.072642174207998,-3.8475575497260013,-3.9855197306344676,0.12750481946042852
25.69064564704895,1.2990937483426526,0.20478372573852538,0.01875776712206568,400,10,2,0.0,,,friedman_mse,1e-05,"{'n_estimators': 400, 'min_samples_split': 10, 'min_samples_leaf': 2, 'min_impurity_decrease': 0.0, 'max_features': None, 'max_depth': None, 'criterion': 'friedman_mse', 'ccp_alpha': 1e-05}",-6.556979662888746,-7.082820614960403,-6.867688919935477,-7.8682980087902585,-7.593505407103747,-7.193858522735726,0.47726658408242884,28,-2.998498298831434,-2.959038860841949,-3.1296225388965144,-2.89985415126498,-2.905601926233808,-2.978523155213737,0.08380451736900828
