mean_fit_time,std_fit_time,mean_score_time,std_score_time,param_n_estimators,param_min_samples_split,param_min_samples_leaf,param_min_impurity_decrease,param_max_samples,param_max_features,param_max_depth,param_criterion,param_ccp_alpha,param_bootstrap,params,split0_test_score,split1_test_score,split2_test_score,split3_test_score,split4_test_score,mean_test_score,std_test_score,rank_test_score,split0_train_score,split1_train_score,split2_train_score,split3_train_score,split4_train_score,mean_train_score,std_train_score
95.00937342643738,2.979220614075629,0.4600232124328613,0.08543851420081008,1200,5,8,1e-05,0.5,0.4,60,absolute_error,0.0,True,"{'n_estimators': 1200, 'min_samples_split': 5, 'min_samples_leaf': 8, 'min_impurity_decrease': 1e-05, 'max_samples': 0.5, 'max_features': 0.4, 'max_depth': 60, 'criterion': 'absolute_error', 'ccp_alpha': 0.0, 'bootstrap': True}",-9.197195413669053,-9.112036940447627,-8.661643105515571,-9.543720212339737,-9.24038457532051,-9.1509960494585,0.2847248053263163,27,-8.15646741696677,-8.088832402961174,-8.289842927170854,-8.116978424315143,-8.017147065586878,-8.133853647400162,0.09030631187346316
7.440407752990723,0.6340486413488801,0.21628994941711427,0.039452764484018146,200,5,2,1e-07,0.7,0.8,,squared_error,1e-05,True,"{'n_estimators': 200, 'min_samples_split': 5, 'min_samples_leaf': 2, 'min_impurity_decrease': 1e-07, 'max_samples': 0.7, 'max_features': 0.8, 'max_depth': None, 'criterion': 'squared_error', 'ccp_alpha': 1e-05, 'bootstrap': True}",-6.649726974675002,-7.248072719056854,-6.720395113614736,-7.114383005348683,-7.021276020607328,-6.95077076666052,0.22970795048958112,1,-4.176678353567282,-4.03459532881284,-4.074941752053967,-3.9716279503542316,-3.9775055091102973,-4.047069778779724,0.07518177777288929
137.77180528640747,5.237624098040052,0.5034675121307373,0.05271714608737744,800,5,4,1e-05,0.9,0.2,80,absolute_error,0.0,True,"{'n_estimators': 800, 'min_samples_split': 5, 'min_samples_leaf': 4, 'min_impurity_decrease': 1e-05, 'max_samples': 0.9, 'max_features': 0.2, 'max_depth': 80, 'criterion': 'absolute_error', 'ccp_alpha': 0.0, 'bootstrap': True}",-7.531612095323742,-7.829259682254203,-7.4006026978417205,-8.12908879206731,-7.855852103365385,-7.749283074170473,0.2572797151118259,13,-5.793825634003598,-5.554517215636256,-5.759359592587046,-5.6316756973605395,-5.630661592681472,-5.6740079464537825,0.0889833042737752
374.6753803253174,17.868369651412443,0.5085395336151123,0.0633420563265238,1200,10,8,1e-06,0.9,0.6,120,absolute_error,1e-07,True,"{'n_estimators': 1200, 'min_samples_split': 10, 'min_samples_leaf': 8, 'min_impurity_decrease': 1e-06, 'max_samples': 0.9, 'max_features': 0.6, 'max_depth': 120, 'criterion': 'absolute_error', 'ccp_alpha': 1e-07, 'bootstrap': True}",-8.154362529976014,-8.482531155075941,-7.747342875699423,-8.627645282451917,-8.36369096554486,-8.275114561749632,0.3060291938064069,20,-6.9514600765306005,-6.719776408063212,-6.959659286214479,-6.778532128574285,-6.75972521745651,-6.833830623367817,0.10121999741712451
27.41817412376404,0.4179762502737967,0.4732676029205322,0.030670508097450755,1200,2,4,1e-07,0.9,0.4,40,squared_error,1e-07,True,"{'n_estimators': 1200, 'min_samples_split': 2, 'min_samples_leaf': 4, 'min_impurity_decrease': 1e-07, 'max_samples': 0.9, 'max_features': 0.4, 'max_depth': 40, 'criterion': 'squared_error', 'ccp_alpha': 1e-07, 'bootstrap': True}",-7.36912481448141,-7.74518665794251,-7.209658709985615,-7.876733575017427,-7.981061170121966,-7.636352985509786,0.2972979074134654,12,-5.248642383845846,-5.090355337155319,-5.209132614151173,-5.110828398315313,-5.152230086117876,-5.162237763917105,0.059287511479537126
31.27354316711426,0.873618051826355,0.34466304779052737,0.038784969247711555,800,20,2,1e-07,0.7,,80,friedman_mse,1e-06,True,"{'n_estimators': 800, 'min_samples_split': 20, 'min_samples_leaf': 2, 'min_impurity_decrease': 1e-07, 'max_samples': 0.7, 'max_features': None, 'max_depth': 80, 'criterion': 'friedman_mse', 'ccp_alpha': 1e-06, 'bootstrap': True}",-7.1300910336877665,-7.564908397528988,-7.076706161500584,-7.571928826942632,-7.569637758579592,-7.382654435647913,0.22864675083600872,6,-5.456722627395869,-5.276641157485873,-5.376121284391815,-5.246574107647464,-5.3272331067855,-5.336658456741304,0.07453700185077011
335.66791372299195,12.828413202423258,0.5092026710510253,0.1033269514038538,1200,20,1,1e-06,0.7,0.2,40,absolute_error,0.0,True,"{'n_estimators': 1200, 'min_samples_split': 20, 'min_samples_leaf': 1, 'min_impurity_decrease': 1e-06, 'max_samples': 0.7, 'max_features': 0.2, 'max_depth': 40, 'criterion': 'absolute_error', 'ccp_alpha': 0.0, 'bootstrap': True}",-7.269757014388468,-7.668569074740189,-7.344138729016757,-7.756268229166651,-7.886661638621779,-7.585078937186769,0.23862464309971285,9,-5.35212409963983,-5.075354386754672,-5.30804602340934,-5.126436352729436,-5.2790713332333485,-5.228206439153325,0.10773865012854068
4.16198501586914,0.13559974077300913,0.15674300193786622,0.01981195190915841,200,5,4,1e-07,0.5,0.6,120,squared_error,1e-05,True,"{'n_estimators': 200, 'min_samples_split': 5, 'min_samples_leaf': 4, 'min_impurity_decrease': 1e-07, 'max_samples': 0.5, 'max_features': 0.6, 'max_depth': 120, 'criterion': 'squared_error', 'ccp_alpha': 1e-05, 'bootstrap': True}",-7.939756371601354,-8.348862453425205,-7.659308795432522,-8.339082463929635,-8.490691726984618,-8.155540362274667,0.30860851246690957,18,-6.390761921847995,-6.225777340788964,-6.347565379213794,-6.150201241133975,-6.1985595573704115,-6.2625730880710275,0.09136209035879626
2.399192142486572,0.12994989635011628,0.23906431198120118,0.022414443166630636,400,10,1,1e-05,0.7,log2,80,squared_error,0.0,True,"{'n_estimators': 400, 'min_samples_split': 10, 'min_samples_leaf': 1, 'min_impurity_decrease': 1e-05, 'max_samples': 0.7, 'max_features': 'log2', 'max_depth': 80, 'criterion': 'squared_error', 'ccp_alpha': 0.0, 'bootstrap': True}",-13.113853622288882,-13.463437273925882,-13.615955547620175,-13.705662831692042,-12.764181757314823,-13.33261820656836,0.3485782293050482,43,-10.289413456040664,-10.270443341433628,-10.37829763503156,-10.297158353719562,-10.403817447994484,-10.32782604684398,0.052973358732482045
17.314212703704833,0.3419753315827489,0.31118454933166506,0.026019650290311395,800,10,8,1e-06,0.7,sqrt,120,absolute_error,0.0,True,"{'n_estimators': 800, 'min_samples_split': 10, 'min_samples_leaf': 8, 'min_impurity_decrease': 1e-06, 'max_samples': 0.7, 'max_features': 'sqrt', 'max_depth': 120, 'criterion': 'absolute_error', 'ccp_alpha': 0.0, 'bootstrap': True}",-12.880387095323739,-12.584523696043144,-12.54521585731414,-12.662373377403823,-12.2382462590144,-12.58214925701985,0.20737439750325626,42,-11.960957442977183,-12.108816817977164,-12.115501725690267,-11.69705579259146,-11.82624793416314,-11.941715942679842,0.1622873293066672
54.89537510871887,3.314209032491407,0.21507577896118163,0.022995766584625852,200,5,4,1e-05,0.7,0.4,,absolute_error,1e-06,True,"{'n_estimators': 200, 'min_samples_split': 5, 'min_samples_leaf': 4, 'min_impurity_decrease': 1e-05, 'max_samples': 0.7, 'max_features': 0.4, 'max_depth': None, 'criterion': 'absolute_error', 'ccp_alpha': 1e-06, 'bootstrap': True}",-7.524877757793767,-8.02492056354916,-7.321229796163068,-8.147652644230767,-7.903524699519232,-7.784441092251198,0.3117280040501421,14,-5.948659723889556,-5.731483718487394,-5.916475855342137,-5.757443731253747,-5.825968206358727,-5.8360062470663125,0.08528065880257658
120.0047700881958,3.828950275089872,0.4008612155914307,0.08007228248399532,1200,50,16,1e-05,0.5,,10,absolute_error,0.0,True,"{'n_estimators': 1200, 'min_samples_split': 50, 'min_samples_leaf': 16, 'min_impurity_decrease': 1e-05, 'max_samples': 0.5, 'max_features': None, 'max_depth': 10, 'criterion': 'absolute_error', 'ccp_alpha': 0.0, 'bootstrap': True}",-10.117488379296558,-10.020275509592325,-9.57315605515587,-10.455957502003201,-10.02309908854166,-10.037995306917924,0.28200105091810496,35,-9.473339155662261,-9.537976583133243,-9.719914255702276,-9.2860950034993,-9.553795558388314,-9.514224111277079,0.1401092318660872
22.290498208999633,0.27131826300734674,0.38311543464660647,0.039084113152371036,1200,2,8,1e-07,0.9,0.4,20,friedman_mse,0.0,True,"{'n_estimators': 1200, 'min_samples_split': 2, 'min_samples_leaf': 8, 'min_impurity_decrease': 1e-07, 'max_samples': 0.9, 'max_features': 0.4, 'max_depth': 20, 'criterion': 'friedman_mse', 'ccp_alpha': 0.0, 'bootstrap': True}",-8.542844517962186,-8.694695139316826,-8.153252741253402,-8.867445881908525,-8.869353234638941,-8.625518303015976,0.2655709236912133,24,-7.177910084067018,-7.066528092415454,-7.135936094410851,-7.045818367644693,-7.010130200030532,-7.08726456771371,0.061127778843710984
0.8631356239318848,0.10816684383097223,0.13442683219909668,0.007678141763129106,200,10,8,1e-06,0.7,log2,60,friedman_mse,0.0,True,"{'n_estimators': 200, 'min_samples_split': 10, 'min_samples_leaf': 8, 'min_impurity_decrease': 1e-06, 'max_samples': 0.7, 'max_features': 'log2', 'max_depth': 60, 'criterion': 'friedman_mse', 'ccp_alpha': 0.0, 'bootstrap': True}",-19.433409042827382,-20.110943556894192,-19.648742363037826,-20.32647874392328,-18.764670670612446,-19.656848875459026,0.5478282876961565,49,-19.3515827822599,-19.43281063065787,-19.427646735849542,-19.292994937795637,-19.385599289056955,-19.37812687512398,0.05186598560677082
13.491058301925658,0.2922318209252868,0.31596221923828127,0.026900549742343398,800,20,2,1e-07,0.7,0.2,80,squared_error,1e-07,True,"{'n_estimators': 800, 'min_samples_split': 20, 'min_samples_leaf': 2, 'min_impurity_decrease': 1e-07, 'max_samples': 0.7, 'max_features': 0.2, 'max_depth': 80, 'criterion': 'squared_error', 'ccp_alpha': 1e-07, 'bootstrap': True}",-7.755526511177208,-8.028554527776484,-7.775544030672992,-8.243793636993873,-8.19701255317192,-8.000086251958496,0.20455433327567013,17,-6.249711089736479,-6.018981822379439,-6.231699205251248,-6.030671721069283,-6.087662004630642,-6.123745168613418,0.09844948693180917
4.396792697906494,0.2263984010834071,0.15316853523254395,0.02755528889322623,200,20,8,0.0,0.7,0.8,40,squared_error,0.0,True,"{'n_estimators': 200, 'min_samples_split': 20, 'min_samples_leaf': 8, 'min_impurity_decrease': 0.0, 'max_samples': 0.7, 'max_features': 0.8, 'max_depth': 40, 'criterion': 'squared_error', 'ccp_alpha': 0.0, 'bootstrap': True}",-8.612031254555374,-8.812712450103344,-8.127871859980912,-8.867382504473138,-8.799991915692225,-8.643997996960998,0.2720688771141237,25,-7.403177464105985,-7.328500169496096,-7.263729706212489,-7.228587019441069,-7.120895500832908,-7.268977972017709,0.09501556428882119
37.837156009674075,0.6191594232241887,0.16754598617553712,0.015033594407309357,200,20,16,1e-06,0.7,,40,absolute_error,1e-07,True,"{'n_estimators': 200, 'min_samples_split': 20, 'min_samples_leaf': 16, 'min_impurity_decrease': 1e-06, 'max_samples': 0.7, 'max_features': None, 'max_depth': 40, 'criterion': 'absolute_error', 'ccp_alpha': 1e-07, 'bootstrap': True}",-9.623927458033563,-9.427112050359709,-9.010155155875292,-9.996657451923076,-9.184169831730772,-9.448404389584482,0.3445940870188945,32,-8.668311929771908,-8.64898244297719,-8.884567692076828,-8.554545830833833,-8.506703149370122,-8.652622209005974,0.13036063076849974
0.8876180648803711,0.1771043284994119,0.1436030387878418,0.021984009028180904,200,50,4,1e-06,0.5,log2,120,squared_error,0.0,True,"{'n_estimators': 200, 'min_samples_split': 50, 'min_samples_leaf': 4, 'min_impurity_decrease': 1e-06, 'max_samples': 0.5, 'max_features': 'log2', 'max_depth': 120, 'criterion': 'squared_error', 'ccp_alpha': 0.0, 'bootstrap': True}",-18.220119744098373,-18.616430624709583,-18.573571937898677,-19.08109572618597,-17.657016438374367,-18.429646894253395,0.47346543881927955,48,-17.990428407180033,-17.952392312056567,-18.218248955362004,-17.980549906122608,-18.056090180400844,-18.03954195222441,0.0956005213559915
169.587327003479,7.571343163684398,0.29924235343933103,0.024593288173455508,400,2,8,1e-07,0.9,0.8,60,absolute_error,1e-05,True,"{'n_estimators': 400, 'min_samples_split': 2, 'min_samples_leaf': 8, 'min_impurity_decrease': 1e-07, 'max_samples': 0.9, 'max_features': 0.8, 'max_depth': 60, 'criterion': 'absolute_error', 'ccp_alpha': 1e-05, 'bootstrap': True}",-8.095624910071942,-8.446553477218222,-7.6705593525179845,-8.539439453125002,-8.23749516225962,-8.197934471038554,0.30613522280629035,19,-6.854564885954385,-6.565732998199275,-6.885778556422574,-6.67715628374325,-6.601691601679667,-6.716984865199831,0.13051862096463454
733.3371076107026,8.371548039145164,0.5939069271087647,0.05149306963961463,1600,2,1,1e-05,0.7,0.4,20,absolute_error,1e-07,True,"{'n_estimators': 1600, 'min_samples_split': 2, 'min_samples_leaf': 1, 'min_impurity_decrease': 1e-05, 'max_samples': 0.7, 'max_features': 0.4, 'max_depth': 20, 'criterion': 'absolute_error', 'ccp_alpha': 1e-07, 'bootstrap': True}",-7.402000427158255,-7.638128244904053,-7.259583655575489,-7.775573895733127,-7.670256159855727,-7.54910847664533,0.18939549443960393,8,-5.107871094687839,-4.913580394657819,-5.306986618397304,-5.029529202909383,-5.2823769533592895,-5.128068852802327,0.14963012227093891
7.7307733535766605,0.3622734608440908,0.17408742904663085,0.025779376709843902,200,20,4,1e-06,0.9,,80,squared_error,1e-05,True,"{'n_estimators': 200, 'min_samples_split': 20, 'min_samples_leaf': 4, 'min_impurity_decrease': 1e-06, 'max_samples': 0.9, 'max_features': None, 'max_depth': 80, 'criterion': 'squared_error', 'ccp_alpha': 1e-05, 'bootstrap': True}",-7.438791775101236,-7.705045152879805,-7.045162678295147,-7.812969856606639,-7.938767190022267,-7.588147330581019,0.31757958670922903,10,-5.85762431604727,-5.629683950221731,-5.690286841134284,-5.621702717459879,-5.667288221577072,-5.693317209288047,0.08586191677711331
22.100787591934203,0.6647409648398731,0.4526942253112793,0.053409452684914205,1600,20,4,0.0,0.5,log2,40,absolute_error,1e-07,True,"{'n_estimators': 1600, 'min_samples_split': 20, 'min_samples_leaf': 4, 'min_impurity_decrease': 0.0, 'max_samples': 0.5, 'max_features': 'log2', 'max_depth': 40, 'criterion': 'absolute_error', 'ccp_alpha': 1e-07, 'bootstrap': True}",-18.198135918764976,-18.315431377398042,-18.161152075839293,-18.221310742187498,-17.300902426382205,-18.039386508114404,0.3727423143776463,46,-17.652752301545597,-17.59154903023707,-17.689952549144625,-17.342635407918426,-17.526754000449905,-17.560728657859123,0.12234051123449394
162.04726853370667,2.514186742132316,0.29923620223999026,0.018491924621310624,800,50,16,1e-05,0.9,0.8,40,absolute_error,1e-05,True,"{'n_estimators': 800, 'min_samples_split': 50, 'min_samples_leaf': 16, 'min_impurity_decrease': 1e-05, 'max_samples': 0.9, 'max_features': 0.8, 'max_depth': 40, 'criterion': 'absolute_error', 'ccp_alpha': 1e-05, 'bootstrap': True}",-9.499817895683451,-9.462449835131915,-8.816703687050369,-9.907677644230775,-9.367168930288448,-9.410763598476992,0.3499523902580333,31,-8.716221657412955,-8.630680087034818,-8.877473041716692,-8.588513849730058,-8.568589089682062,-8.676295545115318,0.11265305693553103
14.14798731803894,0.9748104352082444,0.24054422378540039,0.04270149211029144,400,20,2,0.0,0.9,0.8,60,friedman_mse,0.0,True,"{'n_estimators': 400, 'min_samples_split': 20, 'min_samples_leaf': 2, 'min_impurity_decrease': 0.0, 'max_samples': 0.9, 'max_features': 0.8, 'max_depth': 60, 'criterion': 'friedman_mse', 'ccp_alpha': 0.0, 'bootstrap': True}",-6.86278917707983,-7.363864706397468,-6.85361541153529,-7.423063260556815,-7.293042309801935,-7.159274973074268,0.249265527001269,3,-5.035996474181319,-4.860556871622522,-4.916237745680001,-4.851627574427985,-4.901589899201645,-4.913201713022694,0.06600827062155841
296.8657745361328,10.272421477508876,0.4133899211883545,0.054895416730213656,1200,20,16,1e-07,0.9,,80,absolute_error,1e-05,True,"{'n_estimators': 1200, 'min_samples_split': 20, 'min_samples_leaf': 16, 'min_impurity_decrease': 1e-07, 'max_samples': 0.9, 'max_features': None, 'max_depth': 80, 'criterion': 'absolute_error', 'ccp_alpha': 1e-05, 'bootstrap': True}",-9.292865087929652,-9.182898980815372,-8.650384392485995,-9.757587109374999,-9.003660296474342,-9.177479173416073,0.3627424460985832,29,-8.31815278611444,-8.255246223489388,-8.49829486044417,-8.167244218656272,-8.17072641971605,-8.281932901684064,0.12194829368718331
34.422153854370116,0.7232141147719033,0.19312624931335448,0.04702993404589482,200,5,16,1e-06,0.9,0.6,20,absolute_error,0.0,True,"{'n_estimators': 200, 'min_samples_split': 5, 'min_samples_leaf': 16, 'min_impurity_decrease': 1e-06, 'max_samples': 0.9, 'max_features': 0.6, 'max_depth': 20, 'criterion': 'absolute_error', 'ccp_alpha': 0.0, 'bootstrap': True}",-9.436010251798558,-9.22438902877698,-8.766482973621102,-9.917204747596154,-9.378019471153848,-9.344421294589328,0.3704102337325944,30,-8.561703316326527,-8.404619702881147,-8.687989480792318,-8.422227144571082,-8.463721790641872,-8.508052287042588,0.10515253120629645
5.171856117248535,0.11424833702966594,0.22308945655822754,0.07130462796772512,400,50,2,1e-06,0.5,0.2,10,squared_error,1e-07,True,"{'n_estimators': 400, 'min_samples_split': 50, 'min_samples_leaf': 2, 'min_impurity_decrease': 1e-06, 'max_samples': 0.5, 'max_features': 0.2, 'max_depth': 10, 'criterion': 'squared_error', 'ccp_alpha': 1e-07, 'bootstrap': True}",-10.02512967038795,-10.13935200290784,-9.843628436832834,-10.165971921652917,-10.352534380822503,-10.105323282520809,0.16784799435790335,37,-9.448387668016188,-9.341763928955098,-9.557475215276199,-9.343790322258151,-9.367393320063009,-9.41176209091373,0.08253755429877803
16.169761180877686,0.10570413974333871,0.24831070899963378,0.024496022023182164,400,2,4,1e-07,0.9,,120,friedman_mse,0.0,True,"{'n_estimators': 400, 'min_samples_split': 2, 'min_samples_leaf': 4, 'min_impurity_decrease': 1e-07, 'max_samples': 0.9, 'max_features': None, 'max_depth': 120, 'criterion': 'friedman_mse', 'ccp_alpha': 0.0, 'bootstrap': True}",-7.110936415394997,-7.502753759286608,-6.7918597464509105,-7.51807614514724,-7.736113551731104,-7.331947923602172,0.3369597985454125,5,-4.838341983098019,-4.735610189039057,-4.72821887625889,-4.682221846512982,-4.678883577556315,-4.7326552944930524,0.057676719002198264
32.1039803981781,0.4927049815672818,0.571953010559082,0.048503275413694646,1600,2,2,1e-06,0.5,0.4,40,friedman_mse,0.0,True,"{'n_estimators': 1600, 'min_samples_split': 2, 'min_samples_leaf': 2, 'min_impurity_decrease': 1e-06, 'max_samples': 0.5, 'max_features': 0.4, 'max_depth': 40, 'criterion': 'friedman_mse', 'ccp_alpha': 0.0, 'bootstrap': True}",-7.261377830343749,-7.721794556986554,-7.229917693342033,-7.687755508545075,-7.762847842285983,-7.5327386863006796,0.23582189423798286,7,-5.132340299776076,-4.979123654835967,-5.07348072980435,-4.933229795028486,-5.010066177388719,-5.02564813136672,0.07017071949317055
45.99160237312317,0.8542421616501288,0.4772510528564453,0.037978876005019084,1600,50,4,1e-05,0.7,sqrt,80,absolute_error,1e-07,True,"{'n_estimators': 1600, 'min_samples_split': 50, 'min_samples_leaf': 4, 'min_impurity_decrease': 1e-05, 'max_samples': 0.7, 'max_features': 'sqrt', 'max_depth': 80, 'criterion': 'absolute_error', 'ccp_alpha': 1e-07, 'bootstrap': True}",-11.479709577338086,-11.188112072841678,-11.235803102517945,-11.419780160757197,-11.224266195913414,-11.309534221873665,0.11710172597865953,39,-10.623750720288061,-10.660346471713645,-10.739883031962746,-10.325710137972376,-10.439918480053949,-10.557921768398154,0.15217173821656688
6.8725172996521,0.3708116013694316,0.5333599090576172,0.05933254681524547,1600,5,2,1e-05,0.5,log2,80,friedman_mse,1e-07,True,"{'n_estimators': 1600, 'min_samples_split': 5, 'min_samples_leaf': 2, 'min_impurity_decrease': 1e-05, 'max_samples': 0.5, 'max_features': 'log2', 'max_depth': 80, 'criterion': 'friedman_mse', 'ccp_alpha': 1e-07, 'bootstrap': True}",-16.242313968297005,-16.522709706169596,-16.45722604435305,-16.810505793725653,-15.58256932328827,-16.323064967166715,0.41238581407735053,45,-15.223829328468002,-15.268075784401107,-15.272495720203157,-15.062701281907934,-15.172455786854682,-15.199911580366976,0.07754658128144418
3.9213979721069334,0.2472970246662941,0.16356172561645507,0.030039083139375825,200,50,2,1e-06,0.7,0.4,40,squared_error,1e-07,True,"{'n_estimators': 200, 'min_samples_split': 50, 'min_samples_leaf': 2, 'min_impurity_decrease': 1e-06, 'max_samples': 0.7, 'max_features': 0.4, 'max_depth': 40, 'criterion': 'squared_error', 'ccp_alpha': 1e-07, 'bootstrap': True}",-8.285155839376838,-8.792634092723564,-8.198019997523529,-8.607454766089008,-8.872202327689607,-8.55109340468051,0.2683330270232411,22,-7.367965590866505,-6.98964151657211,-7.163745502347741,-7.066514088805562,-6.968818101267647,-7.111336959971913,0.14542035986685498
15.147180557250977,0.17179257849217397,0.2941441535949707,0.047845388280460914,800,5,16,1e-07,0.5,,60,squared_error,1e-06,True,"{'n_estimators': 800, 'min_samples_split': 5, 'min_samples_leaf': 16, 'min_impurity_decrease': 1e-07, 'max_samples': 0.5, 'max_features': None, 'max_depth': 60, 'criterion': 'squared_error', 'ccp_alpha': 1e-06, 'bootstrap': True}",-9.988484967597683,-10.451794232781195,-9.666045369576603,-10.156712095362106,-10.061123763521278,-10.064832085767772,0.254186985702097,36,-9.328245045565032,-9.447348730703855,-9.408653084785824,-9.194479457621993,-9.386205320988868,-9.352986327933115,0.08813978825008388
8.636772727966308,0.560945115831301,0.23009943962097168,0.03844816461382658,400,10,4,1e-07,0.7,0.4,80,squared_error,1e-06,True,"{'n_estimators': 400, 'min_samples_split': 10, 'min_samples_leaf': 4, 'min_impurity_decrease': 1e-07, 'max_samples': 0.7, 'max_features': 0.4, 'max_depth': 80, 'criterion': 'squared_error', 'ccp_alpha': 1e-06, 'bootstrap': True}",-7.685913924623468,-8.046175546369538,-7.531934876493566,-8.132292092256442,-8.248055765834904,-7.928874441115584,0.2733517289776949,16,-6.01423338962083,-5.826251758323415,-5.948185940400082,-5.812066534146622,-5.851356934472038,-5.890418911392596,0.07803769762534367
3.9187525272369386,0.19063032354036338,0.149908447265625,0.028969636717491386,200,5,16,1e-07,0.7,0.8,,friedman_mse,0.0,True,"{'n_estimators': 200, 'min_samples_split': 5, 'min_samples_leaf': 16, 'min_impurity_decrease': 1e-07, 'max_samples': 0.7, 'max_features': 0.8, 'max_depth': None, 'criterion': 'friedman_mse', 'ccp_alpha': 0.0, 'bootstrap': True}",-9.687789456872173,-10.020426085073975,-9.264887029762821,-9.887628272435988,-9.6361398700899,-9.69937414284697,0.25745904394738156,34,-8.856442964974953,-8.990229591416144,-8.894821733115567,-8.720747557260514,-8.7226164584904,-8.836971661051516,0.10372936940785793
6.84199891090393,0.8042854758213265,0.14590325355529785,0.012069938789744305,200,10,2,1e-05,0.7,0.8,80,friedman_mse,1e-05,True,"{'n_estimators': 200, 'min_samples_split': 10, 'min_samples_leaf': 2, 'min_impurity_decrease': 1e-05, 'max_samples': 0.7, 'max_features': 0.8, 'max_depth': 80, 'criterion': 'friedman_mse', 'ccp_alpha': 1e-05, 'bootstrap': True}",-6.768546584230428,-7.412796165094585,-6.850067611297136,-7.3621214510706725,-7.140935678173089,-7.106893497973182,0.2608887847084537,2,-4.742686645633868,-4.597799457240301,-4.656587585444132,-4.557824695288655,-4.548416527393267,-4.620662982200045,0.07193231938947442
6.985371160507202,0.1368521979789041,0.19584035873413086,0.020269525040036145,400,5,4,1e-07,0.7,0.4,10,friedman_mse,1e-07,True,"{'n_estimators': 400, 'min_samples_split': 5, 'min_samples_leaf': 4, 'min_impurity_decrease': 1e-07, 'max_samples': 0.7, 'max_features': 0.4, 'max_depth': 10, 'criterion': 'friedman_mse', 'ccp_alpha': 1e-07, 'bootstrap': True}",-8.885363409343144,-9.193006647228232,-8.70914728550913,-9.199742163762222,-9.402827261781386,-9.078017353524823,0.24767786048899712,26,-7.83278680952288,-7.76613696112136,-7.991643719539744,-7.722224572930872,-7.952434140515247,-7.853045240726021,0.10408188310346217
11.128407716751099,0.7236997119912167,0.6097563743591309,0.09713145373101256,1200,2,1,0.0,0.9,log2,,friedman_mse,0.0,True,"{'n_estimators': 1200, 'min_samples_split': 2, 'min_samples_leaf': 1, 'min_impurity_decrease': 0.0, 'max_samples': 0.9, 'max_features': 'log2', 'max_depth': None, 'criterion': 'friedman_mse', 'ccp_alpha': 0.0, 'bootstrap': True}",-11.584327138479667,-11.780524319972576,-11.93880470207163,-11.708495443328328,-11.059932721354148,-11.61441686504127,0.3000093303664067,40,-4.7886992052534785,-4.829500885282661,-4.769385051687313,-4.683877267784512,-4.786815696753471,-4.771655621352286,0.04811773277953566
12.738876438140869,1.018743235181224,0.2243257522583008,0.023798635041988737,400,10,4,1e-06,0.7,,120,friedman_mse,1e-06,True,"{'n_estimators': 400, 'min_samples_split': 10, 'min_samples_leaf': 4, 'min_impurity_decrease': 1e-06, 'max_samples': 0.7, 'max_features': None, 'max_depth': 120, 'criterion': 'friedman_mse', 'ccp_alpha': 1e-06, 'bootstrap': True}",-7.4286331059958295,-7.779427626400036,-6.9860769559017175,-7.801292431511669,-7.959479018868269,-7.590981827735504,0.3486544307438245,11,-5.595052776420024,-5.41176399100162,-5.480986846422486,-5.4097880820355435,-5.3917905363222385,-5.457876446440382,0.07504349798334856
3.746328830718994,0.11867414788980994,0.15006475448608397,0.02932611346750401,200,10,2,0.0,0.7,log2,10,absolute_error,1e-06,True,"{'n_estimators': 200, 'min_samples_split': 10, 'min_samples_leaf': 2, 'min_impurity_decrease': 0.0, 'max_samples': 0.7, 'max_features': 'log2', 'max_depth': 10, 'criterion': 'absolute_error', 'ccp_alpha': 1e-06, 'bootstrap': True}",-18.167560131894486,-18.675117865707442,-18.25281612709833,-18.799883413461547,-17.67873521634615,-18.31482255090159,0.3988069377744056,47,-17.6325356542617,-17.901404651860748,-17.738807563025215,-17.86055796340733,-17.826158983203367,-17.791892963151675,0.09601527374063547
27.528516960144042,2.045772399524111,0.515503978729248,0.04915468799918878,1200,20,1,1e-07,0.5,0.6,80,friedman_mse,1e-06,True,"{'n_estimators': 1200, 'min_samples_split': 20, 'min_samples_leaf': 1, 'min_impurity_decrease': 1e-07, 'max_samples': 0.5, 'max_features': 0.6, 'max_depth': 80, 'criterion': 'friedman_mse', 'ccp_alpha': 1e-06, 'bootstrap': True}",-7.501999674251308,-8.002489181885547,-7.556493274201705,-7.937648186751635,-8.151577115182786,-7.830041486454595,0.25579000181018235,15,-6.036251006466359,-5.804909378434043,-6.03634906301605,-5.77552475381351,-5.834963600489455,-5.897599560443884,0.11479776973654172
2.27398943901062,0.18420516421743985,0.18799805641174316,0.012250355528639248,400,20,16,1e-06,0.7,sqrt,10,squared_error,1e-06,True,"{'n_estimators': 400, 'min_samples_split': 20, 'min_samples_leaf': 16, 'min_impurity_decrease': 1e-06, 'max_samples': 0.7, 'max_features': 'sqrt', 'max_depth': 10, 'criterion': 'squared_error', 'ccp_alpha': 1e-06, 'bootstrap': True}",-15.484883766439552,-15.748768458273647,-15.982912892236843,-15.669813641216216,-15.031136329549335,-15.583503017543118,0.3191003454573502,44,-15.04206402760212,-15.229810122717788,-15.460439000042841,-14.82828497555454,-15.197641293428717,-15.151647883869202,0.20983273088847493
0.8420119285583496,0.10968730996451956,0.13824820518493652,0.006194768572689324,200,2,16,1e-07,0.9,log2,120,squared_error,0.0,True,"{'n_estimators': 200, 'min_samples_split': 2, 'min_samples_leaf': 16, 'min_impurity_decrease': 1e-07, 'max_samples': 0.9, 'max_features': 'log2', 'max_depth': 120, 'criterion': 'squared_error', 'ccp_alpha': 0.0, 'bootstrap': True}",-21.1724973853807,-21.60931270688479,-21.033561618590507,-21.987680290723745,-20.484849357910953,-21.25758027189814,0.5121129296063837,50,-21.230648767482528,-20.97642441011562,-21.012912573958527,-20.92916095689802,-21.297630097768035,-21.089355361244547,0.1466978794360287
70.48752312660217,2.1082260746316424,0.2562573909759521,0.04882394299013926,400,5,16,1e-05,0.7,,80,absolute_error,0.0,True,"{'n_estimators': 400, 'min_samples_split': 5, 'min_samples_leaf': 16, 'min_impurity_decrease': 1e-05, 'max_samples': 0.7, 'max_features': None, 'max_depth': 80, 'criterion': 'absolute_error', 'ccp_alpha': 0.0, 'bootstrap': True}",-9.607846163069537,-9.471039598321342,-8.979870683453237,-9.977957662259616,-9.236152704326914,-9.45457336228613,0.3378594473926561,33,-8.646719147659065,-8.641757285414167,-8.8596487620048,-8.535634725554889,-8.555553689262146,-8.647862721979013,0.11489820848923098
43.658816719055174,1.1494708944864678,0.5761247158050538,0.10473299721577613,1600,2,2,1e-07,0.7,sqrt,10,absolute_error,0.0,True,"{'n_estimators': 1600, 'min_samples_split': 2, 'min_samples_leaf': 2, 'min_impurity_decrease': 1e-07, 'max_samples': 0.7, 'max_features': 'sqrt', 'max_depth': 10, 'criterion': 'absolute_error', 'ccp_alpha': 0.0, 'bootstrap': True}",-12.163312514987943,-11.714307508992754,-11.788734689748194,-12.263191436298069,-11.69880658804082,-11.925670547613558,0.23886693968538786,41,-10.952463888055158,-11.060165060399115,-11.068470299369723,-10.901646458833216,-10.927014393371278,-10.981952020005698,0.06919446257190857
26.2897798538208,1.1151806877903543,0.3955432415008545,0.049435559170452746,1200,50,8,1e-07,0.7,,,friedman_mse,1e-06,True,"{'n_estimators': 1200, 'min_samples_split': 50, 'min_samples_leaf': 8, 'min_impurity_decrease': 1e-07, 'max_samples': 0.7, 'max_features': None, 'max_depth': None, 'criterion': 'friedman_mse', 'ccp_alpha': 1e-06, 'bootstrap': True}",-9.198435912186593,-9.433285781407447,-8.614092164138464,-9.263973252719303,-9.302764073137734,-9.162510236717907,0.2847238361423675,28,-8.432077239781323,-8.249858304199945,-8.207135673656435,-8.23870949908988,-8.006783427009095,-8.226912828747336,0.13535596123035382
271.2193370819092,10.676503925441224,0.17903413772583007,0.03606988818210946,200,5,2,0.0,0.9,,20,absolute_error,1e-07,True,"{'n_estimators': 200, 'min_samples_split': 5, 'min_samples_leaf': 2, 'min_impurity_decrease': 0.0, 'max_samples': 0.9, 'max_features': None, 'max_depth': 20, 'criterion': 'absolute_error', 'ccp_alpha': 1e-07, 'bootstrap': True}",-7.205023261390889,-7.568287350119903,-7.19235401678657,-7.357873737980769,-7.310354987980775,-7.32677867085178,0.13598341816131634,4,-5.0051751350540234,-4.771917512004801,-5.19631168967587,-4.813320140971802,-5.158908713257349,-4.9891266381927695,0.1732610064539864
298.05918703079226,8.75828906634045,0.2921911239624023,0.02619739544688306,800,50,4,1e-05,0.5,,40,absolute_error,1e-07,True,"{'n_estimators': 800, 'min_samples_split': 50, 'min_samples_leaf': 4, 'min_impurity_decrease': 1e-05, 'max_samples': 0.5, 'max_features': None, 'max_depth': 40, 'criterion': 'absolute_error', 'ccp_alpha': 1e-07, 'bootstrap': True}",-8.454608078537163,-8.889190842326135,-8.028558213429253,-8.90736554987981,-8.665658413461538,-8.58907621952678,0.32542397980578835,23,-7.732653867797117,-7.4248296030912355,-7.639405143307324,-7.4083601604679075,-7.41488405443911,-7.524026565820539,0.1356233090626119
340.2076471805573,5.455923117233433,0.2966789245605469,0.053550652438740576,1600,10,8,1e-06,0.7,0.8,40,absolute_error,1e-06,True,"{'n_estimators': 1600, 'min_samples_split': 10, 'min_samples_leaf': 8, 'min_impurity_decrease': 1e-06, 'max_samples': 0.7, 'max_features': 0.8, 'max_depth': 40, 'criterion': 'absolute_error', 'ccp_alpha': 1e-06, 'bootstrap': True}",-8.407236338429234,-8.659964973021586,-7.975142963129479,-8.846389347956709,-8.491749571814873,-8.476096638870375,0.2921867879391405,21,-7.2687551339285426,-7.081609615096029,-7.323291532863121,-7.13411227129572,-7.054500043116369,-7.172453719259956,0.10550999581924081
9.119842672348023,0.43707082489628296,0.4623559474945068,0.056190825985764886,1200,10,2,0.0,0.7,sqrt,80,squared_error,1e-07,True,"{'n_estimators': 1200, 'min_samples_split': 10, 'min_samples_leaf': 2, 'min_impurity_decrease': 0.0, 'max_samples': 0.7, 'max_features': 'sqrt', 'max_depth': 80, 'criterion': 'squared_error', 'ccp_alpha': 1e-07, 'bootstrap': True}",-10.328170686615994,-10.295568930352061,-10.376721125447048,-10.565026655401741,-10.128292335129977,-10.338755946589364,0.14064983918999993,38,-8.47850888169179,-8.42499835599778,-8.510798504917908,-8.306136367244532,-8.349615582809278,-8.414011538532257,0.07672317249518314
