SMILES,shift_value,shielding_value,recomputed_shielding_value,delta_sigma
O=C1OC(C(F)(F)F)C2=C1C=CC=C2,-34.0,283.4323333,283.4323333,0.0
FC(Cl)(Cl)C(F)(Cl)Cl,-39.0,269.462,268.495,-0.9669999999999844
CC1(C)OC(C(F)(F)F)C2=C1C=CC=C2,-40.0,286.407,286.384,-0.0229999999999677
O=[N+]([O-])C(F)F,-50.7,300.6315,307.438,6.806499999999971
COC(=O)C(F)(F)[N+](=O)[O-],-53.0,295.124,295.124,0.0
N#CC(F)F,-60.0,324.6195,324.6195,0.0
CC1=CC=CC(F)=C1,-68.0,307.626,307.625,-0.0009999999999763
[H]/C(F)=P/C1=C(C)C=C(C)C=C1C,-69.0,223.737,223.737,0.0
C/C=C/C(C)F,-87.0,382.722,397.62,14.898000000000025
CCOC(=O)C(F)(F)/C=C/C1=CC=CC=C1,-88.0,320.9055,320.9075,0.0020000000000095
O=C(OCF)C1=CC=CC=C1,-92.0,385.399,385.399,0.0
O=C(C1=CC=CC=C1)C(F)(F)Cl,-93.0,269.329,269.329,0.0
CCCCC(=O)OCF,-93.0,359.415,386.762,27.34699999999998
O=C(C1=CC=CC=C1)C(F)C1=CC=CC=C1,-99.0,394.872,397.17,2.298000000000002
N#CC1CCC(F)CC1CN1CNC(C2CCC2)CC1=O,-101.92,380.729,397.823,17.093999999999994
FC(I)I,-102.0,277.339,277.395,0.0559999999999831
FCOC1=CC=NC(S)=N1,-102.0,362.155,380.709,18.55400000000003
O=S(=O)(C1CCC(F)CC1)N1CCCO1,-102.02,379.234,399.312,20.07800000000003
CN1CCC(CS(=O)(=O)C2CCC(F)CC2)CC1=O,-102.38,381.888,387.619,5.731000000000051
O=C(O)C1NOC2CC(F)CCC12,-102.47,379.627,403.444,23.817000000000007
CC(O)C1CCCN(CC2CC(F)CCC2C#N)C1,-102.88,374.066,385.135,11.069000000000017
N#CC1CC(C(=O)N2CCOCC23CC3)CCC1F,-103.56,382.948,392.343,9.39500000000004
O=S(=O)(CC1CCCC1)C1CCC(F)CC1,-104.04,388.286,401.865,13.579000000000008
N#CC1CC(C(=O)N2CC3CCCCC3C2)CCC1F,-104.17,391.693,391.717,0.0240000000000009
CCN1CCN(S(=O)(=O)C2CCC(F)CC2)CC1,-104.48,388.468,400.112,11.644000000000004
N#CC1C(F)CCCC1-N1CCNC1,-104.54,381.472,391.656,10.184000000000026
CC1CC2C(=O)N(CC#N)CNC2CC1F,-104.72,407.07,394.968,-12.101999999999975
CC1CC(OC2CCCC(F)C2C#N)NCN1,-105.0,382.394,389.749,7.355000000000018
FC1CC(Cl)C2CNCCC2C1,-105.07,394.363,395.982,1.6190000000000282
CN(CC1CNN(C)C1)S(=O)(=O)C1CCC(F)CC1,-105.1,381.699,388.589,6.889999999999986
CC(C1CC1)N(C)S(=O)(=O)C1CCC(F)CC1,-105.63,399.209,385.659,-13.550000000000011
N#CC1CCC(OC[C@H]2C[C@@H](O)C2)CC1F,-105.67,378.558,397.501,18.942999999999984
N#CC1C(F)CCCC1-N1CCCC1,-105.76,391.166,389.07,-2.096000000000004
NS(=O)(=O)C1CCC(F)CC1,-106.08,378.741,399.35,20.60900000000004
N#CC1C(F)CCCC1OCC1CCON1,-106.12,377.63,391.858,14.228000000000009
N#CC1CCC(F)C(CN2CCOCC2)C1,-106.32,391.627,394.066,2.4389999999999645
CC1CSC(NC(=O)C2CCC(F)CC2)N1,-106.34,384.72,385.399,0.6789999999999736
CN1CCC2C(CCCN2C2CCCC(F)C2C#N)C1,-106.37,390.23,381.757,-8.473000000000013
N#CC1CCC(F)C(CN2CCCCC2C(N)=O)C1,-106.39,391.12,396.974,5.853999999999985
N#CC1C(F)CCCC1N1CCCC(CC(N)=O)CC1,-106.45,376.311,379.389,3.078000000000032
CC1(C)COCCN1CC1CC(C#N)CCC1F,-106.49,412.23,385.384,-26.846000000000004
N#CC1C(F)CCCC1N1CCCC(CCO)C1,-106.59,392.47,392.933,0.4629999999999654
O=C(NC1CCNCC1)C1CCC(F)CC1,-106.73,385.517,384.891,-0.6259999999999764
CC1CNC(NC(=O)C2CCC(F)CC2)O1,-106.79,401.035,401.102,0.0669999999999504
CN(CC1CCOC1)C1CCCC(F)C1C#N,-106.8,376.986,382.361,5.375
CC1NC2CC(F)CCC2CC1C(=O)N1CCOCC1C,-106.81,386.07,389.371,3.300999999999988
CC1NOC(C)C1NC(=O)C1CCC(F)CC1,-106.85,378.853,400.889,22.036
CC1NC2CC(F)CCC2CC1C(=O)NCC1CC1,-106.9,379.671,395.284,15.613
CC1CC(F)CCC1S(=O)(=O)NCC1CC1,-106.9,387.641,397.037,9.395999999999958
O=C(NC1CCCCN1)C1CCC(F)CC1,-106.95,382.205,398.258,16.052999999999997
N#CC1C(F)CCCC1OC[C@H]1C[C@@H](O)C1,-106.97,379.467,396.801,17.334000000000003
O=S(=O)(NC1CCNCC1)C1CCC(F)CC1,-106.99,387.227,399.229,12.00200000000001
CC1NNC(NC(=O)C2CCC(F)CC2Cl)N1C1CC1,-107.04,388.256,391.981,3.725000000000023
CC1NC2CC(F)CCC2CC1C(=O)N1CCCC1,-107.09,391.649,384.578,-7.071000000000026
O=C(NC1CC(F)CCC1C(=O)O)C1CCOC1,-107.13,385.922,390.038,4.1159999999999854
CN(C)C1NCCCC1NC(=O)C1CCC(F)CC1,-107.22,385.434,398.983,13.548999999999978
CC1CCCC(NS(=O)(=O)C2CCC(F)CC2)N1,-107.29,387.258,402.043,14.785000000000023
N#CC1CCC(CN2NCCCC2=O)CC1F,-107.34,379.84,391.365,11.525000000000034
N#CC1CCC(CN2CCCCC2=O)CC1F,-107.35,385.543,391.332,5.788999999999987
CC1CC(C)N(C2CN(CC3CC(C#N)CCC3F)C2)N1,-107.45,391.426,392.438,1.0120000000000005
CN1CC(NC(=O)C2CCC(F)CC2Cl)CCC1=O,-107.63,388.573,384.668,-3.9049999999999727
CC1NC2CC(F)CCC2CC1C(=O)O,-107.66,389.351,387.206,-2.144999999999982
CC1CC(C(=O)N2CCOCC2)C2CCC(F)CC2N1,-107.73,374.164,384.757,10.593000000000018
O=C(NCC1CCCNC1)C1CCC(F)CC1,-107.82,381.851,384.864,3.012999999999977
N#CC1C(F)CCCC1N[C@H]1C[C@@H](O)C1,-107.82,398.318,384.4,-13.918000000000006
CC1CCCC(S(=O)(=O)N2CCOCC2C2CC2)C1F,-107.9,382.027,409.799,27.77199999999999
O=C(C1CCC(F)CC1)N1C2COCC1C2,-107.94,386.586,384.55,-2.0360000000000014
O=C(NCC1COC2CCCCC2O1)C1CCC(F)CC1,-107.97,380.966,381.269,0.3029999999999972
N#CC1CCC(CNC2CCOC2)CC1F,-107.98,381.303,391.263,9.95999999999998
N#CC1C(F)CCCC1NCC1CCCCN1,-108.0,395.714,395.923,0.2090000000000031
CC(=O)N1CCCC(C2NC(-C3CCC(F)CC3)NO2)C1,-108.06,383.395,385.435,2.0400000000000205
N#CC1CCC(CN2CCOCC2)CC1F,-108.11,381.484,384.798,3.3140000000000214
O=C(N[C@@H]1C[C@H]1CO)C1CCC(F)CC1,-108.12,384.206,384.206,0.0
CC1CCC(C(C)NC(=O)C2CCC(F)CC2)O1,-108.13,381.287,384.81,3.523000000000025
CC1CC(=O)NCCN1CC1CCC(C#N)C(F)C1,-108.17,374.855,380.881,6.025999999999954
COCC1CCN1C1CCCC(F)C1C#N,-108.22,380.227,385.623,5.396000000000015
O=C(NC1CCN(C(=O)C2CC2)CC1)C1CCC(F)CC1,-108.24,380.114,384.146,4.032000000000039
Cl.NCC1NOC2CC(F)CCC12,-108.26,380.954,366.294,-14.660000000000023
CC(=O)NC1CN(C2CCCC(F)C2C#N)C1,-108.27,387.261,384.29,-2.971000000000004
N#CC1C(F)CCCC1N[C@@H]1C[C@H]1CO,-108.29,380.221,396.266,16.045000000000016
COCC1CCN1C(=O)C1CCC(F)CC1,-108.37,398.634,398.744,0.1100000000000136
FC1CCC2CCCNC2C1Cl,-108.59,393.833,386.425,-7.408000000000015
CC1CC(S(=O)(=O)N(C)C2CCCCN2)CCC1F,-108.67,393.373,394.488,1.115000000000009
O=C(C1CCC(F)CC1Cl)N1CCCNCC1,-108.69,391.327,396.061,4.7339999999999804
CCCN1CCC(C2NOC3CC(F)CCC23)CC1,-108.71,398.877,393.817,-5.060000000000002
O=C(NC1CCCCC1O)C1CCC(F)CC1Cl,-108.79,388.362,395.466,7.103999999999985
N#CC1CCC(F)C(CNC(=O)NC2CCCCC2O)C1,-108.79,392.826,414.675,21.84899999999999
CN(C)CC1CCCN1S(=O)(=O)C1CCCCC1F,-108.84,382.916,383.439,0.5230000000000246
CO[C@H]1C[C@@H](CO)N(C(=O)C2CCC(F)CC2Cl)C1,-108.89,394.587,394.587,0.0
CC(C)C1NC(=O)N(CC2CCC(F)C(C#N)C2)C1=O,-108.92,393.493,393.632,0.13900000000001
FC1CCC(-C2NC(CN3CCSCC3)CO2)CC1,-108.94,378.196,385.106,6.909999999999968
CC1CCC(S(=O)(=O)N2CCCO2)C(F)C1,-108.94,380.922,396.229,15.30699999999996
[H]/C(C1=CC=CC=C1)=C(/F)CO,-109.0,283.32,283.32,0.0
CC1CC(S(=O)(=O)N2CCCC2)CCC1F,-109.13,394.288,394.163,-0.125
CN(CC1CCCO1)S(=O)(=O)C1CCCCC1F,-109.29,407.526,383.867,-23.658999999999992
O=C1CCC2CN(S(=O)(=O)C3CCCCC3F)CCN12,-109.31,383.149,393.817,10.668000000000006
CCN(C1CCNCC1)S(=O)(=O)C1CCCCC1F,-109.56,381.709,403.946,22.237000000000023
CC1ONC(-C2CCC(F)CC2)C1C(=O)N1CCOCC1,-109.63,383.512,400.214,16.701999999999998
O=C(C1CCC(F)CC1)N1CCCC1C1CCCCN1,-109.65,381.889,385.237,3.348000000000013
O=S(=O)(C1CCCC(F)C1)N1CCCO1,-109.67,386.911,399.219,12.307999999999993
O=C(C1CCC(F)CC1)N1CCOC(C2CCCS2)C1,-109.69,378.969,401.681,22.71199999999999
CN(CC1CCC(F)C(C#N)C1)C1CCSC1,-109.69,382.018,400.285,18.267000000000053
CCC(C)C(=O)N1CCN(C(=O)C2CCC(F)CC2)CC1,-109.83,378.408,401.367,22.959000000000003
O=C(C1CCC(F)CC1)N1CC[C@@H](O)C1,-109.84,385.853,384.952,-0.9010000000000103
N#CC1CC(F)CC(N2CCOCC2)C1,-109.85,384.438,394.591,10.15300000000002
O=C(C1CCC(F)CC1)N1CCN(C(=O)C2CC2)CC1,-109.87,381.535,402.33,20.79499999999996
CC(=O)NC1CCCN(C2CCNC3CC(F)CCC23)C1,-109.93,380.562,376.841,-3.721000000000004
CN1CCN(S(=O)(=O)C2CCCC(F)C2)CC1,-109.95,378.288,398.165,19.87700000000001
CN(CCC#N)C1CCNC2CC(F)CCC12,-109.96,390.185,387.893,-2.29200000000003
O=S(=O)(NC1CCCC2OCCC21)C1CCCC(F)C1,-110.14,377.441,398.945,21.50400000000002
CN(CC(=O)N1CCCC1)C(=O)C1CCC(F)CC1,-110.14,398.454,401.9,3.445999999999969
O=C(NCC1CCCCC1F)NC1CNNS1,-110.15,378.074,414.149,36.07499999999999
O=S(=O)(CC1CCCCO1)C1CCCC(F)C1,-110.15,378.581,397.664,19.08299999999997
CC1(CNS(=O)(=O)C2CCCC(F)C2)CCNCC1.Cl,-110.2,383.561,384.962,1.4010000000000105
CN1CNCC1CS(=O)(=O)C1CCCCC1F,-110.21,383.261,383.271,0.0099999999999909
COC1CCC(C(=O)NC2CCCC(C)N2)C(F)C1,-110.21,390.46,377.556,-12.903999999999996
O=S(=O)(C1CCCC(F)C1)N1CCCC1,-110.22,385.992,398.164,12.171999999999969
O=S(=O)(C1CCCC(F)C1)N1CCCCC1,-110.24,369.437,399.032,29.59499999999997
NS(=O)(=O)C1CNC2CCC(F)CC2C1,-110.27,398.279,387.515,-10.76400000000001
OCC1CC(F)CCC1-N1CNCN1,-110.49,389.77,386.163,-3.606999999999971
CC1CC(C(=O)NC2CC(C(N)=O)N(C)C2)CCC1F,-110.51,375.721,416.119,40.398000000000025
FC1CCCCC1-C1NNC(CN2CCCCC2)O1,-110.55,402.507,409.659,7.151999999999987
CC(O)CNC1CCC2CCC(F)CC2N1,-110.56,380.079,388.15,8.07099999999997
CN1CCC(N(C)C(=O)C2CCC(F)CC2)CC1,-110.56,381.587,381.684,0.0970000000000368
N#CC1CNN(-C2CCCC(F)C2)C1N,-110.6,381.503,396.035,14.53200000000004
CN(C)C(=O)C1CCCN1C1CCC2CCC(F)CC2N1,-110.61,380.496,386.405,5.908999999999992
CN(CCC#N)C1CCC2CCC(F)CC2N1,-110.65,399.881,385.104,-14.776999999999989
C[C@@H]1CN(CC2C(F)CCCC2Cl)CCN1,-110.79,379.437,392.655,13.21799999999996
O=C(O)C1CN(C(=O)C2CCC(F)CC2)CCS1,-110.82,382.08,401.893,19.812999999999988
CC1CCC2C(N1)OCCN2C(=O)C1CCC(F)CC1C,-110.85,380.029,381.589,1.5600000000000025
O=C(O)C1CC(-C2CCC(F)CC2)NO1,-110.88,386.504,400.72,14.216000000000008
N#CC1CC(F)CCC1CN1CNCN1,-110.93,384.634,392.371,7.736999999999966
CC1CC(F)CC(S(=O)(=O)N2CCCC2CN)C1.Cl,-110.99,381.263,398.635,17.372000000000014
FCC1=NC2=CC=CC=C2C2=C1C=CC=C2,-111.0,419.883,419.883,0.0
FC1CCCC(Cl)C1-C1NN[NH]N1,-111.09,382.26,390.344,8.084000000000003
CCC1CCCCN1C(=O)NC1CCC(C(N)=O)C(F)C1,-111.12,380.519,391.645,11.125999999999976
CC1NC(N)N(-C2CCC(F)CC2C)N1,-111.17,377.837,386.419,8.581999999999994
CC1NC(C(=O)N2CCCC2)NN1-C1CCC(F)CC1,-111.2,380.817,398.608,17.790999999999997
NC(=O)C1CCCCC1NC(=O)C1CCC(F)C(Cl)C1,-111.21,380.141,388.011,7.870000000000003
O=S(=O)(NC1CCCNC1)C1CCCCC1F,-111.21,382.336,404.445,22.10899999999998
N[C@H]1CCN(C(=O)C2CCN(-C3CCCC(F)C3)N2)C1,-111.23,380.123,387.85,7.727000000000032
N#CC1C(F)CCCC1CN1CCOCC1,-111.25,382.522,382.522,0.0
CNC(=O)C1NC(C)N(-C2CCC(F)CC2)N1,-111.25,384.625,399.683,15.057999999999993
NC1NC(-C2CCC(F)CC2)N[NH]1,-111.26,400.586,400.586,0.0
O=S(=O)(NC1CCCC1)C1CCCCC1F,-111.33,398.234,384.004,-14.22999999999996
CC1CC(F)CC(S(=O)(=O)N2CCCC2)C1,-111.35,395.939,389.921,-6.018000000000029
CC1CCN(S(=O)(=O)C2CC(CO)CCC2F)CC1,-111.38,384.4,381.114,-3.2860000000000014
O=C(C1CCCO1)N1CCCSC2CCC(F)CC21,-111.43,376.35,388.742,12.391999999999996
N#CCCN1NC(-C2CCC(F)CC2)CCC1=O,-111.43,399.943,400.181,0.2379999999999995
CC1CCCN1C(=O)CN1CNC2CCC(F)CC2C1=O,-111.44,392.166,403.632,11.466000000000008
CC1CC(F)CC(S(=O)(=O)NC2(C)CC2)C1,-111.47,378.675,392.957,14.281999999999982
O=C(NCC1NCCCN1)C1CCC(Cl)CC1F,-111.51,387.959,392.68,4.721000000000004
COC1CC(F)CC(NC(=O)N2CCOCC2)C1,-111.57,393.832,393.832,0.0
CC1NSCC1C(=O)N(C)C1CCCC(F)C1,-111.63,378.016,397.123,19.10699999999997
N#CC1CC(F)CCC1CN1CNC(C2CCC2)CC1=O,-111.64,401.44,392.216,-9.22399999999999
CC(O)C1CCCCN1CC1CCC(F)CC1C#N,-111.65,401.055,391.042,-10.013000000000034
CC1CC(NC(=O)NC2CC2)NN1-C1CCCC(F)C1,-111.68,384.574,397.447,12.87299999999999
Cl.O=C1CNCCN1C1CCCC(F)C1,-111.69,381.415,381.415,0.0
COC1CC(F)CC(CN2CC[C@@H](O)C2)C1,-111.7,392.19,394.341,2.1510000000000105
CC1CCOCCN1C(=O)C(=O)NC1CCCC(F)C1,-111.71,398.704,397.469,-1.2350000000000136
CN1NCCC1C(=O)N1CCNCC1C1CCCC(F)C1,-111.72,378.877,384.386,5.509000000000015
O=S(=O)(NCC1CCCO1)C1CCCCC1F,-111.74,381.333,389.517,8.183999999999969
CCN1CCCN(C(=O)C(=O)NC2CCCC(F)C2)CC1,-111.74,381.944,398.363,16.418999999999983
CN1CCC(OC2CCCC(F)C2)C1=O,-111.74,390.966,398.099,7.132999999999981
Cl.FC1CCCC(OC2CCNCC2)C1,-111.76,388.125,388.125,0.0
CC1CC(F)CCC1C(=O)N1CCC(C)S(=O)(=O)CC1,-111.77,367.316,385.415,18.099000000000046
CCC1NNSC1C(=O)NC1CCCC(F)C1,-111.77,371.169,384.598,13.42900000000003
CN1CN(C(=O)C2CCCC(F)C2)CC1=O,-111.77,398.428,398.428,0.0
O=C(NC1CCCC1)C1CC(F)CCC1-N1CCNC1,-111.78,392.315,376.428,-15.887
CC1N[NH]C(=O)C(C(=O)NC2CCCC(F)C2)C1C,-111.81,378.323,398.391,20.06800000000004
FC1CCC2NCNC(NC3CC3)C2C1,-111.85,379.543,395.516,15.973000000000011
CCN1CCC(N(C)C(=O)C2CCCC(F)C2)CC1,-111.86,388.35,398.236,9.885999999999967
CC1CCN(C(=O)COC2CCCC(F)C2)CC1,-111.86,389.152,387.165,-1.9869999999999663
O=C(NC1CC(F)CCC1-N1CCCN1)N1CCCC1,-111.86,390.251,390.044,-0.2069999999999936
CC1CC(C(=O)NCC2N[NH]C(=O)[NH]2)CCC1F,-111.89,392.219,413.021,20.80200000000002
CN1CCCC1C1COCCN1C(=O)C1CCCC(F)C1,-111.93,384.994,386.262,1.2679999999999725
CCN(C1CCCC(F)C1)S(=O)(=O)C1CN[NH]C1,-111.94,381.404,393.774,12.370000000000005
O=C(O)C1CCC(=O)N(C2CCCC(F)C2)C1,-111.96,397.934,397.934,0.0
CC1NN(-C2CCC(F)CC2)C(N)C1C#N,-111.97,388.293,388.159,-0.1340000000000145
COC1NCCCC1C(=O)NC1CCCC(F)C1,-111.99,377.991,388.953,10.961999999999987
[H]/C(F)=C(/[H])C(=O)OCCCCCCCCCCCC,-112.0,287.485,288.205,0.7199999999999704
CCCCCCC(F)SC,-112.0,365.221,384.2,18.978999999999985
CNS(=O)(=O)C1CCC(C(=O)NC2CCCC(F)C2)O1,-112.01,368.195,378.932,10.737000000000023
CCN1CC(NC(=O)C2CCC(Cl)CC2F)CCC1=O,-112.02,389.366,377.645,-11.721000000000004
OC1CCNC(-C2CCCC(F)C2)C1,-112.03,380.519,397.518,16.998999999999967
O=C(CN1CCNC1)NC1CCCC(F)C1,-112.03,390.296,397.608,7.312000000000012
O=C(C1CCCC(F)C1)N1CCN(C(=O)C2CC2)CC1,-112.05,371.292,397.517,26.225000000000023
NC(=O)C1CCC(-C2CCC(F)CC2)O1,-112.05,398.925,385.15,-13.775000000000034
O=C1NC(=O)C2(CCN(C(=O)C3CCCC(F)C3)CC2)N1,-112.07,381.618,383.665,2.047000000000025
CC(=O)N1CSCC1C(=O)NC1CCCC(F)C1,-112.07,381.824,390.559,8.735000000000014
CC1CCC(S(=O)(=O)N[C@@H]2CCCC[C@H]2N)C(F)C1.Cl,-112.08,360.864,381.939,21.075000000000045
CC1OCCC1C(=O)NC1CCC(C(=O)O)C(F)C1,-112.09,388.584,393.439,4.855000000000018
FC1CCC(C2CN(CC3CCON3)CCO2)C(Cl)C1,-112.09,390.666,397.383,6.7169999999999845
CCN(C)C1CCCN(C2CCCC(F)C2)C1=O,-112.09,399.703,397.909,-1.7939999999999827
CN(CC1CCCO1)C(=O)C1CCCC(F)C1,-112.1,378.369,397.41,19.041
NC(=O)C1CC2CCCCC2CN1CC1CCCC(F)C1,-112.1,382.424,380.87,-1.5539999999999736
O=C1CN(C(=O)C2(C3CCCC(F)C3)CCC2)CCN1,-112.14,380.151,398.144,17.992999999999995
O=C1CN(C(=O)C2CC(-C3CCCC(F)C3)NO2)CCN1,-112.15,381.229,387.254,6.025000000000034
O=C(NC1CCCC(F)C1)[C@H]1CNCCO1,-112.18,378.792,389.619,10.827000000000057
CC1CC(C(=O)NC2CCNCC2C)CCC1F,-112.19,388.102,391.487,3.385000000000048
CNC(=O)C1(C2CCCCC2F)CCCC1,-112.21,389.76,397.973,8.213000000000022
Cl.FC1CCCC(C2COCCN2)C1,-112.25,373.787,399.767,25.980000000000015
O=C(NC1CN[NH]C1)C1CCCC(F)C1,-112.25,390.779,398.147,7.367999999999995
O=C(NC1CCCC(F)C1)C1(O)CCOC1,-112.26,386.044,391.41,5.366000000000042
CN1CCC(NC(=O)C2CCC(Cl)CC2F)N1,-112.28,385.656,390.967,5.310999999999979
O=C1CN(C2CCCC2)C(=O)N1C1CCC(F)CC1,-112.28,388.829,388.829,0.0
CC1(C)COCCN1C(=O)C1CCCC(F)C1,-112.29,388.132,398.082,9.949999999999989
O=C(NCC1CCC2C(C1)OCO2)C1CCCC(F)C1,-112.29,390.286,380.176,-10.110000000000014
CC1(C)COCCN1CC1COC(-C2CCCC(F)C2)N1,-112.3,384.643,386.394,1.7510000000000332
O=C1NCCC1OC1CC(F)CCC1Cl,-112.31,381.269,397.576,16.307000000000016
CC1C(C(=O)N2CCCC2)CNN1-C1CCC(F)CC1,-112.32,377.11,401.506,24.39599999999996
CN(C)C1CCC(NC(=O)C2CCCC(F)C2)CN1,-112.32,388.955,362.445,-26.50999999999999
O=C(NCC(=O)N1C2COCC1C2)C1CCCC(F)C1,-112.35,398.434,385.723,-12.711000000000013
COC1CC(F)CCC1NC(=O)C1CCCS1,-112.36,391.229,395.571,4.342000000000041
O=C(NC1CCCN(C2CCCC(F)C2)C1)C1CCOC1,-112.39,386.041,384.631,-1.410000000000025
CC1SC(=O)N(CC(=O)O)C1-C1CCC(F)CC1,-112.41,371.843,385.344,13.500999999999976
O=C(NC1CCCC(F)C1)N1CCN2CCC1CC2,-112.41,389.062,388.333,-0.728999999999985
CC(C)(O)C1CCCN1C(=O)C1CCC(F)C(Cl)C1,-112.46,371.021,383.282,12.260999999999967
CC1CCCNC1CNC(=O)C1CCCC(F)C1,-112.46,383.527,398.037,14.509999999999993
CC1CC(C(=O)NC2(C(=O)O)CC2)C(Cl)CC1F,-112.46,389.968,408.748,18.779999999999973
CC1CC(C(=O)NC2(CO)CCOC2)C(Cl)CC1F,-112.46,398.523,398.53,0.0069999999999481
CC(C)N1CCC(NC(=O)C2CCCC(F)C2)CC1,-112.47,381.335,381.33,-0.0049999999999954
CC1(NC(=O)NC2CCCC(F)C2)CCS(=O)(=O)C1,-112.47,390.712,389.241,-1.4710000000000036
O=C(C1CN(CC2CCCC(F)C2)NN1)N1CCCCC1,-112.49,371.537,387.4,15.863
CN(CC1CCC(F)CC1Cl)C(=O)[C@@H]1CCCCN1.Cl,-112.51,378.856,396.221,17.36500000000001
CCN1CC(NC(=O)NC2CCCC(F)C2)CN1,-112.51,389.18,397.187,8.007000000000005
O=C(NC1CCCCNC1=O)C1CCCC(F)C1,-112.51,391.295,398.048,6.752999999999986
O=C1CN(CC2CCC(F)CC2Cl)CCN1,-112.52,387.772,384.851,-2.9209999999999923
O=C(NCC1CCCO1)NC1CCCC(F)C1,-112.52,397.06,388.906,-8.153999999999996
O=C(NCC1NCC[NH]1)NC1CCCC(F)C1,-112.52,397.261,389.05,-8.211000000000013
CN1CC(CNC(=O)NC2CCCC(F)C2)CN1,-112.53,372.725,383.948,11.222999999999956
CC1NC(CNC(=O)NC2CCCC(F)C2)N[NH]1,-112.53,377.999,385.951,7.951999999999998
O=C(NC1CCCC(F)C1)N[C@H]1C[C@@H](O)C1,-112.53,378.464,389.014,10.550000000000011
O=C(NC1CCCC(F)C1)N[C@@H]1C[C@H]1CO,-112.53,397.436,389.114,-8.322000000000003
CC1NN(-C2CCC(F)CC2)C(N)C1C(N)=O,-112.54,383.616,387.294,3.677999999999997
CC1OCNC1C(=O)NC1CCC(S(C)=O)C(F)C1,-112.55,383.237,401.246,18.008999999999958
CCNC(=O)N1CCN(CC2CCC(F)CC2C#N)CC1,-112.58,380.209,392.121,11.911999999999978
CC1NN(-C2CCC(F)CC2)C(C)C1C(=O)NC1CC1,-112.58,385.791,387.529,1.7379999999999995
CC1NCCN1CC1CCCC(C#N)C1F,-112.58,386.435,410.245,23.81
O=C(C1CC(F)CC2CCCNC12)N1CCCCO1,-112.59,389.739,389.739,0.0
CC1NC(C2(NC(=O)C3CCCC(F)C3)CCCC2)NO1,-112.6,381.044,393.342,12.298000000000002
CC(C)(C(=O)N1CCCC(C(=O)O)C1)C1CCCC(F)C1,-112.61,389.903,381.686,-8.217000000000041
FC1CCCC(-C2CNC(CN3CCOCC3)O2)C1,-112.63,380.282,398.649,18.36700000000002
CC(C)(CO)NC(=O)C1CC(F)CC2CCCNC12,-112.66,379.464,388.662,9.19799999999998
O=C(NC1(C2CCCC(F)C2)CCOCC1)C1CCOC1,-112.66,383.072,398.128,15.055999999999983
O=C(NCC1CCOC1)C1CCC(Cl)CC1F,-112.67,400.918,381.353,-19.565
CN1C(=O)N[C@@H]2CN(CC3CCC(F)CC3C#N)CC[C@@H]21,-112.69,390.702,387.892,-2.8100000000000023
O=C1[NH]CCC2CCC(F)CC12,-112.71,383.628,398.621,14.992999999999997
CNC(=O)C1C[NH]NC1-C1CCC(F)CC1,-112.71,384.988,399.674,14.68599999999998
CS(=O)C1NNCN1CC1CCCC(F)C1,-112.71,386.658,384.978,-1.6800000000000068
N#CC1CC(F)CCC1CN1CC(N2CCCN2)C1,-112.72,377.357,391.267,13.909999999999968
CN(CC1CC(F)CC2CCCNC12)S(C)(=O)=O,-112.73,386.668,386.668,0.0
CNC(=O)C1NNN(-C2CCC(F)C(Cl)C2)C1C,-112.73,405.053,388.562,-16.490999999999985
O=S(=O)(CC1CCC(F)CC1)C1NCC[NH]1,-112.74,382.111,400.693,18.581999999999997
CN1NC(C(=O)O)CC1-C1CCC(F)CC1,-112.75,382.018,400.175,18.15700000000004
CC1CN(C(=O)C2CNCN2-C2CCC(F)CC2)CCO1,-112.77,385.987,387.9,1.912999999999954
CC(NC(=O)C1CCC(Cl)CC1F)C1CCNCC1,-112.78,402.522,394.981,-7.540999999999997
N#CC1(C2CCCC(F)C2)CC1,-112.79,398.411,398.411,0.0
CC(C)NC(=O)C1(C2CCCC(F)C2)CCOCC1,-112.8,386.184,397.595,11.411
CC1NN(-C2CCC(F)CC2)C(C)C1C(=O)N1CCC1,-112.81,377.187,399.227,22.039999999999964
O=C1CN(C(=O)NC2CCCC(F)C2)C2CCCCC2N1,-112.81,381.383,396.722,15.339
NC1CC(=O)[NH]N1-C1CCC(F)CC1,-112.81,381.991,401.049,19.057999999999996
O=C(NC1CCCC(F)C1)N1CCC2(O)CCCCC2C1,-112.87,379.891,383.919,4.027999999999963
CC1CC(CN(C)C(=O)NC2CCCC(F)C2)NO1,-112.87,388.148,386.012,-2.136000000000024
CC1CN(C)CCN1CC1CCC(F)CC1C#N,-112.87,400.618,391.377,-9.240999999999984
CC1CCN(CC2CCCC(F)C2)C(=O)C1C#N,-112.89,388.704,397.732,9.02800000000002
CN1NNCC1CNC1CCCC(F)C1,-112.9,375.773,387.625,11.851999999999975
O=C(O)C1(C(=O)NC2CCCC(F)C2)CC1,-112.9,385.609,384.505,-1.103999999999985
CN(CC1CCCC(F)C1)C(=O)C1CCC(O)NC1,-112.9,387.469,384.805,-2.6639999999999877
O=C(N1CCN(C2CC2)CC1)C1(C2CCCC(F)C2)CC1,-112.91,379.608,384.094,4.48599999999999
CC1SCCN(C(=O)NC2CCCC(F)C2)C1C,-112.92,377.843,396.99,19.14699999999999
O=C(C1CCC(F)C(Cl)C1)N1CCC(CO)C1,-112.94,384.776,384.776,0.0
CN(CC1CCCC(F)C1)C(=O)C1CCCC(C#N)C1,-112.96,387.01,398.873,11.863
CC1OC(-C2CCCCC2F)NC1C(=O)N1CCCCC1,-112.97,379.568,381.384,1.816000000000031
CCN1NNC(C)C1C(=O)N1CCC2CCCC(F)C21,-112.97,390.606,396.144,5.538000000000011
NC(C1CCCC(F)C1)C1CCCCN1,-112.99,374.043,397.29,23.24700000000001
CC1NCSC1C(=O)N(C)CC1CCCC(F)C1,-113.0,387.041,385.68,-1.36099999999999
O=C(CC1C(F)CCCC1Cl)NC1NCCCC1O,-113.0,394.267,367.161,-27.105999999999995
CC1CC(N2CCOC(C3CCCC(F)C3)C2)CCN1,-113.02,396.449,380.116,-16.333000000000027
O=C1C2CCCN2C(=O)N1CC1CCCC(F)C1,-113.03,387.195,397.827,10.632000000000003
CC1CNN(C)C1CNC1CCCC(F)C1,-113.03,397.641,398.726,1.0849999999999795
O=C(NC1CCCOC1)C1CNCN1-C1CCC(F)CC1,-113.06,387.77,387.778,0.0080000000000381
CC1CC(C(=O)NC2(C(=O)O)CC2)CCC1F,-113.06,391.438,390.685,-0.7529999999999859
CN1C(=O)N(CC2CCCC(F)C2)C(=O)C12CCCCC2,-113.07,390.264,397.71,7.4459999999999695
O=C(C1CCC(O)NC1)N1CCCC1C1CCCC(F)C1,-113.08,381.291,383.488,2.1970000000000027
OCC1(C2CCCC(F)C2)CCNC1,-113.09,386.097,397.863,11.76600000000002
O=S1(=O)CC2CCC(F)CC2N1,-113.09,402.565,388.973,-13.591999999999985
CCN(C(=O)C1CCOC1)C1CCC(Cl)C(F)C1,-113.1,385.88,384.786,-1.093999999999994
CC1CNC(CNC2CCCC(F)C2)NC1,-113.1,390.474,391.159,0.6850000000000023
FC1CCC2NCCCC2C1,-113.14,383.889,386.428,2.5389999999999877
CC1(C)CNC(=O)CN1C(=O)C1CCC(F)C(Cl)C1,-113.14,387.731,385.302,-2.4289999999999736
FC1CCCC(-C2CC[NH]N2)C1,-113.15,381.21,384.884,3.674000000000035
O=C(N1CC2CCC1C2)C1(C2CCCC(F)C2)CC1,-113.15,383.739,397.384,13.64500000000004
O=C(NC1CCOCC1)C1CNCN1-C1CCC(F)CC1,-113.16,381.945,387.755,5.810000000000002
CC1CC(F)CC(C(=O)N2CCCSCC2)C1,-113.19,395.874,395.874,0.0
CC1CCCN(CC2CCCC(F)C2)C1=O,-113.19,397.854,397.854,0.0
O=C(O)C1CC2CCCNC2CC1F,-113.19,399.892,399.892,0.0
NC(=O)C1(C2CCCC(F)C2)CCC1,-113.2,398.055,398.259,0.2040000000000077
CC1CC(C(=O)N2CCCC(C(=O)O)C2)C(Cl)CC1F,-113.22,378.635,412.043,33.408000000000015
CCN(C(=O)C1CCCO1)C1CCC(F)CC1,-113.22,399.023,399.077,0.0539999999999736
O=C(O)C1CSC(C2CCC(F)CC2)N1,-113.23,379.685,386.004,6.319000000000017
CCN(C(=O)C1CCN(C)C(=O)C1)C1CCC(F)CC1,-113.24,384.442,401.594,17.151999999999987
CS(=O)(=O)NC(C1CCCC(F)C1)C1CCCC1,-113.24,396.911,397.017,0.1059999999999945
CC1(C)COC(C2CCCC(F)C2)CN1,-113.25,384.477,384.447,-0.0299999999999727
CN(C(=O)C1CCN2CCNC2C1)C1CCC(F)CC1,-113.26,377.998,401.502,23.50400000000002
N#CCC(=O)NC1N[NH]C2CC(F)CCC12,-113.26,379.337,387.232,7.895000000000039
CCN1C(=O)C(=O)N(CC2CCCC(F)C2)C1=O,-113.26,385.15,397.977,12.826999999999998
CS(=O)(=O)NCC1(C2CCCC(F)C2)CCOCC1,-113.27,398.042,396.66,-1.3819999999999482
O=C(CC1C(F)CCCC1Cl)NC1NCCCN1,-113.28,377.416,398.544,21.127999999999982
CC(NC(=O)C1CCCO1)C1CCCC(F)C1,-113.28,388.288,398.091,9.802999999999995
CCS(=O)(=O)NC1CNCCC1-C1CCCC(F)C1,-113.28,397.031,383.17,-13.86099999999999
FC1CC(CN2CCN(C3CC3)CC2)C2NCCCC2C1,-113.29,380.373,382.152,1.7789999999999964
O=C(C1CNCN1-C1CCC(F)CC1)N1CCCC1,-113.3,379.408,400.503,21.09499999999997
NC(=O)C1(C2CCCC(F)C2)CCCC1,-113.31,383.215,397.54,14.325000000000044
CC(=O)NC1CCC(F)CC1NC1CC1,-113.32,386.085,386.085,0.0
CC(NC(=O)NC1NCCS1)C1CCCC(F)C1,-113.33,380.711,383.901,3.1899999999999977
CN1C(=O)C[C@H](C(=O)O)[C@H]1C1CCCC(F)C1,-113.35,381.731,398.024,16.293000000000006
CC1(C2CCCC(F)C2)CCNC1,-113.36,382.51,382.923,0.4130000000000109
Cl.NC1CCC2CC(F)CCC21,-113.36,382.725,381.389,-1.3360000000000127
CN(CC1CCC(F)CC1Cl)C(=O)C1(N)CCCC1.Cl,-113.39,386.099,388.075,1.975999999999999
O=C(NC1CCCNC1)N1CCC(C2CCCC(F)C2)C1,-113.4,373.62,383.713,10.093000000000018
O=C(C1CCCCN1)N1CCOC(C2CCC(F)CC2)C1,-113.4,382.815,385.416,2.600999999999999
NC1NCNCC1-C1CCC(F)CC1,-113.41,379.435,400.922,21.487000000000023
CC1CC(F)CC(C(=O)NCC2CCCNC2)C1,-113.41,388.852,395.867,7.015000000000043
CNC(=O)N1CC=C(C2CCCCC2F)C1,-113.41,395.423,379.659,-15.76400000000001
OCC1NC(CC2CCCC(F)C2)NO1,-113.41,397.095,397.118,0.0229999999999677
NC1CCNN1-C1CCC(F)CC1,-113.42,387.409,399.976,12.567000000000007
CC1CC(S(=O)(=O)NC2CCOC2)CC(C)C1F,-113.42,405.887,422.011,16.124000000000024
O=C1NCCN1CC1CCCC(F)C1,-113.44,386.812,398.171,11.35899999999998
CC1CC(F)CC(C(=O)NC(C)C2NCON2)C1,-113.44,392.383,395.592,3.209000000000003
CC(=O)N(CC1CCCS1)C1CCC(F)CC1,-113.45,380.816,388.576,7.760000000000048
O=C(NCC1CCCC(F)C1)NC1NCCS1,-113.45,384.679,383.806,-0.8729999999999905
CC(C)C(=O)N1CCN(C(=O)CC2CCCC(F)C2)CC1,-113.45,397.483,397.673,0.1899999999999977
CC1CC(C(=O)N(C)C2CCC(F)CC2)CC(O)N1,-113.46,384.541,388.305,3.76400000000001
O=S(=O)(CC1CCC(F)CC1)N1CCCC1,-113.46,386.746,400.852,14.105999999999996
CCN(C(=O)C1CC(=O)NC2CC(F)CCC21)C1CC1,-113.47,387.161,389.071,1.910000000000025
N#CC1CCC(C(=O)NCC2CCCC(F)C2)CC1,-113.48,379.444,398.162,18.71799999999996
COC1CC(F)CCC1NC(=O)C1CCC1,-113.48,381.122,387.024,5.901999999999987
NS(=O)(=O)C1CC2C(CC1F)NC(=O)CC2,-113.48,383.086,405.571,22.485000000000014
CC(C)(N)C(=O)N1CCOC(C2CCC(F)CC2)C1,-113.5,377.669,399.893,22.22399999999999
O=S(=O)(NCC1CCCC(F)C1)C1CC1,-113.5,379.942,398.87,18.928
CC1CC(F)CC(C(=O)N[C@@H]2C[C@H]2CO)C1,-113.5,380.725,386.515,5.789999999999964
COC1CC(F)CCC1NC(=O)C1CCCN1C,-113.52,387.548,396.358,8.810000000000002
O=C(CC1CCCC(F)C1)N1CC2(CC2)C1,-113.53,376.976,384.565,7.588999999999999
CN1CCC(NC(=O)CC2CCCC(F)C2)N1,-113.53,379.517,373.14,-6.3770000000000095
CC(=O)NC1CCCN(C(C)C2CCCC(F)C2)C1,-113.53,386.8,383.388,-3.4120000000000346
NC(=O)C(C1CCC(F)CC1)N1CCCCC1,-113.56,377.861,399.663,21.80200000000002
O=C(C1CCC1)N1CCOC(C2CCC(F)CC2)C1,-113.56,400.192,385.042,-15.150000000000034
O=C(NCC1CCCC(F)C1)N1CCCO1,-113.57,383.795,383.849,0.0539999999999736
O=C(CC1CCCC(F)C1)NC1CCC(O)CC1,-113.58,386.525,385.748,-0.7769999999999868
O=C(CC1CCCC(F)C1)N1CCC1,-113.59,397.641,399.974,2.33299999999997
CC(C)(O)C1CCCN1C(=O)CC1CCC(F)CC1Cl,-113.6,389.915,388.05,-1.865000000000009
NC1CNCCC1-C1CCC(F)CC1,-113.62,381.2,384.904,3.704000000000008
CNC1CCCN(C(=O)CC2C(F)CCCC2Cl)C1.Cl,-113.65,373.934,373.934,0.0
CC1CCN(S(C)(=O)=O)C1C1CCCC(F)C1,-113.65,378.959,397.518,18.55899999999997
O=C(NCC1CCCC(F)C1)C1(O)CCC1,-113.65,383.891,398.404,14.512999999999977
Cl.FC1CCCC(CC2C[NH]CN2)C1,-113.65,387.455,387.455,0.0
CC1NCCCC1NS(=O)(=O)CC1CCCC(F)C1,-113.66,380.061,398.185,18.124000000000024
CC1CC(C2CCCC(F)C2)N(CC(N)=O)C1,-113.66,382.799,397.195,14.396000000000017
Cl.NC1CCCC(C(=O)NCC2CCCC(F)C2)C1,-113.68,372.349,384.833,12.484000000000036
NC(=O)N(CC1CCCC(F)C1)C1CC1,-113.69,384.649,399.774,15.125
CC1(NC(=O)CC2CCCC(F)C2)CCS(=O)(=O)C1,-113.7,387.775,383.856,-3.918999999999983
CN(CC1C(F)CCCC1Cl)C(=O)C1CCCO1,-113.72,384.876,391.204,6.328000000000031
CCCC1C(N)CNN1-C1CCC(F)CC1.Cl,-113.73,383.001,383.001,0.0
O=C(NCC1CCCC(F)C1)N[C@@H]1C[C@H]2CC[C@@H]1O2,-113.73,389.85,398.539,8.688999999999965
N#C[C@H]1CC[C@@H](NCC2CCCC(F)C2)C1,-113.73,396.709,397.762,1.0529999999999973
CN1CCN(C(=O)C2CCCO2)C2CCC(F)CC21,-113.75,396.789,393.216,-3.572999999999979
CC(C(N)=O)N1CCC(C2CCCC(F)C2)C1,-113.76,380.891,398.282,17.390999999999963
N#CC1CN(CC2CCCC(F)C2)CCO1,-113.77,373.207,397.795,24.588000000000022
Cl.O=C(C1CNCCO1)N1CCCC1CC1CCCC(F)C1,-113.78,376.507,387.878,11.37099999999998
CC1CC(F)CC(C(=O)NC2(C(=O)O)CCC2)C1,-113.78,379.767,386.63,6.863
O=C(CS(=O)C1CCCCC1F)N1CCCCC1,-113.78,385.448,388.169,2.721000000000004
CC(NC(=O)C1COCCO1)C1CCC(F)CC1Cl,-113.78,390.424,396.183,5.759000000000015
CN(C1CCC(F)CC1)S(=O)(=O)C1CC1,-113.8,380.87,400.93,20.06
O=C(C1CCOC1)N1CCN(CC2CCCC(F)C2)CC1,-113.8,380.937,397.517,16.579999999999984
CC1OCNC1C(=O)NC1CCC(C2CCCC(F)C2)C1,-113.82,378.166,397.505,19.339
CC1CCCNC1NS(=O)(=O)CC1CCCC(F)C1,-113.82,378.691,399.825,21.13400000000001
Cl.FC1CCCC(Cl)C1CC1CNC1,-113.82,391.114,430.412,39.298
COC1CCC(C(=O)N2CCCN(C)CC2)C(F)C1,-113.85,379.861,390.535,10.674000000000037
CC(CC(=O)N1CCCC1)C1CCCC(F)C1,-113.86,378.738,383.023,4.285000000000025
OCC1COCCN1CC1CCCC(F)C1,-113.87,383.821,389.705,5.883999999999958
CC1CCC(C(=O)NC2(C3CCCC(F)C3)CC2)O1,-113.88,386.478,398.168,11.689999999999998
O=C(O)C1CC(-C2CCC(F)CC2)[NH]N1,-113.89,381.509,400.055,18.545999999999992
NC1N[NH]C2CC(F)CCC12,-113.89,391.573,395.317,3.744000000000028
O=C(O)[C@@H]1C[C@H]1C1C(F)CCCC1Cl,-113.89,393.398,406.759,13.36099999999999
CC1CC(F)CC(C(=O)N2CCCCC2C2NC[NH]N2)C1,-113.9,380.739,381.37,0.6310000000000286
FC1CCCC(Cl)C1CN1CCNC1,-113.9,388.592,403.635,15.043000000000006
O=C(C1CCCC1)N1CCOC2CCCC(F)C21,-113.9,394.668,396.66,1.9920000000000184
CC1[NH]NCC1C(=O)N(C)CC1C(F)CCCC1Cl,-113.97,395.271,391.716,-3.555000000000007
CN(C(=O)C1CCCC(F)C1Cl)C1NCCCC1C#N,-113.99,367.385,378.029,10.644000000000004
CN(C(=O)C1CC(C2CCCC(F)C2)C1)[C@@H]1COC[C@H]1O,-113.99,378.891,397.935,19.043999999999983
O=C(NC1CCCNC1)NC1(C2CCCC(F)C2)CC1,-113.99,379.928,381.361,1.4329999999999927
CC1CC(F)CCC1CN1CCC(C2NCCO2)CC1,-114.0,383.787,384.29,0.5030000000000427
O=C(C1CCC(Cl)CC1F)N1CCCNCC1,-114.0,384.859,387.87,3.011000000000024
CN1CCN(S(C)(=O)=O)C2CCC(F)CC21,-114.01,382.208,397.664,15.45599999999996
CNC(=O)C1OCCC1-C1CCC(F)CC1,-114.02,378.253,385.314,7.061000000000036
O=C(CC1CCCC(F)C1)N1CCCCC1C1NCON1,-114.02,397.585,383.638,-13.947000000000005
O=C([O-])CC1NC(-C2CCC(F)CC2)CS1.[Na+],-114.04,375.304,401.005,25.701000000000025
N#CC(NC(=O)C1CCCC(F)C1Cl)C1CC1,-114.04,403.855,387.935,-15.920000000000016
CC1CC(F)CC(C(=O)N2CCCC2C(=O)O)C1,-114.05,386.998,394.909,7.911000000000001
CC1CC(F)CC(NCC2NCCN2C)C1,-114.05,395.293,394.514,-0.7789999999999964
CC1CCC(S(=O)(=O)N(C)C2CCNCC2)CC1F.Cl,-114.06,397.783,410.606,12.82299999999998
CCCN1C(=O)NC(C)(C2CCC(F)CC2)C1=O,-114.07,379.183,400.185,21.00200000000001
CC1NC(C(=O)O)C(-C2CCC(F)CC2)S1,-114.08,381.92,385.555,3.634999999999991
N#CCCN1CCN(C(=O)C2CCC(Cl)CC2F)CC1,-114.08,382.945,389.089,6.1440000000000055
CN1CC(OCC2CCC(F)CC2)CN1,-114.09,380.85,384.917,4.06699999999995
CC1CC(F)CC(NC2CCNC2=O)C1,-114.1,393.758,388.128,-5.629999999999996
CN(C(=O)C1CCCC(F)C1Cl)C1CC2CCC(C1)N2.Cl,-114.11,374.96,374.96,0.0
FC1CCC(OC2NCCCN2)C(Cl)C1,-114.11,378.887,398.412,19.524999999999977
CC1CC(F)CC(NCC2CNCN2C)C1,-114.11,395.121,395.153,0.0320000000000391
FC1CCCC(CN2CCCC2C2NCCCN2)C1,-114.11,397.006,397.394,0.3880000000000336
O=C1NC2(CCCC2)C(=O)N1CC1C(F)CCCC1Cl,-114.12,398.818,406.49,7.6720000000000255
CC12CCCN1C(=O)N(CCC1CCCC(F)C1)C2=O,-114.13,383.463,397.39,13.926999999999964
Cl.FC1CC(Cl)C2C(C1)CNCC2,-114.14,400.099,383.622,-16.476999999999975
CC1CCC(S(=O)(=O)N2CCNCC2)CC1F,-114.17,399.515,409.952,10.437000000000012
CN1CNCC1CCC(=O)N1CCOC2CC(F)CCC21,-114.18,391.858,394.918,3.0600000000000023
CC1(C)CN(CC2CCC(C#N)CC2F)CCO1,-114.19,401.332,414.267,12.935000000000002
Cl.NCCC1CCCCN1C(=O)C1CCC(Cl)CC1F,-114.21,370.747,370.747,0.0
CC1COCCN1C(=O)NC1CCC(F)CC1C#N,-114.21,401.013,393.442,-7.5709999999999695
Cl.NC1NC(C(F)F)CS1,-114.22,279.4325,279.4325,0.0
CC1NC2CC(C(=O)O)C(F)CC2[NH]1,-114.23,387.253,387.253,0.0
CC1CN(C(=O)C2CCOCC2)C2CCC(F)CC2O1,-114.26,387.938,388.997,1.059000000000026
C[C@@H]1CN(C(=O)C2CCCC(F)C2Cl)C[C@H]1C(N)=O,-114.27,385.544,388.799,3.2549999999999955
CCN(C1CC1)S(=O)(=O)C1CC(C)CCC1F,-114.27,385.932,386.737,0.8050000000000068
CN1CCC(N(C)C(=O)CC2CCCC(F)C2)C1=O,-114.27,387.403,383.81,-3.5930000000000177
CNCC1CCN(S(=O)(=O)C2CCC(C)C(F)C2)C1,-114.27,408.058,391.998,-16.060000000000002
O=C(CN1CNCN1)NC1CCSC2C(F)CCCC21,-114.28,401.607,390.122,-11.485000000000014
CC1N[NH]CC1NC(=O)C1(C2CCC(F)CC2)CC1,-114.3,377.546,401.196,23.650000000000038
COC1CCC(C(=O)N(C)C2CCCC2)C(F)C1,-114.3,386.029,384.847,-1.1820000000000164
Cl.O=C(O)C1CCC(F)C2C1CNCC2,-114.3,411.312,413.123,1.8109999999999784
CC1CN(C(=O)NCCC2CCCC(F)C2)CC(C)O1,-114.31,381.474,383.905,2.430999999999983
NC(=O)C1CNC(NC(=O)C2CCCCC2F)S1,-114.31,389.922,395.655,5.732999999999947
CC1CC(NC(=O)C2CCCCC2F)N(C)N1,-114.32,383.411,384.449,1.038000000000011
CC1CC(F)CC(C(=O)NC2(C(=O)O)CC2)C1,-114.33,373.781,383.889,10.108000000000004
N#CC1CC(F)CCC1NC(=O)N1CCOCC1,-114.34,375.366,393.558,18.192000000000007
CCOC1CC(F)CCC1NC(=O)N1CCOCC1,-114.34,387.771,387.873,0.1019999999999754
CC(C)(O)C1CCCN1C(=O)C1CCCC(F)C1Cl,-114.34,390.988,401.932,10.944000000000017
O=C(C1CCC(-C2CCCCC2F)O1)N1CCOCC1,-114.35,379.837,406.203,26.365999999999985
CC1(C(=O)O)CCN(C(=O)C2CCCC(F)C2Cl)C1,-114.35,403.281,388.779,-14.50200000000001
CC(=O)N1CCC(N)C2CCC(F)CC2C1.Cl,-114.36,403.678,385.651,-18.026999999999987
O=C(NC1CCCCC1CO)C1CCCC(F)C1Cl,-114.37,383.102,404.039,20.93700000000001
CCOC1CC(F)CCC1NC(=O)N1CCSCC1,-114.37,387.809,398.585,10.775999999999954
CC1CN(C(=O)NC2CCC(F)CC2Cl)CC(C)O1,-114.37,389.925,398.184,8.259000000000015
O=C(NCCC1C(F)CCCC1Cl)N1CCOCC1,-114.39,400.511,390.586,-9.925000000000011
CC1CCC(S(=O)(=O)NC2CCOC(C)C2)CC1F,-114.39,400.663,409.626,8.962999999999965
O=C(O)C1CC(-C2CCCCC2F)NO1,-114.4,397.346,394.271,-3.0749999999999886
O=C1CN(C(=O)NCCC2C(F)CCCC2Cl)CCN1,-114.44,386.7,399.117,12.41700000000003
CC(C)(O)C(=O)N1CCC(O)(CC2CCCC(F)C2)CC1,-114.45,377.762,380.715,2.9529999999999745
CC(C)(C(=O)N1CC(N2CCNC2)C1)C1CCCCC1F,-114.47,377.776,408.63,30.853999999999985
CC1NOC(C)C1CC(=O)NC1CCC(Cl)C(F)C1,-114.47,389.232,385.047,-4.185000000000002
NC1CCCN(C2CCC(F)CC2)C1=O,-114.5,378.666,401.303,22.637
CC1CCCN(C(=O)CNC(=O)C2CCCCC2F)C1,-114.52,389.936,380.299,-9.637
FC1CCCCC1-C1NNN[NH]1,-114.53,393.561,393.656,0.0950000000000272
CN(CC1CNN(C)C1)C(=O)NC1CCC(F)CC1Cl,-114.53,399.301,399.583,0.2820000000000391
N#CC1CCC(CN2CCN3CCNC3C2)C(F)C1,-114.53,401.409,403.211,1.802000000000021
O=C(C1CCN(-C2CCC(F)CC2)N1)N1CCCCO1,-114.55,401.709,385.784,-15.925000000000011
CC1CC(C2CCCN2CC2CCC(C#N)CC2F)NO1,-114.57,408.698,406.004,-2.69399999999996
NC(=O)C1(C2CCC(F)CC2)CC1,-114.58,386.231,401.553,15.322000000000005
CNC(C1CCC(F)CC1)C1CNCCN1,-114.6,375.728,400.202,24.47399999999999
CCC1CN(C(=O)C2C(F)CCCC2Cl)CCO1,-114.6,387.102,384.527,-2.5749999999999886
N#CC1CC(F)CCC1NC(=O)N1CCCC1,-114.63,388.467,389.558,1.0910000000000082
CN1CNC(NC(=O)C2CCCCC2F)N1,-114.65,381.23,379.021,-2.209000000000003
O=C(C1CCC1)N1CCOC2CC(F)CCC21,-114.68,394.817,394.817,0.0
N#CCCCS(=O)(=O)N1CCC2CCC(F)CC21,-114.69,382.3,386.594,4.293999999999983
CNC1CCCN(S(=O)(=O)C2CC(C)CCC2F)C1.Cl,-114.69,400.698,393.589,-7.1089999999999804
CCC(=O)N1CCC(NC(=O)N(C)C2CCC(F)CC2)C1,-114.71,377.643,399.086,21.44300000000004
Cl.O=C(O)C1CC(F)CC2C1CNCC2,-114.75,369.347,405.401,36.05400000000003
CC(=O)N1CC(NC(=O)C2CCC(Cl)C(F)C2)C1,-114.78,385.533,386.582,1.0489999999999782
NC(C1CCC(F)CC1)C1CCC1,-114.78,386.26,384.892,-1.367999999999995
O=C(C1C(F)CCCC1Cl)N1CCC2CNCCC21,-114.84,401.499,383.105,-18.394000000000005
CC(=O)NC1CCN(C(=O)C2CCC(F)C(C)C2)CC1,-114.85,391.357,387.241,-4.116000000000042
COC(C)(C(=O)N1CCN2NCCC21)C1CCCCC1F,-114.87,397.036,405.091,8.055000000000007
O=C1C2CCCN2C(=O)N1CC1CCC(F)CC1,-114.89,377.542,400.354,22.81200000000001
CN1CCC(C(=O)NCC2CCC(F)CC2)CC1=O,-114.9,385.76,400.099,14.339
CC(=O)N1CCC2C(Cl)CC(F)CC2C1,-114.91,387.865,394.852,6.986999999999966
CC1(C2CC2)NC(=O)N(CC2CCC(F)CC2)C1=O,-114.92,385.999,400.409,14.409999999999968
O=C(NCC1(O)CCCC1)C1CCC(Cl)C(F)C1,-114.93,374.309,388.393,14.083999999999946
CC1OCNC1CNC(=O)C1C(F)CCCC1Cl,-114.93,398.424,388.685,-9.738999999999976
O=C(NC1CC[NH]N1)C1CCCCC1F,-114.94,385.392,377.814,-7.5779999999999745
CC1(C)NC(=O)N(CC2CCC(F)CC2)C1=O,-114.95,386.615,400.417,13.801999999999964
CN1CC(C(=O)N2CCOC3CC(F)CCC32)CCC1=O,-114.99,372.991,392.453,19.46199999999999
CN1CC(=O)N(CC2CC(F)CCC2Cl)C1=O,-115.0,381.431,397.824,16.39300000000003
N#CC1CC(F)CCC1NC(=O)NCC1CCNCC1,-115.02,382.751,393.085,10.334000000000003
O=C(NCC1CCCNC1)C1C(F)CCCC1Cl,-115.03,393.4,384.795,-8.604999999999961
CN1C(=O)N(CC2CCC(F)CC2)C(=O)C12CCCCC2,-115.04,380.948,385.9,4.951999999999998
CN1CCC(NC(=O)NC2CCC(Cl)C(F)C2)C1=O,-115.04,389.151,386.448,-2.703000000000032
CC(NC(=O)C1C(F)CCCC1Cl)C1CCCO1,-115.04,393.447,395.681,2.2339999999999804
O=C(NCC1CCCS1)C1CCCCC1F,-115.05,384.891,379.863,-5.02800000000002
FC1CCC(C2CNCCN2)CC1,-115.07,377.951,400.39,22.438999999999965
O=C1NC(=O)N(C2CCC(Cl)C(F)C2)C1=O,-115.09,385.605,387.463,1.858000000000004
O=C1NC(C2CCC(F)CC2)C12CCC2,-115.09,387.403,385.37,-2.0330000000000155
CC1CCC(F)CC1S(=O)(=O)N1CCN[C@H](C)C1.Cl,-115.09,397.351,396.655,-0.6960000000000264
CC1CCC(OCC2NCNN2C)CC1F,-115.1,368.462,391.89,23.428
O=C1NC(=O)C(C2CCC(Cl)C(F)C2)N1,-115.11,385.37,387.712,2.3419999999999845
NC(=O)N1CCC2C(Cl)CC(F)CC2C1,-115.11,394.736,396.501,1.7649999999999864
CS(=O)(=O)NC(C1CCCCC1)C1CCC(F)CC1,-115.13,378.573,385.172,6.599000000000046
CC(C1CCC(F)CC1)N(C)C(=O)C1CCC(=O)[NH]N1,-115.13,381.667,385.753,4.086000000000013
CN1CCNC1NC(=O)C1CCCCC1F,-115.13,385.396,385.355,-0.0409999999999968
CCC1CCCN1C(=O)C(=O)NC1CCCC(F)C1C,-115.14,391.898,390.88,-1.018000000000029
O=S1CCN(CC2CCC(F)CC2)CC1,-115.15,377.791,400.463,22.672000000000025
CN(C)C(=O)C1(C2CCCCC2F)CC1,-115.15,380.578,381.133,0.5550000000000068
CC1CCN(CC2CCC(C#N)CC2F)C(=O)C1,-115.18,373.066,398.156,25.090000000000032
O=C(COC1CCCC1)N1CCOC2CC(F)CCC21,-115.19,373.352,388.174,14.822000000000005
CC1NN(-C2CCC(F)CC2)CC1C(=O)O,-115.19,377.994,399.617,21.62299999999999
CC1(C2CCC(F)CC2)CC1N.Cl,-115.19,400.877,383.783,-17.093999999999994
Cl.O=C(O)C1CCCN(CC2CCCCC2F)C1,-115.21,377.234,377.234,0.0
CC1NOC(C2CCCN(CC3CCC(F)CC3)C2)N1,-115.25,386.796,400.386,13.590000000000032
CC1CN(CC2CCC(F)CC2)CCO1,-115.26,377.501,400.14,22.63900000000001
CN(C(C1CCC(F)CC1)C1CC1)S(C)(=O)=O,-115.27,382.507,385.345,2.8380000000000223
O=C(C1CC=CC1)N1CCOC2CC(F)CCC21,-115.28,393.467,394.751,1.2839999999999918
CC(C)(NC(=O)C1CCC(=O)N1)C1CCC(F)CC1Cl,-115.3,396.384,396.484,0.0999999999999659
CS(=O)(=O)C1CCC(F)C(NC(=O)C2CCCCC2)C1,-115.31,403.493,398.648,-4.84499999999997
O=C(N[C@@H]1C=C[C@H](CO)C1)C1C(F)CCCC1Cl,-115.33,385.636,395.596,9.95999999999998
COC1CCC(C(=O)NC2CCC(F)CC2C)CN1,-115.33,391.156,383.992,-7.163999999999987
CC(=O)N1CCCN(C(C)C2CCC(F)CC2)CC1,-115.34,378.382,400.815,22.432999999999996
O=C(N1CC2CCC1C2)C1(C2CCCCC2F)CC1,-115.35,410.032,401.482,-8.549999999999955
COCCC(=O)N1CCC2CCC(F)CC21,-115.36,373.051,404.495,31.444000000000017
OCC1CN(CC2CCC(F)CC2)CC1O,-115.37,377.996,384.841,6.845000000000027
CC1CN(C2CCC(Cl)C(F)C2)CCN1,-115.37,386.481,384.227,-2.254000000000019
CC1OCCC1C(=O)N(C)CC1CCC(F)CC1,-115.39,378.047,385.686,7.638999999999953
CC1CCC(F)CC1S(=O)(=O)NC1CCCC1CN.Cl,-115.39,378.434,378.434,0.0
O=C(NC1CCCNC1)N1CCC2CCC(F)CC21,-115.39,388.154,405.283,17.12900000000002
N#CCNC1(C2CCC(F)CC2)CCOCC1,-115.4,383.861,386.32,2.459000000000003
CC1CC(F)CCC1NC(=O)C1CCC(=O)[NH]N1,-115.41,391.782,387.431,-4.350999999999999
CC1CN(C(C)C2CCC(F)CC2)CCO1,-115.42,378.286,385.019,6.733000000000004
CC1CC(F)CCC1NC(=O)C1(C)CNC1,-115.42,383.657,399.226,15.569000000000017
CS(=O)(=O)C1CCCC(C(N)C2CCC(F)CC2)C1,-115.43,378.452,401.108,22.65600000000001
CS(=O)(=O)NC1CCC2CC(F)CCC21,-115.43,396.531,397.558,1.0269999999999868
O=C1CCC(C2CCC(F)CC2)N1,-115.44,400.446,400.738,0.2919999999999731
O=C1[NH]NCC(NCC2CCC(F)CC2)C1Cl,-115.46,400.287,384.841,-15.44599999999997
CC1CC(F)CCC1NC(=O)CN1CCCN1,-115.48,394.186,394.267,0.0810000000000172
CC1CCC(F)CC1-N1NCC(C#N)C1N,-115.49,385.644,384.966,-0.6779999999999973
FC1CCC(CN2CCOCC2C2CC2)CC1,-115.51,380.872,400.434,19.56200000000001
FC1CCC(CNC2NNCS2)CC1,-115.51,386.257,400.267,14.009999999999993
CN(C(=O)N1CCCO1)C1CCC(F)CC1,-115.51,388.351,401.473,13.122000000000014
CC1C(F)CCCC1NC(=O)C1(C)COC1,-115.52,392.006,401.034,9.02800000000002
NC(=O)N1CC=C(C2CCC(F)CC2)CC1,-115.57,377.51,400.646,23.136000000000024
CC(=O)N1CCOCC1C1CCC(F)CC1,-115.58,401.135,401.247,0.1120000000000231
CC1NNC(NCC2CCC(F)CC2)O1,-115.63,385.834,400.681,14.84699999999998
Cl.N[C@@H]1CCC[C@H]1C1CCC(F)CC1,-115.63,413.574,406.841,-6.733000000000004
O=C(N1CCCC1)C1(C2CCCCC2F)CC1,-115.69,390.931,377.245,-13.68599999999998
CC1CC(C(=O)N2CCOC3CC(F)CCC32)C1,-115.7,386.697,395.015,8.317999999999984
O=C(C1CCN(C2CCC(F)CC2)C1=O)N1CCCCC1,-115.71,385.553,385.823,0.2699999999999818
CNC(=O)CN1CCCC1C1CCC(F)CC1,-115.72,383.873,384.56,0.6870000000000118
COCC1CC(C(=O)N2CCNC(C)C2)CCC1F,-115.72,402.857,398.467,-4.390000000000043
O=C(O)C1COC2CC(F)CCC2C1,-115.73,379.708,386.718,7.009999999999991
CC1CCCC(F)C1S(=O)(=O)NC1CCCCN1,-115.74,376.468,389.109,12.640999999999964
O=C(O)C1CCN(-C2CCC(F)CC2)N1,-115.74,399.757,399.645,-0.1120000000000231
CC1CNCCC2CCC(F)CC21.Cl,-115.75,361.327,397.683,36.356
CS(=O)(=O)NC1(C2CCC(F)CC2)CC1,-115.75,386.519,401.284,14.764999999999986
O=C(CC1CCN(-C2CCC(F)CC2)N1)N1CCCC1,-115.76,384.075,387.434,3.3590000000000373
COCC1CC(=O)C2CC(F)CCC2[NH]1,-115.77,379.581,388.823,9.241999999999962
CN(CC1CCC(F)CC1)C(=O)C1CCC1,-115.78,377.937,385.574,7.637
O=C(O)C1CC(F)CC2CCOC12,-115.8,379.616,394.932,15.316000000000033
CN(C)C(=O)C1CCCN1C(=O)C1CCCCC1F,-115.8,381.226,390.357,9.131000000000029
CC1CC(NC(=O)C2(C3CCC(F)CC3)CCC2)N(C)N1,-115.84,381.045,380.56,-0.4850000000000136
CCN1CC(C(=O)N(C)C2CCC(F)C(Cl)C2)CN1,-115.85,387.733,387.73,-0.0029999999999859
CC1NNC(NC(=O)NCC2CCC(F)CC2)S1,-115.86,377.961,400.66,22.69900000000001
CCC1NNSC1C(=O)NC1CCC(F)CC1,-115.88,388.076,383.534,-4.54200000000003
CC(NC(=O)C1CCN(C)C(=O)C1)C1CCC(F)CC1,-115.91,380.761,400.559,19.798
CC1CCC(F)CC1S(=O)(=O)NCC1CCCO1,-115.92,377.085,392.563,15.478000000000009
O=C(NC1CCCC2OCCC21)C1CCCCC1F,-115.92,405.374,405.996,0.6219999999999573
CC1(C(=O)NCC2CCC(F)CC2)CNC1,-115.93,384.586,400.677,16.091000000000008
O=C(O)C1CSC2(C3CCC(F)CC3)CCC(=O)N12,-115.94,383.595,386.565,2.9699999999999704
O=C(NCC1CCC(F)CC1)C1CCOC1,-115.94,387.11,401.14,14.029999999999973
CC(NC(=O)C1CCCCC1F)C1CC1,-115.95,376.703,378.596,1.893000000000029
CC1NCCCC1NC(=O)CC1CCC(F)CC1,-115.95,377.483,400.997,23.51400000000001
CC(NC(=O)C1CCCCN1)C1CCC(F)CC1,-115.95,383.432,378.798,-4.634000000000015
CN1CC(=O)N(CC2CCC(Cl)C(F)C2)C1=O,-115.95,384.448,385.67,1.2220000000000368
CC1CC(NC(=O)NCC2CCC(F)CC2)ON1,-115.96,381.171,400.511,19.340000000000032
CC1(C(=O)NCC2CCC(F)CC2)COC1,-115.98,380.811,401.515,20.704000000000008
CC(=O)N1CCC(C(=O)NC(C)C2CCC(F)CC2)CC1,-115.98,381.126,385.754,4.628000000000043
CC1CCC(CC(=O)N(C)C2CCC(F)C(Cl)C2)CN1,-116.0,390.671,387.689,-2.981999999999971
CC1NOC(C)C1C(=O)N1CCCC2CCC(F)CC21,-116.02,385.77,384.485,-1.2849999999999682
FC1CCC2NC(CC3CCNCC3)OC2C1,-116.02,387.012,391.789,4.776999999999987
CC1C(F)CCCC1C(=O)N[C@@H]1CCC(=O)N[C@H]1C1CC1,-116.03,366.066,396.438,30.37200000000001
CN(C(=O)C1CCOCC1)C1CCC(F)C(Cl)C1,-116.04,377.314,404.956,27.642
CC1C(F)CCCC1C(=O)N1CCC[C@@H](C(=O)O)[C@H]1C,-116.05,387.082,396.217,9.134999999999993
CC1CC(=O)OC(C)C1C(=O)NC1CCC(F)CC1,-116.05,388.585,401.322,12.737000000000023
CN(C)C(=O)C1CCC(-C2CCCS2)CC1F,-116.06,378.905,401.972,23.067000000000007
O=C(NCC1CCC(F)CC1)C1CCOCC1,-116.07,378.582,386.784,8.201999999999998
CC(=O)NC(C1CCC(F)CC1)C1CC1,-116.09,386.07,385.355,-0.714999999999975
CC1CC(F)CCC1NC(=O)C1CC1,-116.09,387.912,399.841,11.92900000000003
O=C(O)C1CC(F)CCC1-C1CCOC1,-116.1,382.194,391.288,9.093999999999994
CC1CCC(NC(=O)C(C)N2CCCN2)CC1F,-116.11,383.019,390.399,7.3799999999999955
CC1NOC(NCC2CCC(Cl)C(F)C2)N1,-116.12,370.375,384.871,14.49599999999998
O=C(NCC1CCC(F)CC1)C1(O)CCC1,-116.12,382.372,400.675,18.303
CC1CCC(NC(=O)CN2CCCCC2)C(F)C1,-116.12,409.917,409.906,-0.0109999999999672
CC1CC(NC(=O)NC(C)C2CCC(F)CC2)NO1,-116.16,378.133,385.763,7.6299999999999955
CC(C1CCC(F)CC1)N(C)C(=O)NC1CC1,-116.18,400.07,398.373,-1.6970000000000027
CC1CCC(F)C(S(=O)(=O)NC2CCNC(C)C2)C1,-116.19,382.337,386.737,4.400000000000034
FC1CCC(CNC2CCCNC2)CC1,-116.2,386.002,386.101,0.0989999999999895
CC1CCC(NC(=O)CN2CCCCCC2=O)CC1F,-116.2,396.084,374.147,-21.93700000000001
FC1CC(Cl)CCC1CNC1CCCOCC1,-116.23,412.691,401.232,-11.458999999999946
CC(NC(=O)C1CCNCC1)C1CCC(Cl)C(F)C1,-116.24,392.928,386.51,-6.418000000000006
CC1CCC(F)CC1NCC1NCCCN1,-116.25,379.503,396.126,16.62299999999999
CC1CC(NC(=O)CN2CCC3CCC(F)CC32)N(C)N1,-116.26,394.462,373.825,-20.637
CNC(=O)C1CN(C(=O)CC2CCC(F)CC2)CCO1,-116.27,400.063,385.815,-14.24799999999999
CC1CCN(C)C(=O)C1NC(=O)C1CC(Cl)CCC1F,-116.28,385.846,405.505,19.658999999999992
N#CC1(C(=O)NC2CCC(F)CC2)CCCC1,-116.3,401.367,402.911,1.5439999999999827
Cl.O=C(CC1CCC(F)CC1)N1CCCC1C1CCNCC1,-116.33,380.578,398.852,18.274
CN1CCCC1C(=O)N1CCCC1C1CCC(F)CC1,-116.34,376.66,378.095,1.4350000000000025
O=C(CC1CCC(F)CC1)NC1CCCCC1,-116.36,377.662,400.788,23.126000000000037
C[C@H]1C[C@@H](O)CCN1CC1CCCCC1F,-116.36,390.831,390.841,0.0099999999999909
CC1CCC(C(=O)NC(C)C2CCOC2)C(F)C1,-116.37,384.747,385.325,0.5779999999999745
CC1CC2CCC(F)CC2CN1CC(=O)O.Cl,-116.39,360.743,363.848,3.105000000000018
O=C(NC1(C2CCCCC2F)CC1)C1CNCCO1,-116.39,386.13,392.368,6.238
CC1C2CCC(F)CC2CCN1C(=O)C1CCCOC1,-116.4,374.481,384.514,10.033000000000015
CC1(C2CCCCC2F)CNC1=O,-116.4,377.86,405.423,27.562999999999988
O=C(NC1(C2CCC(F)CC2)CCOCC1)C1CCCO1,-116.41,380.482,379.063,-1.4190000000000396
CC1N[NH]C(N)C1-C1CCC(F)CC1,-116.43,381.325,399.835,18.50999999999999
CN(C(=O)CC1CCC(F)CC1)C1CCCC(C#N)C1,-116.45,385.614,385.567,-0.0469999999999686
OC[C@H]1CCCN1CC1CCC(Cl)C(F)C1,-116.48,376.525,384.6,8.075000000000045
CC(C)(C(=O)N1CC(O)C1)C1CCC(F)CC1,-116.48,381.165,385.846,4.680999999999983
O=C(N1CC(O)C1)C1(C2CCC(F)CC2)CCCC1,-116.5,377.611,400.866,23.254999999999995
O=C(N1CCOCC1)C1(C2CCC(F)CC2)CC1,-116.5,383.272,400.201,16.92900000000003
CC1CCC(F)C(S(=O)(=O)NC2CCCC(C)N2)C1,-116.51,382.95,404.189,21.239000000000036
O=C1CC(C2CCC(F)CC2)CN1,-116.52,385.045,400.413,15.367999999999997
CC1NC(C)C(C(=O)NC2CCC(F)CC2)S1,-116.53,383.66,401.429,17.76899999999995
CC(C)(C(=O)NC1CCCNC1)C1CCC(F)CC1.Cl,-116.54,385.954,399.274,13.319999999999991
CC(=O)N1CCCC2C(Cl)CCC(F)C21,-116.55,373.468,403.7,30.23199999999997
CC1CCC(C(=O)N2CCN3C(=O)NCC3C2)CC1F,-116.56,389.88,389.939,0.0590000000000259
CC1CC(NCC2CCC(F)CC2C)NO1,-116.6,377.406,384.566,7.159999999999968
CC1CCC(F)CC1C(=O)N1CCSC2COCCC21,-116.6,395.464,386.028,-9.43599999999998
CC1OCNC1C(=O)N(C)CC1CCC(Cl)C(F)C1,-116.61,389.637,387.976,-1.6610000000000014
FC1CC(CN2CCC(N3CNCN3)CC2)CCC1Cl,-116.62,403.601,373.712,-29.88900000000001
CC1CCC(C(=O)N2CCC(N3CNCN3)CC2)CC1F,-116.63,367.764,386.608,18.843999999999998
CC1CCC(F)CC1NC(=O)NC(C)C1CCNCC1,-116.63,378.021,383.208,5.187000000000012
CC1CN(C)CCN1C(=O)NCC1CCC(F)CC1,-116.63,381.108,400.088,18.980000000000015
Cl.NC(C(=O)N1CCC2CCC(F)CC2C1)C1CCCCC1,-116.64,362.222,362.222,0.0
CCC1C(=O)NCCN1C(=O)NC(C)C1CCC(F)CC1,-116.68,384.887,400.492,15.605000000000018
CC1CCC(C(=O)NCC2CCNN2C)CC1F,-116.68,391.337,387.294,-4.043000000000006
CN(CC1CCCNC1)C(=O)C1CCCCC1F,-116.69,377.833,377.802,-0.0310000000000059
CC(C)(C(=O)N1CC[C@H](O)C1)C1CCC(F)CC1,-116.69,385.86,386.265,0.4049999999999727
CN1NNCC1NC(=O)NC1(C2CCCCC2F)CC1,-116.69,389.174,411.594,22.420000000000016
CC1CCC(C(=O)NCC2CCNCC2)CC1F,-116.69,390.191,387.604,-2.586999999999989
CC1C2CC(F)CCC2CCN1C(=O)CCN1CNCN1,-116.7,380.153,383.77,3.616999999999962
CC1NCSC1C(=O)NC1(C2CCC(F)CC2)CCC1,-116.7,383.47,399.769,16.298999999999978
O=C(C1CCCNC1)N1CCOC2CCCC(F)C2C1,-116.72,394.314,402.215,7.900999999999954
FC1CCC2C(C1)CCNC2,-116.73,380.435,397.72,17.285000000000025
CC1CN(C(=O)C2CCCCC2F)CC(C)O1,-116.74,378.701,379.824,1.1229999999999905
CC1NOC(C)C1C(=O)NC1(C2CCC(F)CC2)CCC1,-116.74,386.108,386.415,0.3070000000000163
CC(=O)NC1NC(C(=O)NC2CCC(F)CC2)CS1,-116.74,388.833,401.346,12.512999999999977
CN(CC1CCCO1)C(=O)C1CCCCC1F,-116.75,389.074,392.007,2.9329999999999927
CC1CCC(F)CC1C(=O)N1CCC2CCC(C1)N2.Cl,-116.75,394.531,387.249,-7.281999999999982
CC1(C)CNC2CC(F)CCC21,-116.76,389.03,396.213,7.18300000000005
CCN1CC(C(=O)N2CCOC3CCCC(F)C32)CN1,-116.77,375.33,398.634,23.30400000000003
CC1CC(C(=O)N2CCOC3CCCC(F)C3C2)ON1,-116.81,384.776,389.125,4.3489999999999895
CC1CCC(F)CC1NC(=O)C1CCC(=O)N(C)C1,-116.82,388.604,388.013,-0.5910000000000082
CC(C)CC1COCCN1C(=O)C1CCCCC1F,-116.84,382.561,386.872,4.311000000000036
CC1CCC(C(=O)NC(C)C(=O)N2CCOCC2)CC1F,-116.84,391.122,409.782,18.659999999999968
CC1CCC(C(=O)NC2CCC3NNC(C)N3C2)CC1F,-116.85,405.692,410.047,4.355000000000018
CC1CCN(C(=O)NCC2CCC(C#N)CC2F)CC1,-116.86,383.289,407.619,24.33000000000004
CC1CCC(C(=O)NC(C)C2CCCCN2)CC1F,-116.87,389.777,389.777,0.0
CC1CCC(C(=O)NC2CC2)CC1F,-116.87,392.346,389.962,-2.3840000000000146
O=C(C1CCCCC1F)N1CCN(C2NCCS2)CC1,-116.87,403.39,392.33,-11.060000000000002
CC1CCC(NC(=O)N2CCOCC2)CC1F,-116.88,385.099,410.747,25.648000000000025
O=C(NC1CCC(F)CC1)C1(CO)COC1,-116.9,381.947,383.519,1.5720000000000027
CC1CCC(C(=O)NCC2(O)CCOCC2)CC1F,-116.9,391.895,391.895,0.0
CC1C(Cl)CNN1CC(=O)NC1CCC(F)CC1,-116.91,384.415,401.356,16.940999999999974
N#CC1CCCNC1OC1CCC(F)CC1,-116.93,376.356,400.17,23.81400000000002
CC1CCC(C(=O)N2CCOC(C#N)C2)C(F)C1,-116.93,392.233,403.251,11.017999999999972
CC1CCC(F)CC1NC(=O)C1(C)COC1,-116.94,396.582,387.338,-9.243999999999971
CS(=O)(=O)NCC1(C2CCC(F)CC2)CCOCC1,-116.96,376.642,400.716,24.07400000000001
CNC(=O)NC1(C2CCCCC2F)CC1,-116.98,408.521,406.083,-2.437999999999988
[H]/C(F)=C(/CCCCCC)C(=O)OC,-117.0,295.422,294.917,-0.5050000000000523
O=C(C1CCCCC1F)N1CCC[C@@H]1CO,-117.05,385.286,382.614,-2.672000000000025
CC1CC(F)CCC1NC(=O)N1CCCC(CC(N)=O)C1,-117.05,389.614,394.484,4.8700000000000045
CC(C1CCCCC1F)N1CCC(C(=O)O)C1.Cl,-117.08,355.825,391.371,35.54599999999999
CC1NC(CNC2CCC(C)C(F)C2)NO1,-117.09,396.587,409.782,13.194999999999991
CC1(CC2CCC(F)CC2)CCCN1,-117.1,381.067,399.725,18.658000000000012
CCC1CN(S(=O)(=O)CC2CCCCC2F)CCO1,-117.1,386.664,415.418,28.75400000000002
CC(C)NC(=O)N1CCN(CC2CCCCC2F)CC1,-117.1,401.381,409.598,8.217000000000041
O=C(NC1CC1)N1CCN(CC2CCCCC2F)CC1,-117.11,381.064,390.885,9.82099999999997
O=C(C1CCC1)N1CCOC2CCCC(F)C2C1,-117.12,398.724,408.403,9.67900000000003
CC1CC(C2CCC(F)CC2)CN1C(=O)C1(C(=O)O)CC1,-117.13,385.469,385.469,0.0
CCC1NCC(NC(=O)C2CC(F)CCC2C)CN1,-117.14,374.835,398.601,23.76600000000002
Cl.N[C@@H]1CCCC[C@H]1NS(=O)(=O)CC1CCCCC1F,-117.17,387.058,396.469,9.411
CC(=O)N1CCCC1C(=O)NC1CCC2CCC(F)CC21,-117.18,384.822,387.731,2.908999999999992
NC(=O)NC1(C2CCCCC2F)CC1,-117.19,379.943,411.903,31.96000000000004
O=S(=O)(CC1CCCCC1F)NC1CC=CCC1,-117.2,376.38,407.653,31.273000000000025
CC1CCC(F)CC1C(=O)NC1NNCN1C,-117.21,371.901,385.392,13.490999999999984
O=C(CCC1CCC(F)CC1)N1CCOC2NCCCC21,-117.24,386.498,381.049,-5.449000000000012
CCC1CN(C(=O)NC2CC(F)CCC2C)CCO1,-117.25,372.241,383.044,10.802999999999995
CC1CC(F)CC2C1CN(C(=O)C1CCNCC1)CC2,-117.27,372.646,395.818,23.17199999999997
Cl.FC1CCC2C(C1)NCCC2,-117.28,412.847,296.611,-116.236
CC1CN(C(=O)CCC2CCC(F)CC2)CC(C)O1,-117.31,386.109,385.267,-0.8419999999999845
O=C(C[C@H]1CCOC1)NC1CCC(F)CC1,-117.31,401.492,401.549,0.0569999999999595
CN1CCC(NC(=O)C2CC(Cl)CCC2F)N1,-117.32,390.448,407.892,17.444000000000017
CC(=O)NC1CC(S(=O)(=O)N2CC=CC2)CCC1F,-117.32,394.036,397.385,3.348999999999989
O=C(NCC1CCCO1)C1CC(Cl)CCC1F,-117.36,381.088,405.337,24.248999999999967
O=C(CCC1CCC(F)CC1)N1CCOCC1,-117.36,383.0,400.395,17.394999999999982
CN(CC(N)=O)C(=O)C1CC2C(F)CCCC2S1,-117.36,388.354,397.922,9.56800000000004
CC(C1CCCCC1F)N(C)C(=O)NC1NNCS1,-117.37,380.692,398.073,17.380999999999972
O=S(=O)(N[C@@H]1C[C@H]1C1CCC(F)CC1)C1CCCO1,-117.37,386.736,385.923,-0.8129999999999882
CC1(NC(=O)NC2CCCC3CCC(F)CC32)CCOC1,-117.38,379.649,398.077,18.428
CC1NC(C)C(CC(=O)NC2CCC(F)CC2)C(=O)[NH]1,-117.38,383.836,376.49,-7.346000000000004
O=C(NC1CCC(F)CC1)C1CCOCC1,-117.38,388.138,401.235,13.097000000000037
CC1CCC(C(=O)N2CC(O)CC2C)CC1F,-117.38,391.399,409.322,17.923000000000002
CC1NOC(C)C1C(=O)NC1CC1C1CCC(F)CC1,-117.39,386.721,383.007,-3.713999999999999
O=C(NCCC1CCC(F)CC1)N1CCN2CCNC21,-117.41,385.249,385.288,0.0389999999999872
Cl.O=C(O)CN1CCC(C2CCCCC2F)C1,-117.42,381.6,406.096,24.49599999999998
N[C@H]1C[C@@H](C(=O)NC2CCC(F)CC2)C1,-117.44,388.375,401.533,13.158000000000015
NC(=O)N1CCCN(C2CCC3CCC(F)CC32)CC1,-117.45,384.89,403.937,19.047000000000025
CC1CN(C(=O)C2CC3C(F)CCCC3S2)CCO1,-117.45,398.349,412.062,13.713000000000022
CC1CCC(F)CC1C(=O)NC1CCCNC1C.Cl,-117.46,379.918,380.969,1.0509999999999875
CC1CCC(F)CC1CN1CCC(C2CNN(C)C2)C1,-117.47,380.315,392.602,12.286999999999978
NC1CNN(COC2CCC(F)CC2Cl)C1,-117.47,388.476,389.103,0.6270000000000095
CC1NC(CNC2CCCC(F)C2C)NO1,-117.48,381.609,389.613,8.004000000000019
CS(=O)(=O)N1CCN(CCC2CCC(F)CC2)CC1,-117.49,381.481,400.45,18.968999999999998
CC1C(F)CCCC1NCC1NCNN1C,-117.5,389.552,395.331,5.778999999999996
O[C@@H]1CCCC[C@H]1C1CCC(F)CC1,-117.56,386.28,400.949,14.66900000000004
CC1CNC(CN2CCC(C3CCC(F)CC3)CC2)O1,-117.56,400.209,399.851,-0.3580000000000041
O=C1NC2(CCOC2)C(=O)N1CC1CCC(F)C(Cl)C1,-117.57,386.364,388.106,1.7420000000000186
CC1CCC(F)CC1CN1C(=O)NC2(CCC2)C1=O,-117.58,378.082,381.685,3.6030000000000086
OCCCN1CCC2CCC(F)CC2C1,-117.58,379.383,384.854,5.471000000000004
CC(=O)NC1(C2CCC(F)CC2)CCCC1,-117.59,386.074,385.348,-0.7259999999999991
NC(=O)NC1(C2CCC(F)CC2)CC1,-117.6,386.277,399.792,13.514999999999986
CC1CCC(C(=O)NC2(C(=O)O)CCSC2)CC1F,-117.61,386.362,410.099,23.736999999999966
CC1CCC(C(=O)N2CCCC3(CCCOC3)C2)C(F)C1,-117.63,381.392,382.266,0.8740000000000236
CC1CCC(F)CC1CN1NCN(C)C1=O,-117.63,384.732,397.597,12.864999999999952
CC1CCC(F)CC1CN1C(=O)CN(C)C1=O,-117.64,385.491,397.908,12.41700000000003
CC1(C)CN(C(=O)CC2CCCCC2F)CCS1(=O)=O,-117.64,395.68,415.985,20.305000000000007
CNC(=O)C1CCCCN1C(=O)CC1CCCCC1F,-117.65,390.255,401.078,10.82299999999998
O=C(NC1CC1)C1CC(Cl)CCC1F,-117.65,403.448,386.053,-17.394999999999982
CC1C(F)CCCC1NCC1NCCN1C,-117.68,369.338,387.541,18.20299999999997
O[C@@H]1CCC[C@H]1C1CCC(F)CC1,-117.68,377.887,400.127,22.24000000000001
CN1CNNC1CNC1CCC2CCC(F)CC21,-117.69,377.433,394.423,16.99000000000001
CN1NCC2C1CCCC2NC(=O)CC1CCCCC1F,-117.7,366.744,409.554,42.809999999999945
O=C(O)C1CCC(F)C2CCCNC12,-117.7,397.326,397.326,0.0
CC1CCC(CS(=O)(=O)N2CCCCO2)C(F)C1,-117.72,383.902,378.397,-5.504999999999996
O=C(O)C1CCC(OC2CCC(F)CC2)NC1,-117.74,376.068,384.534,8.466000000000008
CC1C(C(=O)N2CCOCC2)SC2CCC(F)CC12,-117.78,380.586,394.545,13.959000000000003
CC1CC(F)CC2[NH]C(C(=O)N(C)[C@@H]3CCC[C@H]3O)CC12,-117.8,376.185,395.952,19.767
O=C(CC1CCCCC1F)NC1CCCNC1=O,-117.82,384.065,389.527,5.461999999999989
O=C(CC1CCCCC1F)N1CCOCC1,-117.84,382.851,407.345,24.494000000000028
CN1CC(NC(=O)CC2CCCCC2F)CCC1=O,-117.84,396.366,413.982,17.616000000000042
CC1NC(C)C(C(=O)N2CCOC3CCCC(F)C32)O1,-117.84,397.152,397.766,0.6140000000000327
NC(=O)C1CSC(CC2CCCCC2F)N1,-117.84,401.002,409.498,8.495999999999981
NC(=O)N1CCC(CC2CCC(F)CC2)C1,-117.85,401.1,400.66,-0.4399999999999977
CNC(=O)C1(CC2CCCCC2F)CC1,-117.86,378.998,374.908,-4.089999999999975
CC1CC(C(=O)N2CCOC3CCCC(F)C32)NO1,-117.86,391.812,403.562,11.75
CC1CCC2C(F)CCCC2C1NS(C)(=O)=O,-117.89,398.629,409.336,10.706999999999994
CC1CC(C)NC(NS(=O)(=O)CC2CCCCC2F)C1,-117.89,415.1,390.074,-25.02600000000001
CC1C(C(=O)N(C)CC(N)=O)SC2CCC(F)CC12,-117.9,403.672,403.866,0.1939999999999599
O=C(NCC1NC2CC(F)CCC2O1)N1CCSCC1,-117.91,378.34,395.801,17.461000000000013
NC1CCN(C(=O)C2CC3CC(F)CCC3S2)C1,-117.91,393.846,387.99,-5.8559999999999945
O=C(NC1(C(=O)O)CCCC1)C1CC(Cl)CCC1F,-117.92,367.132,408.264,41.132000000000005
CC1=CCN(C(=O)NC2CCC(F)CC2)CC1,-117.92,401.426,401.329,-0.0969999999999799
N#CC1CCC(=O)N(CC2CCCCC2F)C1,-117.94,388.648,409.252,20.603999999999985
CC1CCC(CNC(=O)C2CC(O)CN2)CC1F.Cl,-117.94,405.955,390.627,-15.327999999999976
NC1CCN(C2CCC(Cl)CC2F)C1=O,-117.96,398.075,392.371,-5.704000000000008
CC1CCC(CNC(=O)C2CCOC2C)CC1F,-117.99,391.78,409.886,18.10600000000005
O=C(C1CC(F)CC2[NH]CNC12)N1CCCCO1,-118.0,385.875,391.515,5.639999999999986
CC1(C)COCCN1C(=O)CC1CCCCC1F,-118.0,390.035,407.176,17.140999999999963
CC1CCC(C(=O)N(C)C2CC3CCC(C2)N3)C(F)C1.Cl,-118.01,382.224,383.782,1.5579999999999927
CCC(=O)NCC1NC2CC(F)CCC2O1,-118.03,397.237,393.862,-3.375
FC1CCC2OC(N3CCCO3)NC2C1,-118.05,377.877,393.374,15.497000000000014
FC1CCCCC1CC1NNC2N1CCNC2,-118.06,377.72,389.925,12.204999999999984
Cl.FC1CCCCC1CC1CCCCN1,-118.08,390.907,414.452,23.545000000000016
CC1CC(F)CCC1C1CCNCC1,-118.09,382.651,384.447,1.7959999999999925
CN1CN(CC2CCCCC2F)CC1=O,-118.09,387.361,391.307,3.9460000000000255
NC(=O)C1CC(NC(=O)C2CC=CCC2)CCC1F,-118.11,384.466,408.111,23.644999999999985
O=C(CO)N1CCN(CC2CCC(F)C(Cl)C2)CC1,-118.11,384.802,384.732,-0.0699999999999931
CC1CCC(C(C)NC(=O)C2CSCN2)CC1F.Cl,-118.14,404.244,388.42,-15.824000000000012
CC(C1CCC(F)C(Cl)C1)N1CCC(C(N)=O)CC1,-118.18,383.564,406.476,22.911999999999978
NC(=O)N[C@H]1C[C@H](C2CCCCC2F)C1,-118.19,412.173,412.173,0.0
CC1CCC(F)CC1CN1CCN2CCOCC2C1,-118.21,372.79,397.361,24.57099999999997
N#CCC1(O)CN(CC2CCCCC2F)C1,-118.22,395.182,409.508,14.325999999999963
CC1CCC(CNC(=O)N2CCOCC2C2CC2)CC1F,-118.28,390.959,408.278,17.319000000000017
CC1CCC(C(=O)NC2NNC3N2CCCC3)CC1F,-118.28,392.049,387.493,-4.555999999999983
CC1N[NH]CC1CNC1CCCOC2CCC(F)CC21.Cl,-118.3,384.944,385.276,0.3319999999999936
FC1CCCCC1CN1CC(N2CCNN2)C1,-118.31,377.166,390.958,13.79200000000003
CC1CN(-C2CCC(F)CC2)NC1N,-118.35,383.765,401.078,17.312999999999988
Cl.NC1CCCOC2CCC(F)CC21,-118.36,389.515,318.033,-71.48199999999997
CC(=O)N(CC1CCCCC1F)C1CCS(=O)(=O)C1,-118.36,400.382,385.564,-14.817999999999984
CN1NC(C(=O)NC2CCC(F)C(Cl)C2)CCC1=O,-118.37,388.865,407.133,18.26799999999997
O=C(NCC1CCCCC1F)C1CC1,-118.4,391.335,403.734,12.399
CC1CC(CN2C[C@H](O)C[C@H]2C(N)=O)CCC1F,-118.41,412.546,389.672,-22.873999999999967
O=C1CCC2CC(C(=O)N3CCCCCC3)C(F)CC2N1,-118.43,388.158,388.158,0.0
O=C(NC1CC(=O)N(C2CC2)C1)C1CCCC(Cl)C1F,-118.44,409.816,383.381,-26.435
CCOCC(=O)N1CC2CCCC(F)C2C1,-118.52,384.894,391.239,6.34499999999997
NC(=O)NC1CCCC2C(F)CCCC21,-118.57,395.789,392.231,-3.5579999999999927
CC(C(=O)N1CCCC[C@@H]1C(=O)O)C1CCCCC1F,-118.6,390.05,404.174,14.123999999999969
O=C(NC1CC1)C1CCC(CO)C(F)C1,-118.62,407.234,394.599,-12.634999999999993
CN(C(=O)C1CCC(CO)C(F)C1)C1CC1,-118.7,380.292,394.581,14.289000000000044
O=C(C1CCC(CO)C(F)C1)N1CCCC1,-118.71,379.163,396.997,17.834000000000003
CCN(C(=O)C1CCNN1C)C1CCC(Cl)CC1F,-118.71,400.692,396.587,-4.105000000000018
NC1(C(=O)N2CCC3C(F)CCCC32)CC1,-118.74,387.058,386.622,-0.4359999999999786
CC1(C2CCCO2)NC(=O)N(CC2CCCCC2F)C1=O,-118.75,388.599,392.077,3.4780000000000086
COCC1C(C(N)=O)SC2CCCC(F)C12,-118.77,412.464,412.464,0.0
CCC1CCC(NC(=O)N2CC(C)OC(CO)C2)CC1F,-118.82,406.003,391.055,-14.94799999999998
O=C1CN(C2CCCC2)C(=O)N1CC1CCCCC1F,-118.82,410.601,410.579,-0.0219999999999913
COC1CCCC(F)C1C(C)NC(=O)N1CCSCC1,-118.83,396.602,399.322,2.7200000000000277
CC1NC(CN(C)C(=O)NC2CCC(F)CC2)NO1,-118.85,381.031,401.382,20.351
CN(CC1CCCCC1F)C(=O)C1CCC2C(C1)OCO2,-118.87,374.881,385.782,10.90100000000001
CN(CC(N)=O)C1NC2CC(F)CCC2O1,-118.87,377.972,392.533,14.561000000000035
CN(CC1CCNCC1)C(=O)NC1CCC(F)CC1,-118.91,378.823,401.372,22.549000000000035
CC1COC(CO)CN1CC1CCCC(Cl)C1F,-118.91,387.056,391.957,4.9010000000000105
CC1NC(CN(C)C(=O)C2CC(Cl)CCC2F)NO1,-118.96,380.628,403.334,22.706000000000017
OC1CCC(NC2CCSC3CCC(F)CC32)CC1,-118.98,396.267,396.267,0.0
CC1CNN(CC2CCCCC2F)C1N,-118.99,393.811,394.722,0.9110000000000014
O=C1NC2(CCCCC2)C(=O)N1CC1CCCCC1F,-119.03,410.392,392.447,-17.944999999999993
O=C1C(N2CCOCC2)CCN1C1CCC(F)C(Cl)C1,-119.05,370.916,388.467,17.550999999999988
O=C(NC1CCC(F)CC1)N1CCN(C(=O)C2CC2)CC1,-119.06,382.553,401.445,18.892
O=C1NCCOC2CCC(F)CC21,-119.06,400.006,400.833,0.827000000000055
O=C(NC1CCC(N2CCCC2=O)C(F)C1)C1CCCO1,-119.06,400.386,393.866,-6.520000000000039
CN1CCC(C(=O)NCC2CCCCC2F)CC1=O,-119.08,381.596,392.031,10.435000000000002
O=C(NC1CCC(F)CC1)N1CCCN(C2CC2)CC1,-119.1,388.86,401.438,12.577999999999976
NC1NCC(CC2CCCCC2F)S1,-119.14,381.551,415.523,33.97200000000004
O=C(NC1CCC(F)CC1)NC1CCCC2C1CCNC2,-119.14,388.522,388.534,0.0120000000000004
CC1CC(C(=O)N2CCCC2CO)CC(C)C1F,-119.17,399.985,397.884,-2.100999999999999
O=S(=O)(NCC1CCCCC1F)C1CC1,-119.27,393.314,400.752,7.437999999999988
O=C1NCCN1CC1CCCCC1F,-119.27,395.88,391.767,-4.113
CC1CCC(F)C(C(=O)NC2NNC(C3CC3)N2C)C1,-119.29,390.742,407.475,16.733000000000004
Cl.FC1CCCCC1COC1CNC1,-119.29,395.057,395.057,0.0
N#CC1(C(=O)NCC2CCCCC2F)CCCC1,-119.29,397.97,392.171,-5.799000000000035
CC1(CNC2NC3CC(F)CCC3O2)CCCO1,-119.31,386.427,403.82,17.392999999999972
O=C(CCC1CCCCC1F)N1CCCC2NCCCC21,-119.32,380.637,392.766,12.12900000000002
O=C(C1COC2CCC(F)CC12)N1CCC1,-119.35,378.693,405.311,26.617999999999995
NC(=O)N1CCC(NC2CCC(C3CC3)C(F)C2)CC1,-119.42,383.753,387.99,4.237000000000023
O=C(NCC1CCCCC1F)C1CCC1,-119.43,401.86,412.168,10.307999999999993
CC1(C(=O)NCC2CCCCC2F)CNC1,-119.43,412.081,400.29,-11.790999999999997
FC1CCCCC1CNC1CN[NH]C1,-119.53,395.286,408.079,12.793000000000006
CCN1C(NC(=O)C2CCOC2C)NC2CC(F)CCC21,-119.57,370.004,392.547,22.543000000000006
N#CCC1NC2CCC(F)CC2[NH]1,-119.57,379.477,404.358,24.88100000000003
NC(=O)C1CCN(C(=O)C2CC(Cl)CCC2F)CC1,-119.59,380.008,406.141,26.13300000000004
O=C(C1CCCC(Cl)C1F)N1CCOCC1,-119.59,387.488,398.138,10.649999999999975
CS(=O)(=O)N1CCC2CC(F)CCC21,-119.61,394.832,391.156,-3.675999999999988
CN(C)C(=O)CC1NOC2CCC(F)CC12,-119.63,391.48,393.707,2.2269999999999754
CC1(O)CCN(C(=O)C2CC3CC(F)CCC3O2)C1,-119.68,394.714,404.967,10.252999999999986
CN1NCC2CCC(F)C(C(=O)O)C21,-119.69,386.387,392.858,6.471000000000004
O=C(CO)N1CCC2C(F)CCCC2C1,-119.73,393.251,394.163,0.9120000000000346
CC1CNCCN1C(=O)C1CC2CC(F)CCC2O1,-119.76,385.103,405.691,20.587999999999965
NC(=O)C1CCCC1NC(=O)NC1CCC(F)CC1,-119.77,383.41,383.451,0.0409999999999968
O=C(NC1CCC(F)CC1)N1CCCCN1,-119.77,384.028,388.41,4.382000000000005
CC1(C(=O)NCC2CCCCC2F)COC1,-119.79,377.203,412.014,34.811000000000035
FC1CCC2C(C1)CNCCO2,-119.8,372.627,403.133,30.50599999999997
O=C(NCC1CCCCC1F)NC1CCC2NCNN2C1,-119.81,392.021,412.476,20.454999999999984
O=C(C1CC2CC(F)CCC2O1)N1CCCCC1,-119.82,372.476,378.064,5.588000000000022
CC1CC(CN2CC(O)CC2(C)CO)CCC1F,-119.86,386.457,411.023,24.56600000000003
O[C@@H]1CCCC[C@H]1C1CCCCC1F,-119.86,392.408,403.186,10.777999999999963
CC(=O)NC1CCC(F)C(C(=O)N(C)C2NCCS2)C1,-119.86,403.603,389.918,-13.685000000000002
CN1CCC(=O)NC2CC(F)CCC21,-119.88,382.963,383.977,1.0139999999999532
O=C(NCC1CC(Cl)CCN1)NC1CCC(F)CC1,-119.88,388.012,401.377,13.365000000000007
CC(C)C1CC(C(=O)N2CCC2C2CCCCC2F)N[NH]1,-119.89,385.802,396.062,10.259999999999993
CC(NC(=O)NC1CCC(F)CC1)C1CCCO1,-119.9,381.195,383.436,2.240999999999985
CC1CCCC(C(=O)NC2CC23CC3)C1F,-119.92,393.812,415.96,22.147999999999968
CC1NCCN1CC(=O)NC1CCC(F)C(Cl)C1,-119.93,389.757,409.137,19.379999999999995
CS(=O)(=O)N[C@@H]1C[C@H]1C1CCCCC1F,-119.94,388.976,407.322,18.346000000000004
CC1(NC(=O)C2CC3CC(F)CCC3O2)CCOCC1,-119.95,377.574,390.448,12.873999999999969
CN1C(NC(=O)CC2CCCOC2)NC2CC(F)CCC21,-119.97,376.367,381.01,4.642999999999972
N#CC1CC(F)CCC1N1CCC(O)CC1,-120.0,394.387,399.885,5.497999999999991
O=C(NC1CCC(F)CC1)N1CCCCCC1,-120.01,388.487,387.952,-0.535000000000025
CC1CNN(C)C1CN1CCOC2CCC(F)CC2C1,-120.02,377.738,388.866,11.127999999999986
CC(=O)N(C)C1CCN(C2CCC(C#N)CC2F)CC1,-120.02,382.402,385.474,3.0720000000000027
CC1CC(CNC(=O)C(=O)N2CCCC2)CCC1F,-120.03,368.94,411.796,42.856
CN1CNN(CCC2CCCCC2F)C1=O,-120.03,387.799,379.0,-8.798999999999978
O=C(NC1CC(Cl)CCC1F)NC1CC1,-120.03,401.345,415.129,13.783999999999992
CC1CCCC(C(=O)NC2(C3NNC[NH]3)CCC2)C1F,-120.04,392.201,414.017,21.81599999999997
O=C(NC1CCOCC1)C1CC2CC(F)CCC2O1,-120.05,394.814,381.081,-13.733000000000004
CC1C(C(=O)N2CCOCC2)OC2CCC(F)CC12,-120.07,386.642,388.794,2.151999999999987
O=C(NC1CCC(F)CC1)N[C@@H]1C[C@H]1CO,-120.07,401.395,401.395,0.0
CCC(=O)NC1NC2CC(F)CCC2N1CC,-120.08,391.804,385.781,-6.022999999999968
N#CC1CCC(N2CCN3CCCCC3C2)C(F)C1,-120.08,403.908,409.704,5.795999999999992
CC(C(=O)NC1CCC(F)C(Cl)C1)N1CCNC(=O)C1,-120.09,383.171,388.114,4.942999999999984
O=C(NC1CC1C1CCCCC1F)C1CCNCC1,-120.14,387.218,387.259,0.0409999999999968
O=S(=O)(C1CNCC(F)C1)N1CCC2(CCCCC2)C1,-120.15,386.979,394.808,7.829000000000008
CC(=O)NC1CCC(F)C(C(=O)N2CCCCO2)C1,-120.16,378.497,395.462,16.964999999999975
CN1CC(=O)N(CC(=O)NC2CCC(F)C(Cl)C2)C1=O,-120.19,389.175,407.176,18.000999999999976
CCNC(=O)N1CCC(NC(=O)NC2CCC(F)CC2)C1,-120.25,388.554,375.085,-13.468999999999994
FC1CCC2[NH]CNC2C1,-120.26,392.896,403.871,10.974999999999966
CC1CC(CNC(=O)C2CCCCN2)CCC1F,-120.29,389.003,391.304,2.300999999999988
N#CCC1COC2CCC(F)CC12,-120.3,380.286,386.443,6.156999999999982
CC(NC(=O)C1CCOC1)C1CCCCC1F,-120.3,381.778,377.024,-4.754000000000019
CC1NOC(C)C1CC(=O)NC1CCC(F)C(Cl)C1,-120.3,384.315,388.784,4.468999999999994
NC(=O)C1CCC(=O)N(CC2CC(Cl)CCC2F)N1,-120.32,391.983,410.712,18.728999999999985
CN1CCCN(C(=O)C2CCOC2)C2CC(F)CCC21,-120.33,382.394,396.293,13.899
CC1CC(C2CCCCC2F)N(C(=O)CC2(N)CCC2)C1.Cl,-120.33,388.98,382.574,-6.406000000000006
N#CC1CCC(N2CCN(C(=O)NC3CC3)CC2)C(F)C1,-120.35,378.638,409.041,30.40300000000002
FC1CCC(Cl)C2C1CCCN2,-120.37,407.352,407.352,0.0
N#CC1(NC(=O)C2CCC(F)CN2)CCC1,-120.38,401.244,400.948,-0.2960000000000491
CC1CC(CNC(=O)NC2NNCS2)CCC1F,-120.42,413.058,391.917,-21.14100000000002
COC1CCN(C(=O)NC(C)C2CCCCC2F)CC1,-120.44,387.811,403.597,15.786
O=C(NCC1CC12CC2)C1SCCC1F,-120.44,393.5,388.441,-5.059000000000026
CCOCC(=O)N1CCCN(C)C2CCC(F)CC21,-120.44,396.132,399.511,3.379000000000019
O=C(C1CNCC(O)C1)N1CCC2CCCC(F)C2C1,-120.45,394.621,395.289,0.6680000000000064
O=C(CN1CCCCCC1=O)NC1CCC(F)C(Cl)C1,-120.48,385.049,374.482,-10.56699999999995
CC1CN(C(=O)COC2CCC(F)CC2Cl)CCO1,-120.49,375.749,388.44,12.690999999999974
CC1CC(CNC(=O)C2CCN(C)C(=O)C2)CCC1F,-120.54,373.854,412.379,38.525000000000034
CC1CC(CNC(=O)C2CCC2)CCC1F,-120.57,392.197,389.582,-2.615000000000009
O=C(COC1CCC(F)CC1Cl)N1CCOCC1,-120.66,398.702,394.958,-3.7439999999999714
CC1CCC(C(=O)N2CCCN(C)C3CCC(F)CC32)O1,-120.7,369.185,386.132,16.947000000000003
CC1NCC(CN(C)C2CCC(F)CC2C#N)S1,-120.72,379.577,394.423,14.846000000000004
O=C(COC1CCC(F)CC1Cl)N1CCNC1=O,-120.72,390.391,383.551,-6.840000000000032
CC1CCN(C)CCN1C(=O)NC1CCC(Cl)CC1F,-120.72,414.08,409.651,-4.428999999999974
FC1CCC(OC2CCOC2)C(Cl)C1,-120.75,389.318,395.44,6.122000000000014
CC1CCC(F)C(C(=O)NCC2(C)CCNCC2)C1.Cl,-120.77,382.534,380.899,-1.634999999999991
O=C(NC1CCC(Cl)CC1F)C1CCCO1,-120.81,382.39,389.639,7.249000000000024
CNC(=O)NC1CC(C2CCC(F)C(Cl)C2)C1,-120.83,383.643,388.019,4.376000000000033
CC1CC(F)CCC1N1CCCC(NS(C)(=O)=O)C1,-120.9,370.303,388.491,18.187999999999988
CN1C(=O)[NH]C2CCC(F)CC21,-120.91,385.427,404.855,19.428
CC1CCC(F)C(C(=O)N[C@@H]2C[C@H]3CC[C@@H]2O3)C1,-120.92,405.242,405.249,0.007000000000005
CC1C(C(C)N)OC2CCC(F)CC12.Cl,-120.93,371.153,395.198,24.04499999999996
CC1CC(CNC(=O)NC2CC2)CCC1F,-120.94,390.044,391.863,1.8190000000000168
O=C(O)C(=O)N1CCC2CCCC(F)C2C1,-120.94,399.651,408.682,9.031000000000006
O=C1C(N2CCSCC2)CCN1C1CCCCC1F,-120.95,397.349,392.969,-4.379999999999996
NC1NC2CCC(F)CC2O1,-120.99,381.551,392.205,10.653999999999996
CN1CCNC1CN1CCOC2CCC(F)CC21,-121.06,385.579,402.328,16.748999999999967
O=C(NC1CCC(Cl)CC1F)N1CCOCC1,-121.07,413.642,407.526,-6.1159999999999854
CC1NC2CC(F)CCC2[NH]1,-121.11,385.419,405.158,19.739000000000036
CNC(=O)C1CC(NC(=O)N2CCCCCC2)CCC1F,-121.12,387.365,405.747,18.382000000000005
CN(C)C(=O)C1CC(=O)N(C2CCCCC2F)C1,-121.13,392.93,392.93,0.0
CC(C)OC1CCC(NC(=O)N2CCC23CCC3)C(F)C1,-121.13,409.5,398.947,-10.552999999999995
CC1CC(C)N(-C2CCC(NC(=O)C3CC3)CC2F)N1,-121.15,390.871,392.81,1.9390000000000212
CC(C)(OC1CCC(F)CC1)C(=O)N1CCC1,-121.16,386.633,403.425,16.79200000000003
COC(C(=O)N1CCCN(C)C2CCC(F)CC21)C1CC1,-121.18,380.886,387.944,7.057999999999993
O=C(O)CC1C(=O)NC2CCC(F)CC21,-121.19,384.832,386.364,1.5319999999999825
O=C(O)CN1CCC2CCC(F)CC21,-121.2,390.842,394.797,3.955000000000041
O=C(O)C1CCC(F)C2CCNCC12,-121.24,391.81,395.953,4.142999999999972
CCN1CCC(N(C)C(=O)NC2CCCCC2F)C1,-121.27,394.261,394.964,0.7029999999999745
CNC(=O)C1CC(NC(=O)NC2CC2)CCC1F,-121.34,390.626,390.902,0.2760000000000104
CC(C)N1C(=O)[NH]C2CC(F)CCC21,-121.34,391.094,404.503,13.408999999999992
CO[C@H]1C[C@@H](CO)N(C(=O)C2CC3C(F)CCCC3[NH]2)C1,-121.35,387.231,388.887,1.656000000000006
O=C(NC1CCC2CN[NH]C2C1)C1CCC(F)CN1,-121.42,390.948,396.59,5.641999999999996
CC1CC(S(=O)(=O)NC2C(F)CCCC2CO)C(C)O1,-121.48,385.642,416.188,30.545999999999992
CC1CCCC(C(=O)N2CC[C@H](O)C2)C1F,-121.5,398.024,403.892,5.867999999999995
O=C(C1CCC(=O)N(-C2CCCCC2F)N1)N1CCC1,-121.56,383.242,390.71,7.467999999999961
CC1CC(C)N(-C2CCC(NC(=O)NC3CC3)CC2F)N1,-121.57,370.222,392.319,22.09700000000004
CC(C)(OC1CCC(F)CC1)C(=O)N1CCCC1,-121.58,389.65,389.635,-0.0149999999999863
FC1CCC2OCCC2C1,-121.62,394.237,405.294,11.05699999999996
COC1CCCC(F)C1NC(=O)N1CCSCCC1C,-121.64,402.654,405.155,2.5009999999999764
CC1CC(NC(=O)C2CCN(C)C(=O)C2)CCC1F,-121.67,391.097,415.358,24.261000000000024
O=C(NCC1CCCOC1)C1CC2[NH]CNC2CC1F,-121.79,390.357,394.553,4.1959999999999695
CNC1CCN(C(=O)C2CC(C)CCC2F)C1.Cl,-121.82,393.791,396.956,3.1650000000000205
CC1COCCN(C(=O)CC2C[NH]C3CC(F)CCC23)C1,-121.88,376.713,388.247,11.533999999999992
CNC(=O)C1=CC2CC(F)CCC2OC1,-121.89,386.131,397.152,11.021000000000017
O=C(C1CCC(F)CN1)N1CCCCCO1,-121.91,393.58,405.245,11.66500000000002
CC1C(F)CCC2SC(N)NC12,-121.92,386.58,397.202,10.622000000000014
NC(=O)C1=CC2CC(F)CCC2OC1,-121.94,379.982,397.065,17.08299999999997
CC1CC(F)C2C(C1)CCNC2,-121.97,385.522,404.941,19.418999999999983
O=C(C1CCC(N2CCOCC2)C(F)C1)N1CCCC1,-121.98,403.229,400.535,-2.69399999999996
CC1NSCC1C(=O)NC1CCC(C(N)=O)CC1F,-122.13,369.895,398.313,28.418000000000006
CS(=O)(=O)NCCC1C[NH]C2CC(F)CCC12,-122.17,372.75,394.786,22.036
O=C(N1CCOCC1)N1CCOC2CCC(F)CC21,-122.23,395.56,388.354,-7.206000000000017
CC1CC(F)CCC1OCC1CNNN1C,-122.24,383.211,388.113,4.901999999999987
O=C(C1CCSC1)N1CCN(C2CCC(F)CC2)CC1,-122.27,380.545,397.84,17.29499999999996
FC1CC2C(C(CN3CCSCC3)C1)OCOC2,-122.29,389.064,395.911,6.84699999999998
O=C(C1CC1)N1CCOC2CCC(F)CC21,-122.36,388.204,402.405,14.200999999999963
O=S(=O)(C1CNCC(F)C1)N1CC2CCCCC2C1,-122.36,396.848,396.069,-0.7789999999999964
CS(=O)(=O)N1CCC(OC2CCC(F)CC2)CC1,-122.38,389.302,403.521,14.218999999999994
NC(=O)C1CNN(-C2CCCCC2F)C1N,-122.4,380.226,385.349,5.122999999999991
CC1CCC(F)C(C(=O)N2CCCC(C(C)N)C2)C1,-122.46,383.007,393.984,10.976999999999975
CC1(C)CC(N)C2CC(F)CCC2O1.Cl,-122.46,388.56,385.608,-2.951999999999998
CC1CCCCN1S(=O)(=O)C1CNCC(F)C1,-122.54,364.995,400.499,35.50400000000002
CC(=O)NC1C(F)CCCC1NC1CC1,-122.59,404.511,408.851,4.339999999999975
NC1CCN(C2CCC(F)CC2)CC1,-122.6,381.464,387.35,5.886000000000024
CN1C(N)NC2CC(F)CCC21,-122.6,404.3,392.047,-12.252999999999986
CNS(=O)(=O)C1CCC(C(=O)NC2CCCCC2F)O1,-122.61,397.424,389.622,-7.801999999999964
CC1CCCC(NC(=O)NC2CCCCNC2=O)C1F,-122.62,423.078,402.151,-20.926999999999964
O=C(CCN1C(=O)CCC2CC(F)CCC21)N1CCCC1,-122.65,388.343,400.957,12.613999999999976
O=C(NC1CCC(-N2CNCN2)C(F)C1)C1CCCC1,-122.65,405.79,383.158,-22.632000000000005
CCN(C)S(=O)(=O)C1CNCC(F)C1,-122.67,396.616,401.595,4.979000000000042
O=C(NC1CCN(C2CCC(F)CC2)CC1)C1CCCO1,-122.68,385.411,397.827,12.415999999999997
CC(=O)N1CCN(C(=O)C(C)OC2CCC(F)CC2)CC1,-122.68,385.812,399.895,14.08299999999997
CCC1(O)CN(C(=O)NC2CCC(F)C(Cl)C2)C1,-122.68,385.833,389.019,3.185999999999978
O=C(NC1CCCCC1F)C1CNNS1,-122.69,385.957,394.481,8.524000000000001
N#CC1CCN(C(=O)N2CCC3CCCC(F)C32)CC1,-122.84,378.259,394.344,16.08499999999998
N#CC1C(N)[NH]C2CC(F)CCC12,-122.85,390.252,391.427,1.1750000000000114
CC1CC(C(=O)NC2CCCCC2F)NO1,-122.89,400.394,411.4,11.005999999999972
CS(=O)(=O)N1CCC2CCCC(F)C21,-122.9,384.878,400.232,15.354000000000042
O=C(C1C[NH]C2CCC(F)CC12)N1CCCCC1,-122.95,380.49,403.387,22.89699999999999
CC1[NH]C2CC(F)CCC2C1CCN.Cl,-122.99,424.986,424.986,0.0
CC1CCOC1C(=O)NC1CCCCC1F,-123.01,395.61,414.592,18.98199999999997
O=C(C1CCC(F)CN1)N(C1CCCCN1)C1CCCC1,-123.03,389.346,389.745,0.3990000000000009
N#CC1CCC(N2CCCOCC2)C(F)C1,-123.06,392.747,403.134,10.387
C[C@@H]1CCO[C@@H]1C(=O)NC1CCCCC1F,-123.1,397.142,394.214,-2.9279999999999973
CC1CCC(F)C(CN2CC[C@H](N)C2)C1.Cl,-123.12,429.159,429.159,0.0
COC1CC2C(=O)[NH]CNC2CC1F,-123.13,387.614,399.535,11.92100000000005
O=C(COC1CCC(F)CC1)N1CCCCC1,-123.16,376.725,384.763,8.037999999999954
COC1CCC(F)CC1C(=O)N1CCCO1,-123.17,381.13,390.528,9.398000000000025
CC(C)(O)CN1CCN(C2CCCCC2F)CC1,-123.18,386.862,402.636,15.774
CC1CC(NC(=O)C2CCCO2)N(-C2CCCCC2F)N1,-123.22,405.373,409.667,4.293999999999983
COC1CCC(F)CC1C(=O)N1CCCC1,-123.23,399.595,397.103,-2.492000000000018
O=C(CO)NC1COC2CCC(F)CC2C1,-123.27,388.144,388.144,0.0
CN(CC1NCNN1C)C1CCCCC1F,-123.27,405.977,387.008,-18.968999999999998
O=C(NCC1CCCNC1)NC1CCC(F)C(Cl)C1,-123.29,384.336,388.706,4.3700000000000045
O=C1CC2CCCCN2C(=O)N1C1CCCCC1F,-123.31,398.362,392.956,-5.406000000000006
CC(C)N1CCN(C2CCCCC2F)CC1,-123.32,409.085,406.053,-3.0319999999999823
CC1NN(C)CC1NC(=O)C1CC2CC(F)CCC2O1,-123.36,385.678,405.693,20.014999999999983
CC1CCC(NC(=O)C2SCNC2C)C(F)C1,-123.39,401.456,396.809,-4.646999999999991
N#CC1CC(NC[C@H]2C[C@@H](O)C2)CCC1F,-123.4,372.728,393.756,21.027999999999963
FC1CCCC2CCNCC12,-123.4,386.546,392.237,5.691000000000031
O=C(NCC1CN[NH]C1)NC1CCC(F)C(Cl)C1,-123.41,369.266,389.672,20.40600000000001
CC1CNC2CCC(F)CC2O1,-123.43,385.73,388.502,2.771999999999992
CC(=O)NC1CN(C(=O)C2CC3CC(F)CCC3O2)C1,-123.47,381.398,405.567,24.168999999999983
O=C(C1CCCO1)N1CCN(C2CCCCC2F)CC1,-123.48,406.976,386.143,-20.833000000000027
N#CC1CC(F)CCC1N1CCCOCC1,-123.57,387.442,400.224,12.781999999999982
O=C(NC1CCCN(C2CCCCC2F)C1)C1CCON1,-123.59,387.851,405.778,17.92700000000002
O=C(NC1(C(=O)O)CC1)C1CC2CC(F)CCC2[NH]1,-123.68,378.742,404.383,25.640999999999963
CC(=O)NC1CCC(-N2CCNC2)C(F)C1,-123.71,396.337,399.608,3.271000000000015
CCCC1C(=O)NCCN1C(=O)C1CNCC(F)C1,-123.73,396.888,396.341,-0.5469999999999686
O=C(C1CCC(-N2CCCN2)C(F)C1)N1CCNCC1,-123.74,403.083,383.755,-19.32800000000003
CC1CN(C2CCCCC2F)CCN1C(=O)C1CCC1,-123.79,380.333,402.958,22.625
CCCC1CN(C(=O)C2CC3CC(F)CCC3O2)CCO1,-123.79,385.7,390.719,5.0190000000000055
N#CC(NC1CCC(F)CC1)C1CCCO1,-123.85,377.998,388.054,10.055999999999983
CC1(C)CN(C(=O)C2CNCC(F)C2)CCS1=O,-123.87,367.38,400.228,32.84800000000001
COC1CN(C(=O)CC2NCCCC2F)C1,-123.87,396.719,398.991,2.271999999999992
CC1C2CCCN2CCN1C(=O)NC1CCCCC1F,-123.91,395.603,395.462,-0.1410000000000195
O=C(O)C1CCNC2CC(F)CCC21,-123.93,387.331,397.07,9.738999999999976
F/C=C/CBr,-124.0,300.758,300.758,0.0
FC1CCC2C(C1)OCCN2CC1CNCS1,-124.04,396.549,394.902,-1.6469999999999914
O=C(NC1CCCC(Cl)C1F)C1CCCO1,-124.09,405.129,398.834,-6.295000000000016
CC1CCC(F)C(CN2CNN(C)C2=O)C1,-124.1,411.34,394.318,-17.02199999999999
CC1CCCC(CN[C@@H]2COC[C@H]2O)C1F,-124.14,388.953,420.205,31.25200000000001
O=C(NC1CCCCC1F)N1CCC(N2CCNN2)CC1,-124.21,395.607,415.11,19.502999999999982
O=C(CC1CCNCC1)NC1CCCCC1F,-124.27,402.479,412.076,9.597000000000037
NC(=O)C1CSC(CN2CCOC3CC(F)CCC32)C1,-124.32,386.214,395.148,8.934000000000026
O=C(NC1CCCCC1F)N[C@@H]1C[C@H]1CO,-124.34,396.683,412.234,15.550999999999988
O=C(NC1CCCCC1F)N1CCCCCC1,-124.36,410.433,415.614,5.180999999999983
CN(CC(=O)N1CCC1)C1CCCCC1F,-124.38,385.394,377.039,-8.355000000000018
O=C(C1CNCC(F)C1)N1CCCC2CCCC(Cl)C21,-124.39,400.5,368.828,-31.672000000000025
O=C(NC1CCCCC1F)C1CC(=O)N(C2CCCC2)C1,-124.48,404.435,411.977,7.541999999999973
CN(CC1CCCO1)C(=O)NC1CCCCC1F,-124.5,383.187,411.422,28.235000000000014
CC1CCC(F)C(CN2NCN(C)C2=O)C1,-124.52,395.584,415.341,19.757000000000005
O=C(O)C1C(F)CCC2CCNCC12,-124.55,383.812,396.157,12.34499999999997
COC1CN(C(=O)C2CNCC(F)C2)C1,-124.58,390.474,395.065,4.591000000000008
O=C(C1CNCC(F)C1)N1CCC2(CCCCC2)C1,-124.58,394.475,401.675,7.199999999999989
CC1CC2NC(N)SC2CC1F,-124.6,393.526,415.287,21.760999999999967
O=C(NC1CCCCC1F)N1CCCC1C1CCCNC1,-124.6,413.652,408.683,-4.968999999999994
CC1CCC(NC(=O)C2CCC(=O)N2)C(F)C1,-124.62,413.153,390.34,-22.813000000000045
CC1CC(C)N(CC(=O)NC2CCCCC2F)N1,-124.64,389.032,410.56,21.52800000000002
CCN(C(=O)C1CNCC(F)C1)C1CCC(C#N)CC1,-124.72,396.966,400.385,3.4189999999999827
CC1CCC(NC(=O)N2CCCC2)C(F)C1,-124.75,409.3,409.303,0.0029999999999859
NC(=O)NCC1CC(C2CC2)CCC1F,-124.76,412.319,412.242,-0.0769999999999981
OCCC1CN(-C2CCCCC2F)NN1,-124.78,384.944,387.007,2.062999999999988
O=C(NC1CCSC1)C1CNCC(F)C1,-124.83,385.803,395.772,9.968999999999994
C[C@H](CO)N(C)C1NCC(Cl)CC1F,-124.86,386.634,404.67,18.036
CC1CN(CC(=O)NC2CCCCC2F)CCO1,-124.86,411.533,411.827,0.2939999999999827
FC1CC(Cl)CNC1N1CCOCC1,-124.91,388.943,391.845,2.902000000000044
CC1CNN(-C2CCC(NC3CCN(C)C3=O)CC2F)C1,-124.92,390.089,390.086,-0.0029999999999859
CC1CCC(F)C(CNC2CCN(C)N2)C1,-124.92,405.604,414.687,9.083000000000029
CC1(C)NC(=O)N(CC(=O)NC2CCCCC2F)C1=O,-124.95,380.899,412.18,31.28100000000001
CN(C)C(=O)C1CCC(-N2CCCC2)C(F)C1,-124.96,389.946,400.311,10.364999999999952
O=C(NC1CNCC(F)C1)C1CSCN1,-124.99,375.058,385.751,10.692999999999984
O=C(CN1CCCCC1)NC1CCCCC1F,-124.99,391.195,397.165,5.970000000000027
F/C=C/CBr,-125.0,303.379,303.379,0.0
O=C(CC1CCON1)NC1CNCC(F)C1,-125.01,379.605,391.223,11.617999999999997
O=C(C1CCCO1)N(C1CCC(F)CN1)C1CCOCC1,-125.03,381.909,376.174,-5.735000000000014
O=C(O)C1NCC2C(F)CCCN12,-125.06,402.323,397.422,-4.900999999999954
O=C(N[C@@H]1C[C@H]1CO)C1CNCC(F)C1,-125.07,397.274,397.275,0.0009999999999763
C[C@@H]1CCO[C@@H]1C(=O)NC1CNCC(F)C1,-125.1,394.227,391.839,-2.387999999999977
O=C1CC(NC(=O)C2CNCC(F)C2)CN1,-125.1,398.512,400.77,2.2579999999999814
O=C(NC1CC(-C2CCCO2)CCC1F)C1CCCN1,-125.1,399.899,411.735,11.836000000000013
CC1CCC(NC(=O)CN2CCCN2)C(F)C1,-125.11,390.608,384.453,-6.15500000000003
CC1CCC(C(=O)NC2CC(Cl)CCC2F)CN1,-125.14,413.578,413.574,-0.0039999999999622
O=C(NC1CNCC(F)C1)C1CC12CC2,-125.25,395.71,389.339,-6.370999999999981
O=C(NC1NCCCC1F)C1CSC2CCCCC21,-125.25,419.456,385.677,-33.779
N#CC1(C(=O)NC2NCCCC2F)CCCCC1,-125.26,397.255,414.096,16.841000000000008
CC1[NH]C2CCC(F)CC2C1CCN.Cl,-125.28,387.954,387.954,0.0
CS(=O)(=O)NCCC1C[NH]C2CCC(F)CC12,-125.37,406.377,394.364,-12.013000000000034
CC1NC(C)N(CC2CNCC(F)C2)N1,-125.42,393.274,387.604,-5.670000000000016
CN(C)C(=O)C1CN(-C2CCCC(Cl)C2F)NN1,-125.45,397.761,382.764,-14.997000000000014
CC1NCN(CC2CNCC(F)C2)C1C,-125.58,379.892,394.272,14.379999999999995
CC1CC(O)CN1C1CCC(C#N)CC1F,-125.66,392.812,392.327,-0.4850000000000136
CN(CC1CNN(C)C1)C(=O)NC1CCCC(Cl)C1F,-125.66,393.288,418.55,25.262
CC(=O)NC1CC(-C2CCCO2)CCC1F,-125.71,402.97,412.158,9.187999999999988
CC(C)C1NC(C(=O)NC2NCCCC2F)CS1,-125.73,385.697,413.71,28.012999999999977
O=S(=O)(C1CNN(-C2CCCCC2F)C1)N1CCCC1,-125.74,406.119,408.349,2.2299999999999613
O=C1CN(C2NCC(Cl)CC2F)CCN1,-125.75,389.743,391.624,1.8810000000000289
O=C(COC1CCC(F)C(Cl)C1)N1CCNC1=O,-125.84,385.971,408.824,22.85300000000001
COCC1CCCN(C2CCNC3C(F)CCCC23)C1,-125.88,395.25,400.2,4.949999999999989
O=C(NC1CCCC(Cl)C1F)N1CCCC(O)C1,-125.9,400.546,419.318,18.77199999999999
CC1CN(CC2CCN(C)C(=O)C2)C2CCC(F)CC2O1,-125.92,381.414,395.208,13.79400000000004
O=C(NC1CNCC(F)C1)N1CCOCC1,-125.94,401.306,395.174,-6.132000000000005
O=C(CNC1CCC(F)CC1Cl)N1CCNC1=O,-125.95,389.009,397.567,8.557999999999993
CC(NC(=O)C1CCCO1)C1CNCC(F)C1,-125.98,391.971,393.094,1.1229999999999905
CC1CNC(C(C)NC2CCC(F)CC2)O1,-126.02,383.096,387.59,4.493999999999971
O=C(NC1CNN(-C2CCCCC2F)C1)N1CCOCC1,-126.02,386.939,414.69,27.750999999999976
CN(CCO)C1NCC(Cl)CC1F,-126.02,404.655,404.655,0.0
CC(NC1CCC(F)CC1)C(=O)N1CCCC1,-126.04,380.469,388.125,7.656000000000006
O=C(COC1CCC(F)C(Cl)C1)N1CCOCC1,-126.04,386.565,409.783,23.218000000000018
CC1CCC(CNC2CCC(F)CC2)O1,-126.11,398.497,387.497,-11.0
CC1C(=O)NCCN1CC1CNCC(F)C1,-126.25,394.666,395.908,1.2420000000000186
CC1(C)OCCC1NCC1CNCC(F)C1,-126.28,379.277,395.4,16.12299999999999
CC1CN(CC2CNCC(F)C2)CCCO1,-126.29,379.214,393.588,14.374000000000024
CN(CC1CNCC(F)C1)[C@@H]1CCC[C@H]1O,-126.35,392.599,400.56,7.961000000000013
FC1CNCC(CN2CCCSCC2)C1,-126.39,399.76,389.489,-10.271000000000017
N#CC1CCN(CC2CNCC(F)C2)CC1,-126.4,373.641,380.395,6.753999999999962
CC(NC1CCC(F)CC1)C1NNCN1C,-126.41,379.444,387.244,7.800000000000011
CC1CC(OCC2CNNN2C)CCC1F,-126.42,391.756,391.0,-0.7559999999999718
O=C(NC1CCCCC1F)N1CCC[C@@H]1CO,-126.44,394.188,400.482,6.29400000000004
CN1CC(CNC2CCC(F)CC2)NN1,-126.48,377.739,387.362,9.623000000000047
FC1CNCC(CN2CCOCC23CC3)C1,-126.49,379.359,391.718,12.359000000000036
FC1CCC2C(C1)CCCN2,-126.5,380.154,386.428,6.274000000000001
CC1NCSC1CNC1CNCC(F)C1,-126.54,372.821,400.303,27.48199999999997
CC1NCC(CNC2CNCC(F)C2)S1,-126.56,376.047,396.521,20.47399999999999
CC1NOCC1CNC1CNCC(F)C1,-126.63,375.981,398.645,22.663999999999987
CN1CCN(C(=O)C2CC2)C2CC(F)CCC21,-126.63,388.495,385.681,-2.8140000000000214
O=C(NC1CC(Cl)CCC1F)N1CCOCC1,-126.63,400.577,414.17,13.593000000000018
FC1CNCC(NCC2CNCS2)C1,-126.66,386.515,399.94,13.425000000000011
CC1NC(CNC2CNCC(F)C2)CS1,-126.71,389.738,394.727,4.988999999999976
O=S(=O)(C1CC1)N1CC=C(C2CNCC(F)C2)CC1,-126.71,393.298,394.775,1.4769999999999754
FC1CNCC(NCC2CC[NH]N2)C1,-126.74,379.117,395.232,16.11500000000001
O[C@H]1C[C@@H](CNC2CCC(F)CC2)C1,-126.76,382.283,383.713,1.4300000000000068
CCC1(O)CCN(C2NCCCC2F)CC1,-126.76,384.892,394.054,9.161999999999978
FC1CCC(NCC2NCCS2)CC1,-126.84,384.649,400.968,16.319000000000017
CN(C(=O)C1CCCO1)C1NCCCC1F,-126.86,403.021,394.206,-8.814999999999998
CC1CCC(F)C(NC(=O)NC2CNOC2C)C1,-126.88,393.075,412.915,19.840000000000032
CC1(C)CN(CC2CNCC(F)C2)CC2CCCCC2O1,-126.89,391.596,393.834,2.2379999999999995
CC1CCN(C(=O)CNC2CCC(F)CC2)CC1,-126.93,400.786,399.236,-1.5500000000000114
O=C1NCCCCC1NC1CCC(F)CC1,-126.97,400.19,387.024,-13.165999999999997
CC1CC(NC2CCC(F)CC2C#N)CC(C)O1,-127.02,377.385,376.889,-0.4959999999999809
FC1CCCNC1N1CCCC(C2NCCS2)C1,-127.05,383.497,408.12,24.62299999999999
FC1CNCC(CNC2CCCCC2)C1,-127.12,388.582,386.017,-2.5649999999999977
CC1NC(CNC2CCC(F)CC2C)NO1,-127.13,388.09,390.085,1.9950000000000043
N#CC1CC(F)CCC1N1CCCC1C(=O)NC1CC1,-127.13,393.917,394.214,0.2970000000000254
CC1CNC(CNC2CCC(F)CC2)NC1,-127.13,401.103,388.24,-12.863
O=C(NC1CCCCC1F)NC1CCCS(=O)(=O)C1,-127.14,385.247,412.122,26.875
CN1NCC(CNC(=O)NC2CCCCC2F)C1N,-127.16,391.27,412.006,20.73599999999999
O=C(NC1CCCCC1F)NC1CC1,-127.19,400.526,412.803,12.276999999999989
N#CC1CC(F)CCC1N[C@@H]1C[C@H]1CO,-127.21,373.579,399.153,25.57400000000001
N#CC1CC(F)CCC1NCC1CCCNC1,-127.26,386.267,399.134,12.86700000000002
C[C@@H]1C[C@H](O)CN(C2NCCCC2F)C1,-127.3,417.169,417.169,0.0
O=C(NC1CCCCC1F)N[C@H]1C[C@@H](O)C1,-127.31,396.853,411.963,15.110000000000014
O=C1CCC(CNC(=O)NC2CCCCC2F)N1,-127.34,393.699,401.122,7.423000000000002
CN(CC1(O)CCCC1)C1NCCCC1F,-127.35,384.342,389.055,4.713000000000022
CCN(CC)C(=O)N1CCN(C2NCCCC2F)CC1,-127.35,396.911,394.585,-2.326000000000022
FC1CNCC(NCC2CCNCC2)C1,-127.38,391.925,394.217,2.291999999999973
C[C@@H](CO)N(C)C1NCCCC1F,-127.44,391.499,400.76,9.260999999999967
CN(C1NCCCC1F)C1CCOC1,-127.45,389.687,381.699,-7.987999999999999
CC1CC(F)CCC1NCC1CNCN1C,-127.46,384.761,398.209,13.44799999999998
O=C(NC1CCCCC1F)N1CCCCN1,-127.46,385.197,392.683,7.48599999999999
CC1CC(F)CCC1NCC1NCC[NH]1,-127.52,372.366,384.23,11.864000000000033
O=C(O)C1CC(F)C2NCCCC2C1,-127.56,372.754,404.391,31.637
N#CC1CC(F)CCC1N1CCC[C@@H]1CO,-127.58,389.519,389.76,0.2409999999999854
FC1CCCNC1N1CCOC(C2CC2)C1,-127.61,384.401,385.592,1.190999999999974
CN(C1NCCCC1F)[C@H]1CC[C@H](O)CC1,-127.62,392.928,394.529,1.600999999999999
N#CCC1CCC(F)CN1,-127.65,398.078,398.078,0.0
CC1(CNC2CCC(F)CC2C#N)COC1,-127.68,386.132,401.536,15.403999999999996
CC(NC(=O)NC1CCCCC1F)C1CCNCC1,-127.69,392.766,411.914,19.147999999999968
CN(CC1CNN(C)C1)C1NCCCC1F,-127.73,382.996,417.948,34.952
CC(NC(=O)NC1CCCCC1F)C1CCCNC1,-127.74,385.082,413.428,28.346000000000004
CC1CCCC(F)C1NC(=O)C1CCCNC1C,-127.76,398.333,396.541,-1.79200000000003
FC1CCCNC1N1CCOC2(CCC2)C1,-127.85,391.182,381.91,-9.271999999999991
CC1CCC(F)C(NC(=O)C2CCCN2C)C1,-127.99,390.855,416.268,25.412999999999958
OC1CNC2C(F)CCCC2C1,-127.99,398.652,398.652,0.0
CC(=O)NC1CC(NC(=O)C2CCSC2)CCC1F,-128.0,392.875,413.063,20.187999999999988
CC1CCC2CCCC(F)C2N1,-128.0,399.788,397.91,-1.877999999999986
CC1CCCC(NC(=O)C(=O)N(C)C2CCSC2)C1F,-128.02,415.476,422.878,7.401999999999987
CC1CCCC(NC(=O)C2(C)COC2)C1F,-128.05,408.743,423.502,14.759000000000016
CC1NSCC1C(=O)NC1CCC2C(C1F)CCNC2,-128.1,411.262,406.711,-4.550999999999988
CCN1CN(CC2CCC(F)CN2)CC1=O,-128.11,391.153,402.502,11.34899999999999
CN1CN(CC2CCC(F)CN2)CC1=O,-128.13,380.967,396.295,15.328000000000031
CN1CCN(C(=O)C2CCNCC2F)C2CCCCC2C1,-128.17,394.372,391.969,-2.40300000000002
O=C(NC1CCC2C(C1F)CCNC2=O)C1CCOC1,-128.19,382.137,403.748,21.61099999999999
FC1CCC(CN2CCCSCC2)NC1,-128.23,394.827,402.565,7.737999999999999
CN(CC1NCCCN1)C1CCC(F)CC1,-128.27,387.594,376.894,-10.699999999999989
CC1CC(NC(=O)NCC2CCCCC2F)NO1,-128.27,408.005,412.325,4.319999999999993
CC1CN(C2NCCCC2F)CC(=O)N1,-128.29,388.221,394.722,6.500999999999976
CC1CCC(F)C(NC(=O)C2(C)CNC2)C1,-128.34,385.682,412.594,26.911999999999978
CN1CCN(C2NCCCC2F)CC1=O,-128.36,386.638,417.202,30.56400000000002
O=C(CC1CCSC1)NC1CCC2C(C1F)CCNC2,-128.45,408.725,405.717,-3.008000000000038
COCC1CCN1C(=O)C1CCNCC1F,-128.54,392.565,389.037,-3.52800000000002
CC1(C(=O)NCC2CCC(F)CN2)CNC1,-128.79,389.541,396.892,7.350999999999999
O=C(NC1CC(-N2CCCC2)CCC1F)N1CCCC1,-128.85,402.579,411.415,8.836000000000013
O=C(NCC1CCC(F)CN1)[C@@H]1CCCO1,-128.86,379.161,399.519,20.358000000000004
CC1(C(=O)NCC2CCC(F)CN2)COC1,-128.87,391.191,403.238,12.047000000000024
CCC1CCC2[NH]C(C(=O)O)CC2C1F,-128.96,398.426,418.32,19.894000000000005
CS(=O)(=O)NC1CC(NC(=O)C2CCCO2)CCC1F,-128.97,388.186,419.831,31.64500000000004
O=C(C1CCNCC1F)N1CCSC2(CCCCC2)C1,-129.02,392.206,388.685,-3.521000000000015
O=C(NCC1CCCS1)C1CCNCC1F,-129.03,392.642,401.036,8.394000000000005
O=C(O)C1CC(F)CC2C1NCCC2,-129.03,396.62,395.125,-1.4950000000000043
O=C(CC1CCC(F)CN1)N1CCOC2CCCCC2C1,-129.04,401.116,400.618,-0.4979999999999904
CC1CCCC(NC(=O)N2CCCC2)C1F,-129.09,401.693,422.51,20.817000000000007
CC1CCC(F)C(NC(=O)C2CCN3CCNC3C2)C1,-129.1,410.437,411.891,1.4540000000000075
CC1CCC(F)C(NC(=O)C(C)N2CNCN2)C1,-129.11,392.976,414.19,21.214
FC1CNCCC1CN1CC2CCC1C2,-129.19,411.462,402.32,-9.141999999999996
O=C1CN(C(=O)CC2CCC(F)CN2)C2CCCCC2N1,-129.2,402.581,402.581,0.0
CC1=NN(C)C(=O)C1C(=O)NC1CCCCC1F,-129.22,411.134,410.724,-0.410000000000025
O=C(NCC1CCCCN1)NC1CCCC(Cl)C1F,-129.27,402.668,418.597,15.928999999999974
CCOC1C(F)CCCC1C(=O)N1CCNC(C)C1.Cl,-129.29,387.557,412.445,24.887999999999977
NC1CCN(-C2NCCCC2F)N1,-129.47,393.035,392.787,-0.2480000000000473
CC1CCC(F)C(NC(=O)CN2CCC(=O)[NH]C2=O)C1,-129.67,392.407,411.095,18.688000000000045
C[C@@H]1COCCN1CC1CCNCC1F,-129.95,402.835,402.566,-0.2690000000000054
O=C(NC1CCC(F)C(-N2CCCC2)C1)C1CCOC1,-129.99,412.937,403.46,-9.477000000000032
CC1NOC(C(C)NC(=O)NC2CC(Cl)CCC2F)N1,-130.01,381.281,411.068,29.786999999999978
CCS(=O)(=O)N1CC(=O)NC2C(F)CCCC21,-130.28,400.883,403.247,2.3640000000000327
CC1COCCN(CC2CCNCC2F)C1,-130.46,378.706,412.452,33.74599999999998
CN(CC1CCNCC1F)[C@@H]1CCC[C@H]1O,-130.55,389.327,392.675,3.348000000000013
CCN1CCN(CC2CCNCC2F)CC1,-130.55,407.964,396.062,-11.901999999999989
CCC(=O)N1CC(=O)NC2C(F)CCCC21,-130.63,405.214,400.643,-4.571000000000026
CC1CC(NCC2CNNN2C)CCC1F,-130.74,392.177,412.602,20.424999999999955
CC1CC(C(=O)NC2CCC(F)CN2)CO1,-130.91,377.795,402.493,24.69799999999998
O=C(NC1CCC(F)CN1)C1=CCOCC1,-130.96,377.914,398.657,20.742999999999995
O=C(NC1CCC(F)CN1)[C@]12C[C@H]1CCN2,-131.14,382.898,403.455,20.55699999999996
OC[C@@H]1C[C@H]1NC1NC2C(F)CCCC2O1,-131.3,387.268,394.883,7.615000000000009
COC1CC(C(=O)N2CC(C)C2)CCC1F,-131.31,387.634,415.543,27.908999999999992
CC1CC(NCC2NCCN2C)CCC1F,-131.32,392.369,413.492,21.12299999999999
CN(CC1CCNCC1F)C1CCN(C)N1,-131.41,387.846,414.138,26.291999999999973
CCC(C)C(=O)NC1CC2C(CC1F)CCC(=O)N2,-131.59,384.539,412.311,27.77199999999999
COCC(=O)NC1CC2C(CC1F)CCC(=O)N2,-131.6,402.385,412.41,10.025000000000034
CC(C)CC(=O)NC1CC2C(CC1F)CCC(=O)N2,-131.62,386.983,412.749,25.76600000000002
FC1CCCNC1N1CCCSCC1,-131.69,387.902,403.804,15.901999999999989
O[C@@H]1CCN(C2NC3C(F)CCCC3O2)C1,-131.73,393.061,390.918,-2.1429999999999723
O=S(=O)(NC1NCCCC1F)C1CCC2C(C1)CCC2,-131.79,395.857,393.728,-2.129000000000019
O[C@@H]1CCN(C2NCC(Cl)CC2F)C1,-131.94,403.031,416.198,13.166999999999971
CC(CC#N)NC1NC2C(F)CCCC2O1,-131.97,401.316,400.623,-0.6929999999999836
CC1CCC(F)C(NC(=O)NCC2CN[NH]C2)C1,-132.14,392.82,412.195,19.375
NC1CCN(-C2CCC(F)CN2)N1,-132.17,390.344,397.554,7.2099999999999795
CC(O)CC1CCCN1C1NCCCC1F,-132.43,385.515,395.268,9.752999999999986
CC(=O)NC1CCC(OC2CCCC2)C(F)C1,-132.85,380.77,388.524,7.754000000000019
OCC1CCNCC1F,-132.88,403.613,402.383,-1.2300000000000182
N#CC1CCC(OC[C@H]2C[C@@H](O)C2)C(F)C1,-133.14,406.687,390.382,-16.305000000000007
Cl.NC1NN(-C2CCC(F)CC2)C2C1CCC2,-133.24,389.613,411.863,22.25
N#CC1CNC(N2CCCC2)C(F)C1,-133.26,390.06,386.845,-3.214999999999975
N#CC1CCC(NC2CCN(C(=O)C3CC3)CC2)C(F)C1,-133.31,388.689,393.909,5.21999999999997
O=C(NC1CCC(F)CN1)N1CCOC(C2CCCO2)C1,-133.5,390.529,396.702,6.173000000000002
CN(CC1CSCN1)C(=O)NC1CCC(F)CN1,-133.58,392.411,400.8,8.38900000000001
CNC(=O)NC1CCC(OC2CCC2)C(F)C1,-133.62,405.313,386.947,-18.365999999999985
C[C@@H]1CN(C(=O)NC2CCC(F)CN2)C[C@H](C)O1,-133.66,400.994,400.992,-0.0020000000000095
COC1CCC(F)C(NC(=O)C2CCNCC2Cl)C1,-133.71,402.333,399.872,-2.4610000000000127
CN1CC(C2CCCN2C(=O)NC2CCC(F)CN2)CN1,-133.75,383.218,400.993,17.774999999999977
CC(=O)N1CCC(NC2CCCCC2F)CC1,-133.76,383.481,398.012,14.531000000000006
CN1C(N)NC2C(F)CCCC21,-134.09,393.826,393.572,-0.2540000000000191
NC(=O)CN1CCOC2C(F)CCCC2C1,-134.1,390.58,392.819,2.2390000000000327
COCC1(C)CCN(C2NCCCC2F)C1,-134.14,385.36,417.913,32.553
CC1(CNC2CCC(C#N)CC2F)COC1,-134.15,391.965,402.164,10.199000000000012
O=C(O)C1CCC(F)C2OCCC12,-134.19,409.473,398.528,-10.944999999999991
CC1CCC(NCC2CNNN2C)C(F)C1,-134.38,409.262,407.703,-1.559000000000026
COC1CCC(F)C(NC(=O)C2CCCOC2)C1,-134.53,394.152,395.512,1.3600000000000136
CC1N[NH]CC1CNC1CCCCC1F,-134.54,395.836,415.077,19.240999999999985
CC(OC1CCCCC1F)C(=O)N1CCCC1,-134.57,416.575,385.146,-31.428999999999974
CC1NN(C)CC1CNC1CCCCC1F,-134.62,405.581,385.928,-19.65300000000002
COC1CCC(F)C(NC(=O)N2CCC3(CCOC3)C2)C1,-134.65,403.022,414.214,11.192000000000007
CC1CCC(NCC2NCNN2C)C(F)C1,-134.66,409.605,400.664,-8.941000000000031
COC1CCC(NC(=O)NC2CC2)CC1F,-134.83,391.82,393.652,1.8319999999999936
FC1CCCCC1NCC1CSCN1,-134.84,392.167,395.972,3.805000000000007
COC1CCC(NC(=O)N2CCCC(C)C2)CC1F,-134.85,389.596,386.551,-3.045000000000016
O=C1CCC2CC(NCC3CCCO3)C(F)CC2N1,-134.94,389.887,389.263,-0.6240000000000236
CC1CNC(CNC2CCCCC2F)NC1,-134.95,411.746,410.969,-0.7769999999999868
CC1N[NH]C(C)C1NC(=O)NC1CCC(F)CN1,-134.99,392.1,404.928,12.827999999999976
COC1CCC(NC(=O)N2CCOC(C)C2)CC1F,-135.05,388.758,408.324,19.56600000000003
CC1CCCCN1C(=O)CNC1CCCCC1F,-135.28,384.498,377.588,-6.909999999999968
O=C(COC1CCCCC1F)N1CCOC2CCCCC21,-135.3,387.14,378.202,-8.937999999999988
O=C(COC1CCCCC1F)N1CCCC1,-135.33,381.28,409.79,28.510000000000048
CC(C)N1CCC(NC(=O)NC2CCC(F)CN2)C1=O,-135.33,393.452,396.657,3.204999999999984
COC1CCC(C(=O)N2CCCC(C)C2)CC1F,-135.36,411.758,385.3,-26.45799999999997
CC(NC(=O)NC1CCC(F)CN1)C1CCCCN1,-135.42,378.083,398.801,20.71799999999996
NC1CC2C(CC1F)NC(=O)CC2,-135.44,412.761,412.761,0.0
O=C(COC1CCCCC1F)N1CCC1,-135.47,386.717,385.483,-1.2339999999999804
O=C1CC2C(Cl)CCC(F)C2N1,-135.55,393.767,398.563,4.795999999999992
O=C(NC1CCC(F)CN1)NC1CCC2[NH]NCC2C1,-135.61,392.046,398.881,6.83499999999998
COC1CCC(CN2CCNC2)CC1F,-135.63,393.436,388.938,-4.497999999999991
COC1CCC(CN2C(=O)NC3(CCCC3)C2=O)CC1F,-135.66,412.721,389.648,-23.07299999999998
COC1CCC(S(=O)(=O)NC2CC=CC2)C(C)C1F,-135.98,421.276,400.908,-20.367999999999995
CCCCCCCCC(F)N1C=NC2=CC=CC=C21,-136.0,379.112,380.227,1.1149999999999525
COC1CCC(CN(C)C(=O)N2CCOCC2)CC1F,-136.11,390.562,385.288,-5.274000000000001
O[C@@H]1CC[C@H]1NC1NCC(Cl)CC1F,-136.2,378.666,412.361,33.69499999999999
COC1CCC(CC(=O)N2CCC2)CC1F,-136.21,385.574,385.574,0.0
C[C@@H](CO)NC1NCC(Cl)CC1F,-136.27,388.132,405.303,17.170999999999992
OC[C@@H]1C[C@H]1NC1NCC(Cl)CC1F,-136.29,395.089,381.235,-13.853999999999983
CC(=O)N1CC(C)OC2C(F)CCCC21,-136.38,393.458,405.478,12.019999999999982
O=C1NCCC[C@@H]1NC1NCC(Cl)CC1F,-136.6,409.536,389.445,-20.091000000000008
O=C(C1CC2CCCC(F)C2O1)N1CCCC1,-137.16,397.35,411.477,14.126999999999953
Cl.O=C(O)CC1CN2CC(F)CCC2N1,-137.38,394.963,394.963,0.0
COC1(C)CN(C2NCCCC2F)C1,-137.41,389.631,416.251,26.620000000000005
N#CC1CNC(NC2CC23CC3)C(F)C1,-137.43,394.77,395.426,0.6560000000000059
CC1CCOC1C(=O)N[C@H]1CCOC2C(F)CCCC21,-137.71,410.073,406.139,-3.933999999999969
NC(=O)N[C@H]1CCOC2C(F)CCCC21,-137.72,410.243,409.297,-0.9459999999999696
O=C(CNC1CCCC(Cl)C1F)N1CCNC1=O,-137.93,385.844,390.468,4.624000000000024
CC(=O)NC(C)C1CC2CCCC(F)C2O1,-138.08,385.802,393.657,7.854999999999961
O=C(O)C1CCOC2C(F)CCCC21,-138.82,386.25,393.269,7.0190000000000055
CC1CC(NC2NCCCC2F)CCO1,-138.82,398.048,393.806,-4.242000000000019
CC(C)(C(=O)NC1CCNCC1F)C1CCCS1,-138.87,399.749,414.094,14.34499999999997
COC1CC(NC(=O)C2SCNC2C)CCC1F,-138.89,393.402,403.816,10.413999999999987
COC1CCCC(C(=O)N2CC(C)C2)C1F,-138.94,384.974,405.876,20.901999999999987
CC(NC1NCCCC1F)C1CCN(C)N1,-139.09,386.905,414.255,27.350000000000023
OC[C@H]1C=C[C@@H](NC2NCCCC2F)C1,-139.2,391.661,416.932,25.27100000000001
N#CCCN1CC(F)(C2CCCCC2)C1,-139.32,384.496,371.084,-13.411999999999978
CC1CCCC(NC2CCNC2=O)C1F,-139.35,397.274,397.182,-0.0919999999999845
OC[C@@H]1C[C@H]1NC1NCCCC1F,-139.38,389.024,414.093,25.069000000000017
OC1(CNC2NCCCC2F)CCSC1,-139.39,400.802,416.57,15.767999999999972
COC1CC(NC(=O)C2CCOC2)CCC1F,-139.42,412.511,412.554,0.0429999999999495
CC1CNCC(CNC2NCCCC2F)C1,-139.45,397.862,386.99,-10.872000000000014
COC1CCC(C(=O)NC2CCNCC2F)CC1,-139.48,393.391,401.364,7.972999999999956
CC1NOC(C)C1CNC1NCCCC1F,-139.48,404.032,416.6,12.56800000000004
O=C1NCCC[C@@H]1NC1NCCCC1F,-139.5,385.07,403.723,18.65300000000002
FC1CNC2[NH]CCC2C1,-139.52,399.475,404.963,5.488
FC1CCCNC1NCC1CCCCN1,-139.55,396.659,397.436,0.7769999999999868
OCC1CNC2CCC(F)CN12,-139.56,398.949,398.951,0.0020000000000095
C[C@@H](O)CNC1NCCCC1F,-139.62,397.643,392.352,-5.290999999999997
CC1NOC(CNC2CCCC(C)C2F)N1,-139.62,422.848,425.778,2.930000000000007
CC1CCCC(NCC2CNCN2C)C1F,-139.64,393.852,402.05,8.198000000000036
FC1CCCNC1NCC1CCOCC1,-139.66,391.186,417.382,26.196000000000023
COC1NCCCC1F,-139.68,394.662,395.375,0.7130000000000223
CC1CCC(F)C(NCC2CCCNC2C)C1,-139.74,415.752,387.792,-27.96000000000004
CC1CCC(F)C(OCC2NNC(C)O2)C1,-139.75,397.964,384.847,-13.11700000000002
CC(C(=O)NC1CCNCC1F)C1CCOCC1,-139.83,410.033,415.159,5.125999999999976
COC1CCCC(C(=O)N2CCC(C)(O)C2)C1F,-139.92,384.525,389.52,4.9950000000000045
CC1CCC(F)C(OCC2CNNN2C)C1,-139.94,411.99,412.421,0.4309999999999832
FC1CCC(N2CCNCC2)NC1,-140.02,379.514,399.165,19.65100000000001
CC1CCC(F)C(OCC(=O)N2CCCC2)C1,-140.08,390.813,403.495,12.682000000000016
O=C(CC1CCOC1)NC1CCNCC1F,-140.76,414.938,414.662,-0.2760000000000104
CN(CC1CCCNC1)C(=O)NC1CCNCC1F,-140.78,392.639,396.722,4.08299999999997
CN(CC1CCC(C#N)CC1)C(=O)NC1CCNCC1F,-140.8,406.888,413.748,6.860000000000014
C[C@@H]1CN(C(=O)NC2CCNCC2F)C[C@H](C)O1,-140.98,392.34,417.028,24.688000000000045
O=C(NC1CCNCC1F)N1CCOCC1C1CC1,-141.0,406.866,407.387,0.521000000000015
CC1CCCN(C(=O)NC2CCNCC2F)CC1,-141.23,382.433,413.913,31.480000000000015
CC1CCC2C(C1F)NCCC2,-141.32,405.745,422.162,16.416999999999973
NC1CCC2C(C1F)CCNC2=O,-141.86,403.868,405.98,2.112000000000023
CCC1NCNC(-N2CCNC2)C1F,-141.88,386.811,406.541,19.730000000000015
CC1CC(CO)CN(C2CCC(F)CN2)C1,-141.92,397.199,401.952,4.752999999999986
CC1CCC(F)C2OC(C(=O)O)CC12,-142.1,399.719,395.104,-4.615000000000009
Cl.FC1CNC2C(C1)CCN2,-142.61,301.439,390.32,88.88099999999997
COC1CCC(F)C(NC2CCNC2=O)C1,-143.91,419.601,416.463,-3.137999999999977
CN(CC1NCCN1C)C1CCC(F)CN1,-144.27,388.889,397.437,8.548000000000002
CC(C)CNC1CCC(F)CN1,-144.41,398.692,398.43,-0.2620000000000004
O=C(NC1CCNCC1F)NC1CC1C1CCCCC1,-144.43,391.857,400.84,8.982999999999947
CC(C)N1CCC(NC(=O)NC2CCNCC2F)C1=O,-144.72,394.482,414.824,20.341999999999985
O=C(NCC1CCN2CCNC2C1)NC1CCNCC1F,-144.84,385.418,414.532,29.113999999999976
COC1CC(OC)C(NC(=O)N2CCCC2)CC1F,-145.06,411.539,374.32,-37.219
O=C(CN1CC(F)CCC1=O)N1CCCC2CCCCC21,-146.27,395.95,390.836,-5.113999999999976
CC1NC(C)C(F)C(-N2CCNC2)N1,-146.85,411.083,379.053,-32.03000000000003
COC1CC(NC2CCNC2=O)CCC1F,-149.14,390.005,389.071,-0.9339999999999692
CC1NC(C)C(F)C(N2CCSCC2)N1,-149.58,399.49,409.601,10.11099999999999
COC1CCNC(CO)C1F,-151.41,429.34,398.249,-31.09099999999995
CC1CC(NC2NCC(F)CN2)CS1,-155.0,396.472,403.58,7.108000000000004
FC1CNC(NCC2CC23CC3)NC1,-155.91,400.196,397.683,-2.5130000000000337
CCC(F)(CC)CC,-156.0,395.96,376.452,-19.50799999999998
FC1CNC(N2C[C@@H]3C[C@H]2CS3)NC1,-156.52,403.746,403.746,0.0
CC1(C)CN(C2NCC(F)CN2)CCS1,-156.95,403.42,403.364,-0.05600000000004
CN(CC1CCON1)C(=O)C1CC(F)C[NH]1,-164.27,408.501,385.093,-23.40799999999996
NC1[NH]C(=O)NCC1F,-168.4,413.225,415.574,2.348999999999989
O=C(NC1[NH]C(=O)NCC1F)C1CCCC2C1CCC2,-169.65,412.359,411.195,-1.1639999999999873
[H]/C(F)=C(/[H])F,-186.0,372.095,372.093,-0.0020000000000095
F/C=C/F,-186.0,372.115,372.115,0.0
FCBr,-191.0,372.767,372.767,0.0
FCI,-191.0,376.577,376.608,0.0310000000000059
CC1=CC([SH](CF)C2=CC=CC=C2)=C(C)C(C)=C1C,-207.0,385.699,406.324,20.625
[H]C(F)(CCCCCC)P(=O)(OCC)OCC,-228.0,416.936,406.278,-10.65799999999996
