feature,importance
Morgan_32,0.07768954863987232
ECFP_F_32,0.0718195757594096
MACCS_87,0.056801068808767924
Morgan_429,0.030298043689736837
ECFP_F_429,0.029891512448461794
shielding_value,0.0272885916156615
Morgan_114,0.02404103038588258
ECFP_F_649,0.021399512717846913
Morgan_833,0.021398444979132413
MACCS_128,0.019237326463711266
Morgan_301,0.01853321373863388
Morgan_58,0.018238200759514975
ECFP_F_386,0.01703776883914128
MACCS_163,0.016175723279777975
Morgan_926,0.014960105009756256
MACCS_112,0.012216045355770125
Morgan_1019,0.011775175892987379
MACCS_147,0.010675015257434748
Morgan_142,0.010616588758362017
ECFP_F_598,0.01042351186784011
Morgan_743,0.010355240977547357
MACCS_118,0.010321811338535816
Morgan_26,0.010173332795194914
ECFP_F_572,0.010112395733514181
MACCS_129,0.009871669568790934
ECFP_F_26,0.009694587479502553
MACCS_158,0.00956563800446361
Morgan_268,0.008428117074576948
MACCS_111,0.007821204411692262
Morgan_2,0.007310410581947947
RingCount,0.007116960258158271
MACCS_106,0.007042213019322153
MACCS_161,0.006750073383427466
MACCS_150,0.006106596654348525
Morgan_773,0.005696714626800585
MACCS_156,0.004995640711176652
MACCS_117,0.004955318343849903
Morgan_849,0.0047091758460678
MACCS_162,0.003991881079520887
ECFP_F_500,0.003990547254085704
ECFP_F_49,0.003989339453091879
ECFP_F_17,0.0039432807361107144
MACCS_145,0.0037771095781926195
MACCS_90,0.0037630656655117407
ECFP_F_57,0.003712666936716861
Morgan_1,0.0036290184904753894
MACCS_133,0.003572108897631402
Morgan_128,0.003367047350420435
MACCS_100,0.003298348631130064
Morgan_482,0.0032831031524471134
Morgan_523,0.0032830404213766004
MACCS_104,0.003161800584002588
MACCS_110,0.0030387850973223316
TPSA,0.0029945006085931015
MACCS_91,0.002994483948225811
Morgan_4,0.002993598466087969
MACCS_151,0.0027558750942235036
ECFP_F_850,0.002732047835059898
MolWt,0.0026472062430015976
MACCS_137,0.00256722361950144
ECFP_F_706,0.0024063232651521543
NumHAcceptors,0.0023058220949637386
Morgan_726,0.0023043576073072535
Morgan_64,0.0022987652751252307
Morgan_914,0.002248914067848741
MACCS_165,0.0022461693413027687
ECFP_F_215,0.002160155111093054
MACCS_107,0.002030328117183537
Morgan_208,0.001865039068770301
LogP,0.0016775563339256133
MACCS_121,0.001606985902369354
Morgan_650,0.0015885515874044652
Morgan_72,0.0015597887441236957
ECFP_F_251,0.0015089604413809324
MACCS_159,0.0014708363512469396
MACCS_142,0.0014663478856551601
Morgan_39,0.0014514069467565214
MACCS_153,0.001436523114571233
MACCS_85,0.0014342562501305765
Morgan_494,0.0014284661016263419
ECFP_F_466,0.0013960519617137398
MACCS_92,0.001369656798710935
MACCS_164,0.0013578609187463975
Morgan_893,0.0013475188621576326
ECFP_F_519,0.0013410423536128464
ECFP_F_356,0.0013336092093426657
Morgan_540,0.001327554138608446
ECFP_F_399,0.001312077177107157
Morgan_215,0.0013073135661526031
ECFP_F_469,0.0012914591529628215
Morgan_340,0.0012516033474929405
MACCS_98,0.0011977190689071654
MACCS_136,0.0011749372987835557
ECFP_F_1005,0.0011704491556900354
MACCS_108,0.001157030917894694
NumRotatableBonds,0.0011284664950898626
ECFP_F_578,0.0011066404143394656
Morgan_910,0.001098401942301265
Morgan_807,0.0010901301247497578
MACCS_82,0.001057159426801776
MACCS_86,0.0010396504849598804
Morgan_50,0.0010122747287509928
Morgan_140,0.0009984472647573913
ECFP_F_767,0.0009877500533396625
MACCS_138,0.0009767455900720802
Morgan_356,0.0009614381572421869
Morgan_285,0.0009462048119244696
NumHDonors,0.000935463836179401
MACCS_131,0.0009324204168931168
ECFP_F_432,0.0009277794343809619
Morgan_869,0.0008918589372436402
MACCS_37,0.0008859910940136657
MACCS_75,0.0008715366741648068
Morgan_61,0.0008586587203459585
ECFP_F_111,0.000858598474870159
MACCS_66,0.0008305104439302086
Morgan_251,0.0008277334382305519
ECFP_F_699,0.0008227629487742315
ECFP_F_741,0.0008198675519922905
Morgan_456,0.0008197160086832275
Morgan_800,0.0008109565287264286
MACCS_77,0.0008034035073145431
Morgan_739,0.0007954741498056474
ECFP_F_7,0.0007936092064529385
Morgan_752,0.0007890635439330964
MACCS_95,0.0007846937442405786
Morgan_389,0.0007828040232738501
MACCS_122,0.0007796692114282703
Morgan_90,0.0007781733596989525
Morgan_379,0.000777972121706889
Morgan_890,0.0007721302581937116
Morgan_318,0.0007627410184742159
Morgan_699,0.0007607875060494913
Morgan_362,0.0007561109588181105
MACCS_97,0.0007555697749987719
Morgan_175,0.0007516422795238557
ECFP_F_209,0.0007514224144817805
Morgan_470,0.0007446696995474145
Morgan_532,0.0007437539586602907
ECFP_F_1019,0.0007436383636413483
Morgan_799,0.0007357961385630754
Morgan_387,0.0007257071400380606
Morgan_378,0.0007221616250163413
Morgan_33,0.0007162077567711389
MACCS_116,0.0007113652030311256
Morgan_585,0.0007067230992940741
Morgan_936,0.0007038843153742396
ECFP_F_974,0.0006997896829212645
Morgan_974,0.0006994806553561826
MACCS_132,0.0006839026041048937
ECFP_F_260,0.0006756650753656831
MACCS_83,0.0006558191064533291
Morgan_483,0.00065559640399914
MACCS_160,0.0006480442311493674
Morgan_204,0.0006398291439061918
Morgan_659,0.0006344617640116974
Morgan_138,0.0006276799464403144
Morgan_935,0.0006270432358739722
ECFP_F_396,0.000625476897380493
Morgan_36,0.0006233024362011992
MACCS_101,0.0006177567748646402
Morgan_212,0.0006132937004636341
MACCS_96,0.0006103167457375277
Morgan_1012,0.0006048462879780365
MACCS_105,0.0005985179310044365
Morgan_80,0.00059587590632319
Morgan_5,0.000585245290886932
Morgan_213,0.0005846274038378494
ECFP_F_869,0.0005826760822657956
MACCS_157,0.0005720385852765948
MACCS_148,0.0005680018027291837
Morgan_577,0.0005631476926562361
Morgan_717,0.000556996598221422
Morgan_588,0.0005476823550712261
ECFP_F_319,0.0005467348131954497
ECFP_F_912,0.0005461357966318429
Morgan_679,0.0005369752934753964
Morgan_903,0.0005361409801335097
Morgan_610,0.0005288297742044653
MACCS_65,0.0005267772403488656
Morgan_305,0.0005257519031746711
MACCS_120,0.0005230856099896459
MACCS_155,0.0005226391149815749
Morgan_294,0.0005218945437437555
MACCS_149,0.0005207753846866215
Morgan_580,0.0005191100497616379
Morgan_835,0.0005185038889995022
MACCS_154,0.0005165838354454184
Morgan_147,0.0005130858390010343
Morgan_207,0.0005079196542746117
ECFP_F_43,0.0005041370370206395
MACCS_93,0.0004956887497656248
Morgan_66,0.0004936695147880966
Morgan_38,0.0004893092193810198
Morgan_284,0.0004873924466297401
Morgan_250,0.0004870777835809353
MACCS_79,0.00048410522818822204
Morgan_195,0.0004840793946063038
ECFP_F_625,0.0004779942229391251
MACCS_115,0.0004729740061323
Morgan_1023,0.00047076884445861625
MACCS_62,0.00046953011672621345
MACCS_139,0.0004676640991922657
ECFP_F_928,0.00046624143746264765
Morgan_689,0.0004624835871300211
Morgan_656,0.0004608133021494601
MACCS_103,0.00046032509041498825
MACCS_28,0.00045807547140034655
MACCS_109,0.0004560781389453196
Morgan_9,0.0004521060327879393
MACCS_57,0.0004496342844499976
Morgan_950,0.0004486506144763022
Morgan_556,0.0004437698824246918
Morgan_581,0.0004430110379176625
Morgan_197,0.00043893256339257023
ECFP_F_460,0.0004385395979984021
ECFP_F_886,0.0004326179491110805
ECFP_F_442,0.00043049568190429803
MACCS_99,0.0004282170605816053
MACCS_43,0.0004258694512992676
ECFP_F_488,0.0004243187025365179
MACCS_53,0.0004236601484952434
MACCS_80,0.000416363275532296
ECFP_F_3,0.00041443254449546055
MACCS_76,0.00041319584830419045
Morgan_401,0.00040774505159106247
MACCS_125,0.00040572895629511997
Morgan_124,0.0004038824287816057
MACCS_124,0.0003939227131452106
MACCS_166,0.0003935822975226241
Morgan_952,0.0003920245387774074
MACCS_88,0.0003879592607752572
Morgan_531,0.00038604664985753044
MACCS_54,0.00038327475421110244
MACCS_152,0.0003811016003133323
Morgan_29,0.00037941003417181723
Morgan_528,0.00037629477463098197
Morgan_625,0.00037361947259165933
ECFP_F_617,0.00037334625969288746
ECFP_F_324,0.00037240181375844254
ECFP_F_422,0.00037230502242840133
MACCS_126,0.0003717096493943402
MACCS_33,0.0003712640169698271
Morgan_661,0.0003694568688944599
Morgan_723,0.00036906228284150214
MACCS_27,0.0003681346714384851
ECFP_F_213,0.0003676322939237409
MACCS_127,0.0003653614477855477
Morgan_226,0.000364604208555116
Morgan_155,0.0003634517310428482
Morgan_545,0.00036249999447679157
Morgan_451,0.00036145767376473815
Morgan_830,0.0003612907779121472
ECFP_F_815,0.00035807614160321454
Morgan_360,0.000358024245558737
MACCS_11,0.00035564440767625057
Morgan_283,0.0003546649971346831
Morgan_481,0.00035379887239089737
Morgan_314,0.00035369694594999566
Morgan_349,0.00035348975961108374
ECFP_F_156,0.0003524830105468172
MACCS_8,0.0003491400985540969
Morgan_424,0.000346509877215291
Morgan_519,0.0003444437881408889
ECFP_F_290,0.000344167758977975
Morgan_57,0.00034274858136469914
ECFP_F_969,0.00034106846845106427
MACCS_94,0.00034027070190416656
Morgan_272,0.00033958817419676366
Morgan_206,0.0003389938347401327
MACCS_143,0.00033798618334154895
Morgan_600,0.00033715072940538183
Morgan_802,0.0003364678589958531
Morgan_728,0.0003337236007707038
ECFP_F_355,0.00033292636649278354
ECFP_F_9,0.0003309534429256636
Morgan_182,0.00033035840991523196
Morgan_139,0.0003291525592607851
ECFP_F_216,0.0003279222116404682
Morgan_514,0.0003274245185181971
Morgan_104,0.000327309987654824
MACCS_69,0.0003242099052965456
Morgan_795,0.0003236302387910446
MACCS_55,0.00032237775315794356
MACCS_144,0.00032007101857727975
Morgan_249,0.00031974135500259076
Morgan_507,0.00031972587951747353
Morgan_261,0.00031766961775119864
Morgan_985,0.00031469253930218834
Morgan_991,0.0003127715481220118
Morgan_677,0.0003124475123619697
Morgan_324,0.0003100014415324656
Morgan_3,0.0003077105886168499
Morgan_54,0.00030673970719889704
MACCS_84,0.000304487750584792
Morgan_131,0.0003010750191339214
Morgan_590,0.0002978149119489289
MACCS_38,0.0002949882067699712
MACCS_123,0.0002939448365421449
ECFP_F_834,0.00029259156636748793
Morgan_602,0.00029025868926676974
ECFP_F_56,0.00028969424427254437
Morgan_675,0.0002876796394644699
Morgan_452,0.0002868752689702183
Morgan_808,0.0002867256533681698
ECFP_F_397,0.00028602084440937695
Morgan_382,0.0002850434384549408
MACCS_36,0.00028225350949244844
Morgan_280,0.0002818773952581786
Morgan_920,0.0002807789775144187
Morgan_1013,0.0002801269670358213
MACCS_114,0.0002797153426614579
Morgan_810,0.00027928964985328105
Morgan_965,0.00027912072509328657
ECFP_F_968,0.00027863107809996806
Morgan_586,0.00027854161560168046
Morgan_242,0.0002783652947061618
Morgan_51,0.000277968952856673
Morgan_102,0.0002771770549570808
MACCS_81,0.0002765091068676364
Morgan_695,0.00027160006296504896
MACCS_22,0.00027087894515483423
Morgan_130,0.0002693582433599155
Morgan_829,0.0002690650412675769
Morgan_447,0.0002676295593921997
ECFP_F_198,0.00026679697598258026
Morgan_1009,0.00026622659326638485
MACCS_119,0.0002657232157771805
ECFP_F_433,0.000264647099666534
Morgan_70,0.0002646466101249703
MACCS_60,0.0002638716583416647
Morgan_521,0.000263482541723162
Morgan_698,0.0002627317553838965
Morgan_725,0.0002578809673410421
Morgan_908,0.00025779645595222603
Morgan_119,0.00025775495164007806
MACCS_41,0.0002568694174150264
Morgan_794,0.0002551424743183685
ECFP_F_163,0.0002547847997988499
Morgan_764,0.0002543815209040731
MACCS_130,0.00025319103456004547
Morgan_789,0.0002526609870693785
Morgan_694,0.0002524278739100594
Morgan_649,0.00025183497957895836
Morgan_901,0.00025108222804833756
Morgan_149,0.0002498846184369863
Morgan_887,0.00024967027958282083
Morgan_306,0.00024955717522495555
Morgan_652,0.00024924135902757057
MACCS_67,0.00024793569235305956
ECFP_F_234,0.00024718062537601183
Morgan_622,0.0002460232714171015
MACCS_102,0.00024531761285730944
ECFP_F_555,0.00024432970097577336
MACCS_52,0.00024405599179109488
Morgan_790,0.0002428240751940953
Morgan_674,0.0002419396174465643
MACCS_47,0.0002411672732564285
Morgan_420,0.00024078478347458004
Morgan_69,0.0002406425249930241
Morgan_350,0.0002404431776901095
ECFP_F_331,0.00023918362666678725
Morgan_344,0.0002389797189772991
Morgan_31,0.00023870877522339464
Morgan_110,0.0002383546289620007
ECFP_F_308,0.0002381555907296282
ECFP_F_703,0.00023625791356650822
MACCS_32,0.00023548068782292583
ECFP_F_258,0.00023508713610403308
Morgan_446,0.00023502151594869766
Morgan_222,0.00023393764066404496
Morgan_171,0.00023300149755074316
Morgan_233,0.00023240209122225348
Morgan_665,0.0002323799268678298
Morgan_875,0.0002305048237126856
ECFP_F_654,0.00023017072096773197
ECFP_F_88,0.0002298243615779472
ECFP_F_687,0.00022970424071688307
ECFP_F_73,0.0002289791572990779
MACCS_73,0.00022886754052374846
Morgan_755,0.00022774318841561395
Morgan_912,0.0002273550620144282
Morgan_841,0.00022624009462554682
Morgan_436,0.0002254954798305575
MACCS_46,0.0002254231811678671
Morgan_897,0.00022420576816133982
Morgan_862,0.00022281260409192887
Morgan_453,0.00022218308583818702
ECFP_F_237,0.00022128661355897604
ECFP_F_10,0.00022028387677214506
Morgan_440,0.00021691415533208193
Morgan_981,0.00021690217602971442
Morgan_937,0.0002167543483651906
ECFP_F_901,0.00021597825629096927
Morgan_591,0.00021558848681792843
Morgan_892,0.00021431908986671214
Morgan_266,0.0002139067908651635
Morgan_265,0.00021356167323544013
Morgan_998,0.00021324061965053237
ECFP_F_795,0.00021208548538016806
Morgan_883,0.00021160110956539992
Morgan_922,0.00021092605018708952
ECFP_F_783,0.00020961470516319322
Morgan_209,0.00020912312127501688
Morgan_37,0.0002089502979355224
ECFP_F_511,0.0002079061560902495
Morgan_385,0.00020781319966673833
Morgan_394,0.0002077497871573409
Morgan_371,0.00020742386941800746
MACCS_146,0.00020732850794292403
Morgan_492,0.00020700904155209802
MACCS_61,0.00020686573417952913
Morgan_363,0.000206363354384256
ECFP_F_59,0.00020559350570314297
Morgan_701,0.0002054771582405886
ECFP_F_726,0.00020469118113315314
ECFP_F_975,0.00020309167381804812
Morgan_888,0.00020265342836369116
ECFP_F_803,0.0002021863938284806
Morgan_163,0.00020012350278457623
ECFP_F_487,0.00020006715332305324
ECFP_F_902,0.00019989036195640908
Morgan_117,0.00019919368160159444
ECFP_F_288,0.000198658560938638
Morgan_118,0.0001982764099720307
Morgan_225,0.00019816137708151418
ECFP_F_219,0.0001942492918969816
Morgan_714,0.0001937882858802538
Morgan_148,0.00019331215286693198
ECFP_F_172,0.00019185822758365772
Morgan_289,0.00019130090491316322
Morgan_444,0.00019083829171255066
ECFP_F_965,0.0001903017017278932
Morgan_881,0.0001892182178692945
Morgan_804,0.00018909674242680635
Morgan_629,0.00018892560550931928
Morgan_98,0.0001886379892606702
Morgan_402,0.00018765963042944572
Morgan_537,0.00018706365631232231
Morgan_534,0.00018700609107835095
Morgan_296,0.00018671842288246437
Morgan_706,0.00018641695853730458
Morgan_381,0.0001863098553151139
Morgan_978,0.00018516034580220658
ECFP_F_336,0.0001850504076009037
Morgan_413,0.00018491981960891283
ECFP_F_551,0.00018304695800685488
Morgan_343,0.00018282758174170463
Morgan_642,0.00018167088697009732
Morgan_10,0.0001813965661814479
Morgan_375,0.00018119948830412313
Morgan_511,0.00018090163399841255
Morgan_141,0.00018073344865553357
Morgan_859,0.00018063114025287198
ECFP_F_518,0.0001802094987485552
Morgan_742,0.00018004410086690795
Morgan_745,0.00017952660894188005
Morgan_547,0.0001795240999965074
Morgan_719,0.00017870877028466577
Morgan_417,0.00017789967499628372
ECFP_F_899,0.00017780604100692726
ECFP_F_395,0.0001775667639457368
Morgan_663,0.00017573915089172693
Morgan_623,0.00017520764941640428
ECFP_F_417,0.00017473241300564353
Morgan_596,0.00017390121116909305
Morgan_463,0.00017309425522114987
Morgan_303,0.0001729144767090296
Morgan_606,0.00017280371744642542
Morgan_873,0.00017227292286189848
ECFP_F_333,0.0001717299797488052
Morgan_834,0.00017079144027164802
Morgan_870,0.00017073613868775366
Morgan_750,0.00017036061280667218
Morgan_662,0.00017003588396786667
ECFP_F_107,0.00017000670326323852
Morgan_292,0.0001688411112563861
Morgan_498,0.0001685205120866778
Morgan_331,0.00016825966828473124
ECFP_F_33,0.00016776646691131348
Morgan_101,0.00016741462457117566
Morgan_353,0.0001669844561891053
ECFP_F_146,0.00016651030090963199
MACCS_58,0.00016554531050844818
Morgan_647,0.000165061669352126
ECFP_F_1020,0.00016411431694866434
Morgan_472,0.00016212906025904553
Morgan_398,0.0001618769414411939
Morgan_812,0.00016045003830337932
ECFP_F_401,0.00015998430185504045
MACCS_51,0.00015956500904089617
Morgan_709,0.00015930140296690595
Morgan_442,0.00015829123502206653
MACCS_68,0.0001578900098670545
ECFP_F_89,0.0001575871627157984
Morgan_185,0.00015733874044976902
Morgan_129,0.00015687177187355425
ECFP_F_839,0.00015664910529600677
Morgan_232,0.00015639194028701088
Morgan_688,0.00015621853469446515
Morgan_83,0.00015529010996549885
Morgan_587,0.00015518766357302
Morgan_500,0.00015443851176718992
Morgan_640,0.00015443013020912324
Morgan_431,0.00015376957071771668
Morgan_911,0.00015329522348402744
Morgan_685,0.00015292184472843727
Morgan_564,0.00015272783416504128
Morgan_889,0.00015201298586413404
Morgan_27,0.00015177923741117736
Morgan_899,0.0001497544326370679
Morgan_863,0.00014935964203932457
Morgan_1004,0.00014924189065522813
Morgan_190,0.00014552654652209317
Morgan_821,0.0001449486162003334
Morgan_352,0.00014460772188001938
Morgan_817,0.0001441801739134807
Morgan_361,0.00014352334943665984
MACCS_74,0.00014350178906484903
ECFP_F_933,0.00014324316043840292
ECFP_F_61,0.00014291397316609563
ECFP_F_278,0.0001427218991597896
Morgan_687,0.00014150817228446367
ECFP_F_855,0.00014150236824488093
Morgan_121,0.00014117050975145424
Morgan_245,0.0001404627603624473
MACCS_64,0.0001403915528193419
ECFP_F_2,0.0001401492776942438
ECFP_F_240,0.0001395190670327069
Morgan_345,0.00013937700479649986
ECFP_F_890,0.0001391027674476827
MACCS_70,0.00013890143845971605
Morgan_497,0.00013820803090924867
ECFP_F_294,0.00013796494724384347
Morgan_471,0.0001374950758374291
Morgan_12,0.0001370748642595053
Morgan_73,0.0001357117275831313
Morgan_886,0.00013554242961576172
ECFP_F_97,0.00013532033177175875
ECFP_F_196,0.00013517474120474388
Morgan_1002,0.0001345740267917661
Morgan_746,0.00013448312585672944
Morgan_692,0.00013390874497936072
Morgan_253,0.00013376016925197072
Morgan_368,0.00013265880319049514
Morgan_818,0.00013265140268370681
Morgan_41,0.00013221591733420492
Morgan_672,0.00013195871389363323
Morgan_84,0.00013176888234790068
Morgan_933,0.00013134293185678003
ECFP_F_207,0.00013124732524209527
ECFP_F_144,0.00013095101150564995
ECFP_F_964,0.00013014402696717557
Morgan_954,0.0001297182813797805
Morgan_100,0.0001291886144806974
ECFP_F_766,0.00012843007356956045
ECFP_F_966,0.00012838989652418385
ECFP_F_446,0.00012805831186909184
Morgan_848,0.0001279624363527806
Morgan_383,0.00012708942081048684
ECFP_F_605,0.00012677482873755752
MACCS_141,0.00012654998591292912
Morgan_992,0.00012637708481380095
Morgan_923,0.0001263200759401458
ECFP_F_485,0.0001259391167113326
ECFP_F_128,0.00012585921184769762
ECFP_F_11,0.00012580669689717696
Morgan_71,0.00012529658916394395
Morgan_299,0.0001250726916610287
Morgan_336,0.0001243120112977587
Morgan_338,0.00012410478633443085
Morgan_310,0.00012375479672405775
ECFP_F_135,0.0001225589539032462
Morgan_392,0.00012235586914351065
ECFP_F_92,0.00012225302322903727
Morgan_329,0.00012215397126088312
Morgan_65,0.00012214123850274558
Morgan_929,0.00012170543495633476
MACCS_78,0.00012144702809822559
Morgan_852,0.00012133006480676334
Morgan_81,0.00012125791811067864
Morgan_513,0.00012028035895552265
Morgan_172,0.0001201091465334175
Morgan_328,0.00011978943640541856
Morgan_460,0.00011958974437203121
Morgan_525,0.00011946897350316824
Morgan_443,0.0001193596882975853
Morgan_956,0.00011910773158028243
Morgan_422,0.00011905396224106358
Morgan_832,0.0001183457951510329
Morgan_367,0.00011797046206156702
Morgan_469,0.0001179025932159705
Morgan_798,0.00011784526390881931
Morgan_825,0.00011770839772318713
ECFP_F_696,0.00011765890984248171
Morgan_757,0.00011761541333395371
Morgan_282,0.00011737933274509285
Morgan_300,0.00011727667057279143
Morgan_484,0.00011653611286411941
Morgan_549,0.00011617491167573541
Morgan_428,0.00011579005084069364
Morgan_846,0.00011576316729886397
Morgan_930,0.0001156149013809294
Morgan_455,0.00011558402022598392
Morgan_619,0.00011556171761078307
Morgan_479,0.00011548708165898569
ECFP_F_322,0.00011511079945016354
Morgan_866,0.00011383019697957905
ECFP_F_758,0.0001133819431848606
Morgan_503,0.00011279586407087554
Morgan_474,0.0001122848596260441
Morgan_860,0.00011186294689097015
Morgan_767,0.00011180710617335133
Morgan_781,0.00011156910497371276
Morgan_1017,0.00011154880040291456
Morgan_218,0.00011138399001761745
Morgan_416,0.00011132553684176301
Morgan_712,0.00011130188018283308
Morgan_962,0.0001112220164406686
Morgan_145,0.00011114058550545847
Morgan_403,0.0001107821898493778
Morgan_82,0.00011074804747754135
Morgan_993,0.00011029850302852266
Morgan_137,0.00011022175725755403
ECFP_F_1023,0.00011016382940778626
Morgan_638,0.00010968306761221157
Morgan_722,0.00010964083563588822
ECFP_F_253,0.00010952228717429743
Morgan_43,0.0001086972085803484
ECFP_F_159,0.00010857903794630425
Morgan_6,0.00010848944067383593
ECFP_F_945,0.00010837409514858285
Morgan_486,0.00010794369491412178
Morgan_753,0.00010780915497318784
ECFP_F_736,0.00010773841890889697
Morgan_271,0.00010762313714869786
Morgan_560,0.00010728793104414859
Morgan_184,0.00010622188711780153
Morgan_351,0.00010545189150721343
Morgan_831,0.00010509509532943266
Morgan_898,0.00010499073825933619
Morgan_1021,0.0001048362337501141
MACCS_24,0.00010457218364101792
Morgan_828,0.0001044100013385318
ECFP_F_762,0.00010437686459328774
Morgan_287,0.00010434062449509746
Morgan_384,0.0001040428879685102
ECFP_F_409,0.00010394993444949213
Morgan_669,0.00010382540722034583
Morgan_477,0.00010380118594823565
MACCS_89,0.0001034364526870749
ECFP_F_345,0.00010315482511651198
Morgan_716,0.00010306631100407216
ECFP_F_883,0.00010274329589622861
Morgan_608,0.00010269079994180924
ECFP_F_160,0.00010266397856569098
Morgan_553,0.00010256020086877766
Morgan_380,0.00010224117486345797
Morgan_785,0.00010216697862441471
Morgan_247,0.00010211667278848871
Morgan_13,0.00010143880029989686
Morgan_332,0.00010123517304318711
Morgan_593,0.00010061287377376054
Morgan_777,0.00010058600844860903
Morgan_579,0.00010058587701195769
Morgan_234,0.00010035882021291207
ECFP_F_192,0.00010028494653838671
Morgan_14,0.00010020511065378111
Morgan_157,9.982239466362668e-05
Morgan_667,9.948965645452898e-05
ECFP_F_80,9.948086002037896e-05
Morgan_551,9.909616415714182e-05
Morgan_297,9.90703838564978e-05
Morgan_201,9.906090435244492e-05
Morgan_787,9.90188224027326e-05
ECFP_F_550,9.863840502972727e-05
Morgan_738,9.852541005613161e-05
Morgan_437,9.820156924405154e-05
Morgan_176,9.811952229340926e-05
Morgan_406,9.797771300941162e-05
Morgan_454,9.789868683661844e-05
Morgan_369,9.779885879098322e-05
ECFP_F_809,9.779371676475682e-05
Morgan_611,9.70640327725309e-05
ECFP_F_470,9.684023959986937e-05
Morgan_243,9.663438582569767e-05
Morgan_996,9.636621432898039e-05
Morgan_276,9.635744188542613e-05
Morgan_17,9.612126540702498e-05
Morgan_574,9.574499193183307e-05
Morgan_326,9.514079611445329e-05
Morgan_11,9.504273045162563e-05
Morgan_927,9.490052943305458e-05
Morgan_327,9.480138196869752e-05
MACCS_72,9.464444747636969e-05
Morgan_508,9.414057604740073e-05
Morgan_657,9.389200289724213e-05
Morgan_972,9.386818404365676e-05
Morgan_597,9.37640765442513e-05
ECFP_F_763,9.356761250007489e-05
ECFP_F_805,9.351062338300409e-05
ECFP_F_520,9.26022545436474e-05
Morgan_949,9.250309681803462e-05
ECFP_F_285,9.246571004775916e-05
ECFP_F_836,9.238871087366576e-05
Morgan_418,9.217822634555592e-05
Morgan_241,9.192086036284894e-05
Morgan_680,9.18458286568236e-05
Morgan_259,9.168328956002384e-05
Morgan_961,9.159575340585445e-05
Morgan_838,9.157000384378115e-05
ECFP_F_4,9.152184928365555e-05
Morgan_333,9.135274483377414e-05
Morgan_730,9.057914738494019e-05
Morgan_214,9.049283809310788e-05
Morgan_666,9.02568852839769e-05
Morgan_1020,9.012134192895686e-05
Morgan_655,9.011446279161637e-05
Morgan_941,8.95986866243181e-05
Morgan_77,8.959169697640141e-05
ECFP_F_117,8.940340392493382e-05
Morgan_630,8.91356098027698e-05
Morgan_744,8.895357139130638e-05
Morgan_92,8.830210066409743e-05
ECFP_F_329,8.823430940098162e-05
Morgan_760,8.80068051411482e-05
Morgan_263,8.788779828559119e-05
Morgan_228,8.786502249874079e-05
Morgan_15,8.78413198126679e-05
Morgan_386,8.783141445341157e-05
Morgan_0,8.78283680040692e-05
Morgan_105,8.770285393271886e-05
Morgan_823,8.748241231251155e-05
Morgan_464,8.728434876377761e-05
Morgan_641,8.721485335241069e-05
Morgan_288,8.716593033082701e-05
Morgan_731,8.714617674351225e-05
Morgan_964,8.694404810040342e-05
ECFP_F_281,8.688402259668676e-05
Morgan_976,8.671775903097313e-05
Morgan_801,8.66255811602719e-05
Morgan_49,8.6556285647967e-05
Morgan_939,8.635625679773158e-05
Morgan_621,8.634581421049284e-05
Morgan_42,8.629974972735256e-05
Morgan_797,8.618118729088395e-05
Morgan_359,8.615331796677071e-05
MACCS_63,8.589206840418814e-05
ECFP_F_1022,8.553761894408621e-05
ECFP_F_738,8.519702991817563e-05
Morgan_815,8.470272733569086e-05
ECFP_F_458,8.468818315954372e-05
Morgan_354,8.444813624091861e-05
Morgan_733,8.444264337083195e-05
ECFP_F_78,8.403835713855382e-05
Morgan_181,8.39352033518677e-05
ECFP_F_585,8.346758086548817e-05
Morgan_975,8.339183487243945e-05
MACCS_56,8.333734894963892e-05
ECFP_F_960,8.308943699127993e-05
Morgan_407,8.282134776220808e-05
ECFP_F_402,8.275412534142306e-05
ECFP_F_557,8.241592050866063e-05
Morgan_878,8.239518448487581e-05
Morgan_334,8.222271727343856e-05
Morgan_123,8.193217618246426e-05
Morgan_693,8.191324757677625e-05
Morgan_430,8.185393198127285e-05
Morgan_842,8.174598908080682e-05
Morgan_982,8.162718624563916e-05
Morgan_643,8.158207827039309e-05
Morgan_309,8.087346760745002e-05
Morgan_943,8.081769730716254e-05
MACCS_71,8.07545288322045e-05
Morgan_252,8.074455003977357e-05
Morgan_576,8.055751879223665e-05
ECFP_F_276,8.043130340085311e-05
ECFP_F_208,8.011538967963444e-05
Morgan_761,8.002764667382768e-05
Morgan_809,7.949559849686845e-05
Morgan_664,7.935075799566879e-05
Morgan_108,7.886365612251042e-05
Morgan_896,7.87226327883999e-05
ECFP_F_352,7.849856722357111e-05
MACCS_19,7.795971226231894e-05
Morgan_589,7.78264785737598e-05
ECFP_F_521,7.7627297397483e-05
Morgan_792,7.761447144383134e-05
Morgan_955,7.759386455766853e-05
Morgan_87,7.74475568006697e-05
Morgan_116,7.74381248919353e-05
Morgan_782,7.720010556362892e-05
Morgan_837,7.714738708721662e-05
Morgan_715,7.700716495275793e-05
MACCS_25,7.636870755106968e-05
ECFP_F_930,7.626671015831737e-05
ECFP_F_454,7.616484982548267e-05
Morgan_646,7.615911064054935e-05
Morgan_308,7.49227663724308e-05
ECFP_F_643,7.447642061970703e-05
ECFP_F_634,7.443814742476702e-05
Morgan_20,7.438931997662976e-05
Morgan_425,7.426519826682674e-05
Morgan_979,7.407936776961558e-05
Morgan_67,7.386724179486911e-05
Morgan_127,7.374319408764797e-05
Morgan_311,7.366693198484807e-05
ECFP_F_410,7.364269187839814e-05
Morgan_931,7.322691726979843e-05
Morgan_219,7.315687062228411e-05
Morgan_475,7.30955224290912e-05
ECFP_F_34,7.283378460279534e-05
Morgan_490,7.261090565727727e-05
Morgan_824,7.258632116675553e-05
Morgan_448,7.250635765656857e-05
MACCS_29,7.246104717844279e-05
ECFP_F_279,7.201889469849186e-05
ECFP_F_311,7.20047874141895e-05
Morgan_864,7.157095953894654e-05
Morgan_776,7.156170688104209e-05
ECFP_F_581,7.096072352238192e-05
ECFP_F_903,7.079784101670606e-05
Morgan_997,7.048275546356647e-05
Morgan_502,7.047882692826131e-05
Morgan_412,7.022119605896765e-05
Morgan_143,7.001323732045345e-05
Morgan_803,6.988902041386145e-05
Morgan_55,6.971249756969364e-05
Morgan_162,6.952610737277029e-05
Morgan_230,6.952295455019376e-05
Morgan_826,6.887599764208031e-05
ECFP_F_592,6.879259089241482e-05
Morgan_748,6.830258723911276e-05
Morgan_120,6.815462632032194e-05
Morgan_480,6.809682768778378e-05
Morgan_861,6.779449535956647e-05
Morgan_932,6.75442271998795e-05
Morgan_264,6.749592258663189e-05
Morgan_258,6.717418594091356e-05
Morgan_1015,6.699091821467786e-05
ECFP_F_161,6.687130854512737e-05
Morgan_281,6.667795563102668e-05
Morgan_648,6.642342970514066e-05
Morgan_983,6.633412585869034e-05
Morgan_599,6.630614991416428e-05
ECFP_F_650,6.622025733875267e-05
Morgan_236,6.613022283566999e-05
Morgan_844,6.602701968475083e-05
Morgan_918,6.588887972561423e-05
Morgan_984,6.575233319565334e-05
ECFP_F_425,6.556020069511618e-05
Morgan_1000,6.535175207474558e-05
Morgan_319,6.509584850374936e-05
ECFP_F_538,6.501803723166882e-05
Morgan_115,6.485816708281142e-05
Morgan_631,6.474605251593032e-05
Morgan_986,6.461692677365996e-05
Morgan_765,6.441320644262928e-05
Morgan_357,6.364270310041141e-05
Morgan_917,6.348717770157299e-05
Morgan_223,6.334885662572466e-05
Morgan_763,6.306695544046246e-05
Morgan_179,6.301183697678613e-05
Morgan_74,6.300450151877454e-05
Morgan_21,6.294748313035944e-05
Morgan_60,6.292148544273822e-05
Morgan_346,6.289312972153367e-05
ECFP_F_1009,6.28803216273672e-05
Morgan_97,6.25724232898568e-05
Morgan_366,6.245647609684261e-05
Morgan_784,6.228671218104015e-05
Morgan_925,6.215216002724726e-05
Morgan_696,6.200546633314098e-05
Morgan_399,6.169423293296729e-05
Morgan_843,6.162004616861728e-05
ECFP_F_851,6.146446869079114e-05
Morgan_146,6.130675559748527e-05
MACCS_49,6.13035169466945e-05
ECFP_F_537,6.13021622923893e-05
Morgan_948,6.123868308570973e-05
Morgan_827,6.118039269141242e-05
MACCS_140,6.060029113019957e-05
Morgan_1010,6.027276381298011e-05
ECFP_F_858,6.0153356978037474e-05
Morgan_269,5.993087152314014e-05
Morgan_710,5.980493199252176e-05
Morgan_237,5.939276008812262e-05
Morgan_322,5.9293165647508456e-05
Morgan_211,5.920591642746504e-05
Morgan_1018,5.8922482637237965e-05
Morgan_365,5.888702485808981e-05
Morgan_793,5.78431903778423e-05
ECFP_F_657,5.780661117436803e-05
Morgan_907,5.768711401075776e-05
ECFP_F_479,5.767481393844387e-05
Morgan_372,5.7588850133232154e-05
Morgan_239,5.757787335237487e-05
Morgan_203,5.756486325245918e-05
Morgan_522,5.7349524407273224e-05
Morgan_315,5.732264375371635e-05
Morgan_476,5.7176360072303695e-05
Morgan_244,5.678191560802611e-05
ECFP_F_734,5.66810643610745e-05
Morgan_958,5.655832115481163e-05
Morgan_85,5.631282778587559e-05
ECFP_F_981,5.6290775405907585e-05
Morgan_946,5.584383372600962e-05
Morgan_562,5.5758766056600835e-05
Morgan_169,5.544146317466573e-05
Morgan_335,5.5303428970476384e-05
Morgan_573,5.512618558164791e-05
Morgan_634,5.488064170758819e-05
Morgan_747,5.4802819422819184e-05
Morgan_192,5.4774126198766804e-05
Morgan_52,5.470479812428517e-05
Morgan_337,5.469117500265795e-05
Morgan_676,5.440653932095528e-05
ECFP_F_958,5.424847428004731e-05
ECFP_F_361,5.380615992366152e-05
Morgan_323,5.369197097307781e-05
Morgan_945,5.334277276121385e-05
Morgan_874,5.322769730518744e-05
Morgan_891,5.2977186456022325e-05
ECFP_F_515,5.2855205774294605e-05
MACCS_50,5.2805980551655626e-05
Morgan_445,5.273267405500677e-05
Morgan_960,5.271154104375404e-05
MACCS_59,5.269533002813438e-05
ECFP_F_674,5.253141351928657e-05
ECFP_F_954,5.244668096807253e-05
Morgan_620,5.219027341017447e-05
Morgan_512,5.191712712892242e-05
Morgan_989,5.1493438818619554e-05
Morgan_248,5.148200170998291e-05
Morgan_53,5.1442435996127825e-05
Morgan_686,5.12051286156662e-05
ECFP_F_65,5.098764813250168e-05
Morgan_257,5.088034142116782e-05
Morgan_63,5.085401555750023e-05
Morgan_1014,5.0164406467939496e-05
Morgan_221,4.9972030643709164e-05
ECFP_F_793,4.9726954042665945e-05
Morgan_193,4.970398627910337e-05
ECFP_F_155,4.95559809504972e-05
Morgan_174,4.951176324784427e-05
Morgan_819,4.927456223656521e-05
Morgan_75,4.87313295163434e-05
ECFP_F_484,4.854050870046365e-05
ECFP_F_548,4.820774278481397e-05
Morgan_967,4.8166408482346234e-05
Morgan_1003,4.7689607761543075e-05
Morgan_969,4.7686335930166744e-05
Morgan_1008,4.713408219285794e-05
Morgan_152,4.703282221383209e-05
ECFP_F_917,4.6939556527745565e-05
Morgan_325,4.677946976341043e-05
ECFP_F_228,4.670468000949099e-05
Morgan_582,4.6656742951081036e-05
Morgan_341,4.663606964260386e-05
Morgan_231,4.661693415113549e-05
Morgan_46,4.6476812286407415e-05
Morgan_373,4.641544780325027e-05
Morgan_499,4.63083126128655e-05
ECFP_F_287,4.628581640959766e-05
Morgan_1001,4.6178085417744266e-05
ECFP_F_391,4.6105918252304536e-05
Morgan_654,4.6098626975556635e-05
Morgan_690,4.5879620752091696e-05
ECFP_F_632,4.586867463644873e-05
Morgan_355,4.572549164299942e-05
Morgan_56,4.568948423363832e-05
Morgan_177,4.567759714801677e-05
Morgan_187,4.564870799625428e-05
ECFP_F_447,4.558911334925229e-05
Morgan_342,4.5559119632927556e-05
Morgan_614,4.536892553163856e-05
Morgan_884,4.5159717512104316e-05
Morgan_779,4.499204236136941e-05
Morgan_320,4.476902654301971e-05
Morgan_106,4.4765197587253466e-05
Morgan_820,4.4642760218386144e-05
ECFP_F_878,4.460642273008451e-05
Morgan_637,4.44323603418161e-05
Morgan_216,4.431916960817873e-05
Morgan_697,4.403912148073432e-05
Morgan_934,4.3619357880947225e-05
Morgan_396,4.350684010543623e-05
Morgan_639,4.337277149437963e-05
ECFP_F_894,4.333008781953002e-05
Morgan_415,4.3248070981953324e-05
Morgan_995,4.319848480431519e-05
Morgan_865,4.294232813405961e-05
ECFP_F_118,4.284134267366226e-05
ECFP_F_197,4.271618056959331e-05
Morgan_194,4.258034149091919e-05
Morgan_312,4.2502398255462903e-05
Morgan_434,4.248074052931701e-05
Morgan_732,4.2369996731037306e-05
Morgan_505,4.222479636137595e-05
Morgan_59,4.215495866923291e-05
ECFP_F_823,4.182778728537931e-05
ECFP_F_859,4.170053736088808e-05
ECFP_F_817,4.15495340473043e-05
Morgan_45,4.137412942204572e-05
Morgan_421,4.106251928311877e-05
ECFP_F_72,4.086189106468373e-05
Morgan_916,4.07397667599456e-05
Morgan_229,4.059670095245338e-05
ECFP_F_816,4.037909741984092e-05
Morgan_563,4.0342279612924775e-05
Morgan_220,4.00384228055628e-05
Morgan_791,3.9969355105689506e-05
Morgan_769,3.99487275749189e-05
Morgan_254,3.975438335805568e-05
Morgan_376,3.973371710996942e-05
ECFP_F_133,3.958331238546919e-05
ECFP_F_309,3.958032150968575e-05
Morgan_321,3.952170701549888e-05
ECFP_F_388,3.9504158780732594e-05
Morgan_966,3.9492508150530904e-05
Morgan_847,3.936262528433374e-05
Morgan_734,3.927148600151814e-05
ECFP_F_935,3.926901932396011e-05
Morgan_495,3.926356267120024e-05
ECFP_F_203,3.925569954875924e-05
Morgan_632,3.910224824464437e-05
Morgan_183,3.896706246749836e-05
Morgan_684,3.8873803833056296e-05
ECFP_F_510,3.881192304795855e-05
ECFP_F_341,3.8792501879959396e-05
Morgan_635,3.875206495068455e-05
Morgan_468,3.865520263167552e-05
ECFP_F_800,3.840394963846321e-05
Morgan_735,3.818500851524862e-05
Morgan_260,3.790314498347419e-05
Morgan_94,3.789731876769408e-05
ECFP_F_589,3.7779242604703896e-05
Morgan_583,3.769682399963957e-05
Morgan_944,3.7619622599187924e-05
ECFP_F_957,3.758249677118466e-05
Morgan_624,3.7393086986204677e-05
Morgan_805,3.736743760280578e-05
Morgan_788,3.733139022037094e-05
Morgan_427,3.732104195172047e-05
Morgan_845,3.7319583181263744e-05
Morgan_575,3.719974142711003e-05
Morgan_970,3.714225434886275e-05
Morgan_23,3.700971987681136e-05
Morgan_16,3.700764238554167e-05
Morgan_806,3.69613696559888e-05
Morgan_411,3.690211732265432e-05
Morgan_536,3.686507493053268e-05
ECFP_F_660,3.685765573629151e-05
Morgan_594,3.658709362694684e-05
Morgan_516,3.643161264737067e-05
Morgan_772,3.631084382061721e-05
Morgan_62,3.618278871920763e-05
Morgan_374,3.596077976933392e-05
ECFP_F_612,3.5956388810499726e-05
Morgan_778,3.580825232342356e-05
Morgan_188,3.5711297017763694e-05
ECFP_F_794,3.563275693275352e-05
Morgan_433,3.5578756651669045e-05
Morgan_518,3.545050924717609e-05
Morgan_510,3.5437504210502e-05
Morgan_855,3.53538222808998e-05
Morgan_136,3.5331426397341566e-05
Morgan_780,3.518099194655385e-05
ECFP_F_18,3.514239968014113e-05
Morgan_40,3.491441982904764e-05
ECFP_F_712,3.48923095042997e-05
MACCS_135,3.477190000265311e-05
ECFP_F_99,3.475505660698311e-05
Morgan_200,3.465000180744733e-05
ECFP_F_255,3.4386127814130894e-05
Morgan_473,3.4380839189057836e-05
Morgan_316,3.428223865278269e-05
Morgan_255,3.413393021336787e-05
Morgan_370,3.38781211817719e-05
Morgan_377,3.377543704799891e-05
ECFP_F_936,3.375007200970563e-05
Morgan_419,3.369561728836509e-05
Morgan_485,3.367461855127358e-05
Morgan_186,3.362485648378513e-05
Morgan_751,3.360377086308846e-05
Morgan_95,3.353652910404683e-05
ECFP_F_618,3.340914550717814e-05
Morgan_423,3.3393073051952125e-05
ECFP_F_864,3.326148344424463e-05
Morgan_113,3.3232196633789366e-05
Morgan_749,3.3085676157367576e-05
Morgan_286,3.271642397759556e-05
Morgan_400,3.252827995336342e-05
Morgan_871,3.2500672506486985e-05
Morgan_708,3.246975615402937e-05
Morgan_775,3.2467761119999755e-05
Morgan_22,3.243558796171828e-05
Morgan_754,3.233275733440624e-05
Morgan_668,3.220092548162364e-05
Morgan_441,3.219823463684769e-05
Morgan_603,3.204554833164376e-05
Morgan_762,3.190475303603147e-05
Morgan_705,3.151631745793426e-05
Morgan_736,3.141329886473479e-05
Morgan_856,3.1365990994423704e-05
Morgan_246,3.130376480595329e-05
ECFP_F_247,3.1126647271664814e-05
Morgan_558,3.100774710279329e-05
ECFP_F_36,3.090584425956178e-05
Morgan_872,3.0869084225554156e-05
Morgan_112,3.0826026003843216e-05
ECFP_F_257,3.066177845998893e-05
ECFP_F_411,3.0589624939645e-05
Morgan_125,3.0576237107287275e-05
Morgan_909,3.0463572933860906e-05
Morgan_132,3.041895477493772e-05
Morgan_339,3.0168009459506607e-05
Morgan_615,3.0016962846468234e-05
Morgan_561,2.9739984089852553e-05
Morgan_307,2.970283721377376e-05
ECFP_F_887,2.9561151467181358e-05
Morgan_951,2.955146334310346e-05
ECFP_F_599,2.954543908750107e-05
Morgan_227,2.9375088387930617e-05
Morgan_737,2.9370393058251072e-05
Morgan_180,2.919403278643253e-05
Morgan_977,2.897235035286103e-05
Morgan_598,2.850265884053129e-05
ECFP_F_239,2.8470659298163983e-05
ECFP_F_953,2.8224673710227288e-05
Morgan_76,2.8154093704708715e-05
Morgan_759,2.8152541815328986e-05
ECFP_F_28,2.8088702178195518e-05
Morgan_191,2.7918482978806938e-05
Morgan_980,2.788352348657201e-05
Morgan_729,2.7864051455239293e-05
ECFP_F_112,2.7708136332448744e-05
Morgan_957,2.768799694705632e-05
Morgan_154,2.7503910197047345e-05
Morgan_199,2.744074697572764e-05
Morgan_565,2.7235759331808032e-05
Morgan_786,2.719742971214323e-05
Morgan_626,2.7121644693432628e-05
Morgan_317,2.710850590402563e-05
Morgan_178,2.709013685751111e-05
Morgan_813,2.706972078971755e-05
Morgan_566,2.7054314147801253e-05
ECFP_F_408,2.6798096950978123e-05
Morgan_393,2.676515995717159e-05
Morgan_880,2.6644169936964248e-05
ECFP_F_813,2.6642560471714985e-05
Morgan_740,2.6607103406552643e-05
ECFP_F_1014,2.6262414567528883e-05
Morgan_854,2.625461937155562e-05
Morgan_158,2.6248476582350946e-05
Morgan_435,2.6228528749837263e-05
Morgan_202,2.6125245986076646e-05
Morgan_766,2.6122673920541176e-05
Morgan_673,2.6099678332085542e-05
Morgan_478,2.6084970855561186e-05
Morgan_504,2.5979250826566883e-05
Morgan_604,2.5720635330417766e-05
Morgan_816,2.5677167957512222e-05
Morgan_720,2.5522576811068253e-05
Morgan_273,2.5438662436413055e-05
ECFP_F_972,2.534184709184954e-05
Morgan_868,2.5317125835949755e-05
Morgan_99,2.5312897531586325e-05
Morgan_913,2.5213603937011397e-05
Morgan_68,2.499797274397182e-05
MACCS_48,2.495983976459772e-05
Morgan_572,2.490366647491865e-05
ECFP_F_1012,2.481935337338829e-05
Morgan_438,2.479516633948776e-05
Morgan_683,2.471712379837714e-05
ECFP_F_438,2.4638756981914675e-05
MACCS_113,2.461152867652165e-05
Morgan_1016,2.457246763832508e-05
MACCS_34,2.4422999330257056e-05
Morgan_971,2.4309491272982243e-05
Morgan_111,2.413002738680533e-05
Morgan_161,2.3879296016751553e-05
Morgan_462,2.3828179044877367e-05
Morgan_449,2.3548527718185325e-05
ECFP_F_631,2.347592565406904e-05
Morgan_822,2.3276007286702748e-05
ECFP_F_721,2.3198207485882852e-05
ECFP_F_131,2.289044279221889e-05
ECFP_F_623,2.2885390333287745e-05
ECFP_F_709,2.2877358760799502e-05
Morgan_741,2.285328614159176e-05
ECFP_F_494,2.2824920679489878e-05
Morgan_173,2.2654718667112383e-05
Morgan_135,2.2614435616690385e-05
ECFP_F_949,2.2605102192116058e-05
Morgan_295,2.2509499597259996e-05
ECFP_F_740,2.2490023099939835e-05
Morgan_947,2.2443656650564678e-05
Morgan_506,2.2398809817271148e-05
Morgan_391,2.229256527530373e-05
ECFP_F_782,2.2239113358958842e-05
Morgan_465,2.2143504523881604e-05
Morgan_79,2.1986792822632712e-05
Morgan_491,2.1851371390978756e-05
ECFP_F_471,2.1645380855393955e-05
ECFP_F_193,2.1493295464753445e-05
Morgan_168,2.1420085063374762e-05
Morgan_906,2.1401682593751186e-05
Morgan_88,2.1388992529396913e-05
ECFP_F_62,2.120617661399461e-05
ECFP_F_705,2.1183352450784158e-05
Morgan_548,2.1116176781932587e-05
Morgan_592,2.104488845450781e-05
Morgan_658,2.091266825763539e-05
ECFP_F_971,2.0876589794155312e-05
Morgan_34,2.065693946654752e-05
ECFP_F_588,2.056137551060588e-05
Morgan_409,2.050381451998957e-05
Morgan_595,2.047646125868292e-05
ECFP_F_798,2.0453996761939807e-05
ECFP_F_528,2.0424381232713695e-05
Morgan_633,2.0422911070277694e-05
ECFP_F_372,2.042191302718531e-05
ECFP_F_1002,2.042034000653285e-05
ECFP_F_468,2.031222334280613e-05
Morgan_166,2.024720112912293e-05
ECFP_F_852,2.019261666767626e-05
ECFP_F_184,2.015345150549765e-05
Morgan_651,2.0150540777550915e-05
ECFP_F_440,2.0088102364339635e-05
Morgan_1005,2.0053920755690096e-05
Morgan_968,1.992434953661489e-05
Morgan_404,1.986808619421221e-05
ECFP_F_934,1.9766324202463236e-05
ECFP_F_303,1.9573585546791573e-05
Morgan_836,1.9526442894532127e-05
ECFP_F_66,1.942150998271597e-05
Morgan_467,1.9395470972313242e-05
ECFP_F_286,1.9272778259298895e-05
ECFP_F_317,1.925319548298723e-05
ECFP_F_778,1.9141823697264305e-05
ECFP_F_0,1.9089206502971386e-05
Morgan_347,1.907948160630781e-05
Morgan_959,1.9042274315968613e-05
MACCS_13,1.9001185835437154e-05
Morgan_853,1.8963224730782436e-05
Morgan_928,1.887793602699378e-05
ECFP_F_181,1.8808232894963646e-05
Morgan_160,1.87493309986734e-05
Morgan_857,1.8746756945964313e-05
ECFP_F_351,1.872461882829774e-05
Morgan_811,1.8627139588050706e-05
ECFP_F_916,1.855273709515787e-05
Morgan_103,1.8493420567248742e-05
Morgan_702,1.8450159602221306e-05
ECFP_F_695,1.838431184490871e-05
ECFP_F_552,1.8277128157346383e-05
Morgan_224,1.8164854945792842e-05
Morgan_509,1.8123252984116748e-05
ECFP_F_415,1.811525469156818e-05
ECFP_F_774,1.81151966788117e-05
Morgan_1022,1.809231707650993e-05
ECFP_F_170,1.8035928967539042e-05
ECFP_F_714,1.798179039753968e-05
ECFP_F_693,1.7963989739089894e-05
Morgan_298,1.793874824820587e-05
Morgan_270,1.778471321671343e-05
Morgan_150,1.7783723525634752e-05
Morgan_840,1.7745792654324e-05
Morgan_277,1.764430320237591e-05
ECFP_F_735,1.763301218690657e-05
Morgan_973,1.7627905409033902e-05
ECFP_F_701,1.762398836761223e-05
Morgan_783,1.7594411419702368e-05
Morgan_487,1.75339792657278e-05
ECFP_F_340,1.7347866449775932e-05
MACCS_21,1.7220854605120084e-05
Morgan_616,1.7152022711485478e-05
Morgan_165,1.7118180883369048e-05
ECFP_F_920,1.6970661391033045e-05
ECFP_F_371,1.6962691434423688e-05
ECFP_F_200,1.6935468415133043e-05
Morgan_304,1.6903470345693068e-05
ECFP_F_683,1.6813997264422063e-05
ECFP_F_1000,1.6800292127772227e-05
Morgan_217,1.675965523181658e-05
ECFP_F_628,1.6722980793098495e-05
Morgan_278,1.6711633265718747e-05
ECFP_F_596,1.6258390292610797e-05
Morgan_93,1.6254183557492066e-05
ECFP_F_636,1.624375770798714e-05
Morgan_882,1.617461697341628e-05
Morgan_293,1.6137426712377372e-05
Morgan_713,1.6124399473389992e-05
ECFP_F_879,1.6090957270088386e-05
Morgan_126,1.6069734577420692e-05
Morgan_405,1.6047148722650505e-05
ECFP_F_750,1.5969424196979323e-05
ECFP_F_190,1.5855073247733552e-05
ECFP_F_297,1.5851364322267112e-05
Morgan_876,1.5786915327464612e-05
Morgan_133,1.5755076461653775e-05
Morgan_921,1.5727950199878077e-05
ECFP_F_771,1.5713082734775486e-05
Morgan_134,1.566026135271784e-05
ECFP_F_375,1.556495589318807e-05
Morgan_879,1.550538609573218e-05
Morgan_895,1.5498964803604775e-05
Morgan_578,1.5483476604187327e-05
Morgan_364,1.5351007762243504e-05
Morgan_517,1.5186461768143393e-05
Morgan_987,1.5180016101816097e-05
ECFP_F_167,1.5143477645468422e-05
ECFP_F_907,1.514179472342181e-05
ECFP_F_757,1.4998720383655278e-05
Morgan_942,1.4989560303223074e-05
ECFP_F_688,1.4888740144148776e-05
Morgan_25,1.4857891517529053e-05
ECFP_F_323,1.4781984788090946e-05
ECFP_F_348,1.4743569284616446e-05
Morgan_86,1.4419371625659032e-05
Morgan_617,1.440478704558931e-05
Morgan_707,1.4377477883826483e-05
ECFP_F_226,1.4361789495532137e-05
ECFP_F_560,1.4312292170246834e-05
ECFP_F_997,1.4247972947923058e-05
Morgan_724,1.4230078340340999e-05
Morgan_990,1.4189334674488802e-05
Morgan_584,1.415342865461049e-05
Morgan_885,1.4147781961856363e-05
ECFP_F_318,1.411460251941892e-05
ECFP_F_202,1.3874695995451977e-05
Morgan_671,1.3851861089072276e-05
Morgan_527,1.3791382576159257e-05
Morgan_915,1.371844411000297e-05
ECFP_F_93,1.3630903741062217e-05
Morgan_529,1.3544084599038274e-05
Morgan_291,1.3461295924951114e-05
Morgan_267,1.3440182941493036e-05
Morgan_256,1.3420082478161144e-05
ECFP_F_248,1.3377763007326335e-05
Morgan_850,1.3368576771847813e-05
Morgan_496,1.3337064160804985e-05
Morgan_678,1.3314728179555663e-05
ECFP_F_558,1.3234764289550038e-05
ECFP_F_710,1.3201724742244922e-05
Morgan_426,1.3188615890215162e-05
Morgan_682,1.3092054372153621e-05
ECFP_F_206,1.3083032988340781e-05
ECFP_F_91,1.3033284756371349e-05
Morgan_524,1.2873877048743273e-05
ECFP_F_506,1.2859649532531828e-05
ECFP_F_360,1.273323114961362e-05
Morgan_541,1.2707478293409197e-05
Morgan_520,1.2673660901914068e-05
ECFP_F_497,1.265709252205385e-05
Morgan_867,1.262530490721087e-05
Morgan_994,1.2601817821258677e-05
Morgan_189,1.2536756788147384e-05
Morgan_568,1.246466106131522e-05
Morgan_953,1.2416408395566945e-05
ECFP_F_465,1.2367051054534754e-05
Morgan_210,1.2356525470021357e-05
Morgan_144,1.2251271354156257e-05
Morgan_645,1.2209166865223444e-05
ECFP_F_472,1.219925518726271e-05
Morgan_493,1.2155372422440803e-05
ECFP_F_165,1.2118347892751905e-05
Morgan_1011,1.2100256077076386e-05
Morgan_432,1.2073388122170036e-05
Morgan_607,1.2008193266914014e-05
Morgan_28,1.171098837096818e-05
ECFP_F_103,1.1595560889057186e-05
Morgan_459,1.1595267749495855e-05
ECFP_F_232,1.1342092508034662e-05
Morgan_814,1.132900065239303e-05
MACCS_17,1.1255898700056547e-05
Morgan_488,1.1236341945398263e-05
Morgan_628,1.122208856092265e-05
ECFP_F_55,1.120654325821154e-05
Morgan_526,1.1064717506829758e-05
ECFP_F_784,1.104646455654037e-05
Morgan_618,1.1009918041025174e-05
Morgan_924,1.0946341000098443e-05
Morgan_771,1.0938172774974448e-05
Morgan_457,1.0920113625073277e-05
ECFP_F_108,1.0851319717410666e-05
Morgan_47,1.084147670301438e-05
Morgan_24,1.0731398818118657e-05
Morgan_358,1.0709794138496865e-05
Morgan_501,1.0662275680200699e-05
ECFP_F_939,1.0635166205526337e-05
Morgan_530,1.0529195707530807e-05
ECFP_F_759,1.0523739968427889e-05
Morgan_544,1.0466892636812552e-05
Morgan_559,1.0407084625239754e-05
Morgan_670,1.0359624340283234e-05
Morgan_770,1.0345207551320387e-05
Morgan_414,1.027050474306933e-05
Morgan_109,1.0228264481632649e-05
Morgan_756,1.0055266481278483e-05
ECFP_F_751,9.931560252190721e-06
Morgan_35,9.887593612335609e-06
Morgan_938,9.807599769586548e-06
Morgan_153,9.694004072100954e-06
Morgan_557,9.595409470532468e-06
Morgan_330,9.560903847522246e-06
Morgan_721,9.552882883200518e-06
ECFP_F_214,9.53112437060567e-06
ECFP_F_570,9.504358028233558e-06
ECFP_F_101,9.50303921853921e-06
Morgan_796,9.485529360511178e-06
Morgan_240,9.387263441964495e-06
ECFP_F_648,9.352734804008296e-06
ECFP_F_344,9.306004582850423e-06
ECFP_F_12,9.30599136403731e-06
Morgan_515,9.271866831131976e-06
Morgan_543,9.269909568628016e-06
ECFP_F_158,9.16190157290287e-06
Morgan_894,9.161658051527256e-06
Morgan_718,9.090588785144888e-06
ECFP_F_827,9.044213842364482e-06
ECFP_F_692,9.021662115276412e-06
ECFP_F_840,8.946605908865092e-06
Morgan_555,8.922363341112844e-06
ECFP_F_373,8.886913911783578e-06
ECFP_F_796,8.830471892698859e-06
Morgan_567,8.80824980272208e-06
ECFP_F_747,8.760898662713408e-06
Morgan_613,8.696915231015769e-06
ECFP_F_45,8.649806686381845e-06
ECFP_F_627,8.648195789383767e-06
ECFP_F_289,8.644617737753063e-06
Morgan_235,8.602016909779132e-06
ECFP_F_982,8.453941393099572e-06
ECFP_F_835,8.411905721473739e-06
Morgan_768,8.362103899235929e-06
ECFP_F_272,8.314360550679186e-06
Morgan_170,8.249919928984014e-06
Morgan_605,8.244047457926014e-06
Morgan_542,8.23336706279451e-06
Morgan_550,8.223993451931197e-06
Morgan_348,8.16494308532704e-06
ECFP_F_267,8.164216831328415e-06
ECFP_F_430,8.134729192991737e-06
Morgan_96,8.1221017264552e-06
Morgan_450,8.08397760098745e-06
Morgan_313,8.04644057873765e-06
Morgan_198,8.040413054027384e-06
ECFP_F_263,8.028060436606071e-06
ECFP_F_722,8.011931949992845e-06
Morgan_408,8.004865979984944e-06
Morgan_107,7.997621229226899e-06
ECFP_F_41,7.994227606560212e-06
Morgan_902,7.990471285592239e-06
ECFP_F_956,7.937459303959217e-06
ECFP_F_68,7.933877009186075e-06
ECFP_F_606,7.925581807566288e-06
Morgan_612,7.887983820080664e-06
ECFP_F_173,7.876321807631267e-06
ECFP_F_369,7.775787724442572e-06
ECFP_F_244,7.772306441201845e-06
Morgan_644,7.755930352407504e-06
Morgan_1006,7.719754238321027e-06
ECFP_F_789,7.667170129493448e-06
Morgan_159,7.635881977645776e-06
Morgan_439,7.522605226935918e-06
Morgan_905,7.469532053274833e-06
ECFP_F_684,7.415666838551415e-06
ECFP_F_100,7.40173920123037e-06
Morgan_681,7.398812658430105e-06
ECFP_F_461,7.360368373811603e-06
Morgan_700,7.352521447734139e-06
Morgan_238,7.3455606397854304e-06
Morgan_302,7.217225734496822e-06
Morgan_653,7.0046567298892144e-06
Morgan_988,6.947377403650815e-06
ECFP_F_195,6.913895414187233e-06
ECFP_F_106,6.847909297927646e-06
ECFP_F_122,6.80274628331734e-06
ECFP_F_753,6.769514662525591e-06
ECFP_F_1008,6.768696590470585e-06
Morgan_196,6.740570806197593e-06
ECFP_F_885,6.72828728990497e-06
Morgan_919,6.7192338583416005e-06
Morgan_275,6.698512968383622e-06
ECFP_F_959,6.697922193729843e-06
ECFP_F_909,6.6937473585362515e-06
ECFP_F_677,6.665624511128247e-06
ECFP_F_383,6.665487441646004e-06
ECFP_F_256,6.504900953450462e-06
ECFP_F_940,6.5004367309366995e-06
Morgan_963,6.425970344326058e-06
MACCS_31,6.3998095613915905e-06
ECFP_F_177,6.393293378473901e-06
Morgan_533,6.39157117896127e-06
ECFP_F_16,6.372822907629793e-06
ECFP_F_389,6.3728229076297685e-06
ECFP_F_275,6.363748525810585e-06
ECFP_F_182,6.31281526150157e-06
Morgan_851,6.281884409788821e-06
ECFP_F_737,6.246455015231644e-06
ECFP_F_129,6.2409877200923465e-06
ECFP_F_979,6.226253757179263e-06
ECFP_F_60,6.2190412266212355e-06
ECFP_F_608,6.155662066446188e-06
ECFP_F_95,6.141213886151209e-06
Morgan_758,6.087275244358557e-06
ECFP_F_176,6.0609855077207345e-06
ECFP_F_932,6.05674462747549e-06
Morgan_539,6.0099871434165756e-06
Morgan_839,5.949671602493543e-06
ECFP_F_204,5.937719817143307e-06
ECFP_F_284,5.877760152305752e-06
Morgan_290,5.862778152930744e-06
ECFP_F_756,5.8551169476511056e-06
ECFP_F_946,5.853320926154527e-06
ECFP_F_872,5.807689618868704e-06
ECFP_F_359,5.795648885140515e-06
ECFP_F_694,5.7874791641236536e-06
ECFP_F_769,5.767025280799055e-06
Morgan_691,5.676039450358139e-06
Morgan_538,5.636893028960623e-06
ECFP_F_525,5.6050450924951045e-06
Morgan_466,5.57648693534644e-06
ECFP_F_342,5.572162098690278e-06
ECFP_F_418,5.54376800412372e-06
ECFP_F_527,5.5342970954653885e-06
ECFP_F_973,5.531989661946594e-06
ECFP_F_862,5.381716385889064e-06
ECFP_F_870,5.297220414402533e-06
ECFP_F_29,5.278854456808954e-06
ECFP_F_908,5.164312775693327e-06
ECFP_F_243,5.1332761244629576e-06
Morgan_44,5.126678205849638e-06
ECFP_F_745,5.103372821788113e-06
MACCS_30,5.096236950251408e-06
ECFP_F_633,5.075090058684531e-06
Morgan_151,5.051856826113362e-06
ECFP_F_941,4.932261198495367e-06
ECFP_F_185,4.922581686976495e-06
ECFP_F_571,4.907153189864014e-06
Morgan_636,4.8546821197089635e-06
ECFP_F_664,4.781357520528276e-06
Morgan_91,4.736481959466892e-06
ECFP_F_841,4.556585782608128e-06
ECFP_F_919,4.546270661247481e-06
Morgan_554,4.480316620572603e-06
ECFP_F_87,4.4513794853258395e-06
ECFP_F_642,4.432809898926009e-06
ECFP_F_493,4.38984361715558e-06
ECFP_F_504,4.2505790341983425e-06
Morgan_774,4.227508456253672e-06
ECFP_F_1001,4.140638872531909e-06
Morgan_458,4.109630597153171e-06
Morgan_609,4.0836476715795975e-06
ECFP_F_86,4.063778318628346e-06
ECFP_F_138,4.040151486558456e-06
ECFP_F_21,3.990146746287838e-06
ECFP_F_856,3.9895624780772896e-06
Morgan_167,3.9856726244484155e-06
Morgan_535,3.9252975212269076e-06
ECFP_F_367,3.8753651054768365e-06
ECFP_F_810,3.841789308803135e-06
ECFP_F_838,3.838771593090511e-06
ECFP_F_295,3.838771593090496e-06
ECFP_F_996,3.838771593090487e-06
Morgan_274,3.838771593090433e-06
Morgan_546,3.8157977027358974e-06
ECFP_F_134,3.7855177194980393e-06
ECFP_F_620,3.7650976563622173e-06
ECFP_F_264,3.7511930804501045e-06
ECFP_F_818,3.6950363345242508e-06
ECFP_F_921,3.652887431824526e-06
Morgan_397,3.647425059653401e-06
ECFP_F_42,3.6246397057971905e-06
ECFP_F_274,3.6063051571298375e-06
Morgan_122,3.5840401657096495e-06
MACCS_40,3.5832685431554653e-06
ECFP_F_752,3.5785006983350607e-06
ECFP_F_898,3.570980467855912e-06
Morgan_711,3.557989007117789e-06
ECFP_F_83,3.5533946925625416e-06
ECFP_F_105,3.544090401285089e-06
ECFP_F_524,3.518825149858839e-06
ECFP_F_421,3.5161855981705543e-06
ECFP_F_368,3.514123529083226e-06
ECFP_F_366,3.5111867340651448e-06
ECFP_F_799,3.501538746979648e-06
ECFP_F_282,3.495264718622865e-06
ECFP_F_132,3.4686074898738666e-06
ECFP_F_563,3.4337443421260486e-06
ECFP_F_748,3.389215537746049e-06
ECFP_F_77,3.3810725796841446e-06
ECFP_F_489,3.3479112623472985e-06
ECFP_F_819,3.3471611781013605e-06
ECFP_F_212,3.3406475912435662e-06
Morgan_7,3.312495115941791e-06
ECFP_F_593,3.2413730903333265e-06
ECFP_F_455,3.241327853303929e-06
ECFP_F_241,3.2377639974373522e-06
ECFP_F_326,3.2241763436796324e-06
ECFP_F_530,3.201896971582066e-06
ECFP_F_565,3.1994797344724843e-06
ECFP_F_760,3.1817309074464075e-06
ECFP_F_780,3.1487168325333767e-06
ECFP_F_854,3.1397075507093865e-06
Morgan_395,3.136762860727874e-06
ECFP_F_911,3.1367628607278386e-06
ECFP_F_328,3.1073925941051754e-06
ECFP_F_1007,3.09599653414874e-06
ECFP_F_169,3.0886440131667955e-06
ECFP_F_639,3.0830193357806153e-06
ECFP_F_564,3.0747087918521276e-06
ECFP_F_1004,3.0694976176839674e-06
ECFP_F_918,3.068889616078812e-06
ECFP_F_678,3.0591342884675613e-06
Morgan_489,3.0542715480957463e-06
ECFP_F_915,3.042151837160745e-06
ECFP_F_828,3.033015603157999e-06
ECFP_F_895,2.955224832577033e-06
Morgan_390,2.9422966149239698e-06
ECFP_F_130,2.934698835445805e-06
ECFP_F_924,2.9230813324456677e-06
ECFP_F_668,2.922552362396596e-06
MACCS_35,2.910599659384834e-06
ECFP_F_680,2.906728311204783e-06
ECFP_F_40,2.877429267759704e-06
ECFP_F_730,2.860726210664356e-06
Morgan_461,2.839341189514099e-06
ECFP_F_967,2.8368794326242944e-06
ECFP_F_582,2.8220590247316633e-06
ECFP_F_321,2.8085210190103537e-06
ECFP_F_686,2.792365751766942e-06
ECFP_F_377,2.7654763523529724e-06
ECFP_F_656,2.7605958140906505e-06
ECFP_F_1018,2.6719884007427143e-06
ECFP_F_58,2.66491653106581e-06
ECFP_F_865,2.6538344180257024e-06
ECFP_F_896,2.638942737409833e-06
MACCS_16,2.6243220450659786e-06
ECFP_F_544,2.590866129273915e-06
ECFP_F_523,2.5848142164784043e-06
ECFP_F_826,2.584814216478404e-06
ECFP_F_861,2.5340513145393256e-06
ECFP_F_437,2.5340513145392887e-06
ECFP_F_976,2.5340513145392447e-06
ECFP_F_414,2.5250420327152994e-06
ECFP_F_659,2.4519512235012137e-06
ECFP_F_50,2.4404376393284648e-06
ECFP_F_991,2.3551690622266047e-06
ECFP_F_577,2.3302334986928614e-06
ECFP_F_882,2.2620006792463194e-06
ECFP_F_347,2.250419091916951e-06
Morgan_877,2.219269224648924e-06
ECFP_F_124,2.2014430241496623e-06
ECFP_F_384,2.079374722336605e-06
Morgan_552,2.079231285330888e-06
ECFP_F_246,2.050942531020677e-06
ECFP_F_376,2.0049718117283876e-06
ECFP_F_531,2.0045319168888224e-06
ECFP_F_988,2.004531916888809e-06
Morgan_940,1.9906115271567744e-06
ECFP_F_269,1.9830905211768473e-06
ECFP_F_614,1.9588936251328525e-06
ECFP_F_398,1.9199153732660266e-06
ECFP_F_94,1.919385796545396e-06
ECFP_F_720,1.919385796545257e-06
ECFP_F_315,1.9193857965452566e-06
ECFP_F_69,1.9193857965452532e-06
ECFP_F_604,1.919385796545252e-06
ECFP_F_6,1.9193857965452448e-06
MACCS_44,1.9193857965452427e-06
ECFP_F_630,1.919385796545242e-06
ECFP_F_81,1.9193857965452397e-06
ECFP_F_744,1.9193857965452397e-06
ECFP_F_175,1.919385796545238e-06
Morgan_388,1.9193857965452274e-06
ECFP_F_711,1.9193857965452274e-06
ECFP_F_844,1.9182420965015514e-06
ECFP_F_512,1.902455516793519e-06
ECFP_F_330,1.8757468200229733e-06
ECFP_F_562,1.8623555306628844e-06
ECFP_F_220,1.8574329739829153e-06
Morgan_30,1.840420373968402e-06
Morgan_627,1.8360209806469879e-06
ECFP_F_20,1.8196667629249602e-06
ECFP_F_227,1.7501882818667774e-06
Morgan_19,1.7118176440700927e-06
ECFP_F_665,1.5895819210630338e-06
ECFP_F_223,1.5680323032101737e-06
Morgan_704,1.5465704223435924e-06
ECFP_F_742,1.5338434024941172e-06
Morgan_660,1.5033614708791243e-06
ECFP_F_363,1.4277392466791559e-06
ECFP_F_327,1.4038188131368172e-06
ECFP_F_685,1.3992341787697132e-06
ECFP_F_39,1.3489337986581536e-06
ECFP_F_532,1.3144771563316863e-06
ECFP_F_121,1.2830376007712687e-06
ECFP_F_338,1.242730966712094e-06
ECFP_F_125,1.2293310359881188e-06
ECFP_F_1,1.1690204802979486e-06
ECFP_F_233,1.1246421622897143e-06
ECFP_F_583,1.0762154992044453e-06
ECFP_F_435,1.0540864040464214e-06
ECFP_F_189,1.0031665658514546e-06
ECFP_F_221,9.993003250053614e-07
ECFP_F_938,9.19574353208985e-07
ECFP_F_961,8.596003341142156e-07
ECFP_F_8,8.506819329587207e-07
ECFP_F_777,8.479510767830722e-07
ECFP_F_496,8.474695412756463e-07
ECFP_F_443,8.132673489760825e-07
Morgan_205,7.953276538687163e-07
ECFP_F_764,7.953276538687161e-07
ECFP_F_624,7.949461834276593e-07
ECFP_F_754,7.859369016036345e-07
ECFP_F_635,7.648899471947403e-07
ECFP_F_877,7.391413009705297e-07
ECFP_F_962,7.098193758225439e-07
ECFP_F_194,6.998116383376459e-07
Morgan_703,6.977150748431125e-07
ECFP_F_218,6.654284199331826e-07
ECFP_F_35,6.392248653654751e-07
ECFP_F_201,6.298880519321559e-07
ECFP_F_732,6.237273447788938e-07
ECFP_F_595,6.208940849882259e-07
ECFP_F_379,6.177232149724521e-07
Morgan_858,6.146655179941486e-07
ECFP_F_574,6.146655179940836e-07
ECFP_F_761,6.146655179940593e-07
ECFP_F_205,6.146655179940574e-07
ECFP_F_365,6.146655179940571e-07
ECFP_F_797,6.146655179940566e-07
ECFP_F_162,6.146655179940367e-07
ECFP_F_265,6.046808997733211e-07
Morgan_601,5.762921542986496e-07
Morgan_8,5.398806202392952e-07
ECFP_F_503,5.075770010986168e-07
ECFP_F_332,5.028898313424294e-07
ECFP_F_640,4.471404028267073e-07
ECFP_F_781,4.319615906291001e-07
ECFP_F_929,4.235032831839794e-07
ECFP_F_157,3.962721137228279e-07
ECFP_F_291,3.850295484472402e-07
ECFP_F_76,3.8497862500673194e-07
ECFP_F_299,3.7231266819212753e-07
ECFP_F_857,3.665328427166216e-07
ECFP_F_970,3.6056133086719837e-07
ECFP_F_14,3.522847615223049e-07
ECFP_F_142,3.4681547028553344e-07
ECFP_F_824,3.41948513829036e-07
Morgan_279,3.165741653068561e-07
ECFP_F_467,3.061147292458718e-07
ECFP_F_719,3.0282811808503054e-07
ECFP_F_910,3.0282811808501815e-07
ECFP_F_456,3.0282811808501497e-07
ECFP_F_893,3.0282811808501465e-07
ECFP_F_950,2.93003168433579e-07
ECFP_F_992,2.911049931552418e-07
ECFP_F_998,2.6542678577717433e-07
ECFP_F_977,2.4982086960062214e-07
ECFP_F_675,2.3814768781258875e-07
ECFP_F_788,2.326664350180706e-07
ECFP_F_987,2.080302419874805e-07
ECFP_F_787,1.971409445837877e-07
ECFP_F_238,1.802806654336112e-07
ECFP_F_791,1.8028066543361072e-07
ECFP_F_127,1.802806654336058e-07
ECFP_F_980,1.7902417845635902e-07
ECFP_F_880,1.7824761263488967e-07
MACCS_20,1.7678086574047e-07
Morgan_410,1.727859000607397e-07
ECFP_F_637,1.5998892579128331e-07
ECFP_F_113,1.4885084497522366e-07
ECFP_F_848,1.368754436014576e-07
ECFP_F_995,1.3687544360145745e-07
MACCS_18,1.3059118328359797e-07
ECFP_F_459,1.274094492632121e-07
ECFP_F_370,1.210997217609247e-07
ECFP_F_944,1.1960276267003472e-07
ECFP_F_926,1.1960276267003308e-07
ECFP_F_867,1.1960276267003054e-07
ECFP_F_481,1.196027626700264e-07
ECFP_F_776,1.0861434205654501e-07
ECFP_F_724,9.751607384499652e-08
ECFP_F_580,8.77914747270803e-08
ECFP_F_989,8.514612034356583e-08
ECFP_F_702,8.514612034356535e-08
ECFP_F_412,8.514612034356407e-08
ECFP_F_444,8.514612034356241e-08
ECFP_F_536,7.633615292532664e-08
ECFP_F_378,7.441240734625563e-08
Morgan_164,7.376744178040388e-08
ECFP_F_906,7.068215919415078e-08
ECFP_F_254,6.934584261382467e-08
Morgan_727,6.638733807569515e-08
Morgan_999,6.370472463165185e-08
ECFP_F_250,6.370472463164812e-08
ECFP_F_75,6.370472463161706e-08
ECFP_F_923,4.94566434372892e-08
ECFP_F_983,3.9507828587659736e-08
Morgan_78,3.9507828587651617e-08
ECFP_F_830,3.950782858761371e-08
ECFP_F_1003,3.9507828587613705e-08
Morgan_89,3.7730715147524976e-08
ECFP_F_141,3.2286654909986115e-08
ECFP_F_522,3.228665490998314e-08
Morgan_156,3.2286654909979286e-08
ECFP_F_116,3.2286654909976725e-08
ECFP_F_280,2.8095220283681494e-08
ECFP_F_535,2.7749576553930567e-08
ECFP_F_37,2.272573780508067e-08
ECFP_F_670,1.946574894614152e-08
ECFP_F_400,1.9465748946135103e-08
ECFP_F_450,1.6860279150241288e-08
ECFP_F_888,1.6860279150188864e-08
ECFP_F_353,1.3004470971859226e-08
ECFP_F_807,1.3004470971859223e-08
ECFP_F_652,1.300447097185922e-08
ECFP_F_673,1.169696590939044e-08
ECFP_F_464,1.1554876399565469e-08
ECFP_F_85,1.1554876399549701e-08
ECFP_F_669,1.0334863373567211e-08
ECFP_F_905,1.0334863373567206e-08
ECFP_F_123,1.0334863373562948e-08
ECFP_F_96,9.537511188929655e-09
ECFP_F_38,7.643785618167684e-09
ECFP_F_746,6.977434562533951e-09
ECFP_F_441,6.39457840951394e-09
ECFP_F_79,5.428371041368497e-09
MACCS_39,4.686378380684288e-09
ECFP_F_682,4.665707169344935e-09
ECFP_F_727,4.4060522891858576e-09
ECFP_F_866,2.3505541828781724e-09
Morgan_262,1.9904208309771766e-09
Morgan_570,3.3108441561625195e-19
ECFP_F_52,9.839365282534199e-20
ECFP_F_242,2.2290776818968466e-20
ECFP_F_486,1.4278730419224833e-20
ECFP_F_955,1.4071792297207074e-20
ECFP_F_731,1.365791605317141e-20
ECFP_F_382,1.1859949224483214e-20
ECFP_F_509,1.1859949224482836e-20
Morgan_571,1.0575336312729106e-20
ECFP_F_925,9.6636623310604e-21
ECFP_F_174,6.5888606802684506e-21
ECFP_F_591,3.953316408161074e-21
ECFP_F_645,3.51405902947651e-21
ECFP_F_943,3.5140590294764935e-21
ECFP_F_149,3.2944303401342268e-21
ECFP_F_534,3.2944303401342253e-21
ECFP_F_25,1.757029514738255e-21
ECFP_F_337,1.757029514738254e-21
ECFP_F_312,0.0
MACCS_5,0.0
MACCS_134,0.0
ECFP_F_53,0.0
ECFP_F_1016,0.0
ECFP_F_1015,0.0
ECFP_F_48,0.0
ECFP_F_31,0.0
ECFP_F_1013,0.0
ECFP_F_54,0.0
MACCS_7,0.0
ECFP_F_302,0.0
ECFP_F_313,0.0
MACCS_6,0.0
ECFP_F_1017,0.0
ECFP_F_51,0.0
MACCS_4,0.0
MACCS_3,0.0
ECFP_F_310,0.0
ECFP_F_307,0.0
ECFP_F_306,0.0
ECFP_F_1021,0.0
ECFP_F_44,0.0
ECFP_F_305,0.0
MACCS_2,0.0
ECFP_F_304,0.0
MACCS_0,0.0
ECFP_F_47,0.0
MACCS_1,0.0
ECFP_F_46,0.0
ECFP_F_320,0.0
ECFP_F_1011,0.0
ECFP_F_985,0.0
ECFP_F_346,0.0
ECFP_F_990,0.0
ECFP_F_13,0.0
ECFP_F_5,0.0
ECFP_F_349,0.0
Morgan_1007,0.0
ECFP_F_986,0.0
ECFP_F_984,0.0
ECFP_F_30,0.0
Morgan_18,0.0
ECFP_F_350,0.0
Morgan_904,0.0
Morgan_900,0.0
Morgan_569,0.0
ECFP_F_354,0.0
ECFP_F_978,0.0
ECFP_F_15,0.0
ECFP_F_993,0.0
ECFP_F_19,0.0
ECFP_F_994,0.0
ECFP_F_1010,0.0
ECFP_F_314,0.0
ECFP_F_316,0.0
MACCS_9,0.0
ECFP_F_1006,0.0
ECFP_F_325,0.0
ECFP_F_27,0.0
ECFP_F_334,0.0
ECFP_F_335,0.0
ECFP_F_999,0.0
ECFP_F_24,0.0
ECFP_F_23,0.0
ECFP_F_339,0.0
ECFP_F_343,0.0
ECFP_F_22,0.0
ECFP_F_63,0.0
ECFP_F_64,0.0
MACCS_10,0.0
ECFP_F_199,0.0
ECFP_F_140,0.0
ECFP_F_139,0.0
ECFP_F_137,0.0
ECFP_F_210,0.0
ECFP_F_136,0.0
ECFP_F_211,0.0
ECFP_F_126,0.0
ECFP_F_217,0.0
ECFP_F_120,0.0
ECFP_F_357,0.0
ECFP_F_119,0.0
ECFP_F_224,0.0
ECFP_F_225,0.0
ECFP_F_229,0.0
ECFP_F_230,0.0
ECFP_F_115,0.0
ECFP_F_231,0.0
ECFP_F_143,0.0
ECFP_F_191,0.0
ECFP_F_236,0.0
ECFP_F_188,0.0
ECFP_F_151,0.0
ECFP_F_152,0.0
ECFP_F_153,0.0
ECFP_F_154,0.0
ECFP_F_148,0.0
ECFP_F_147,0.0
ECFP_F_145,0.0
ECFP_F_164,0.0
ECFP_F_166,0.0
ECFP_F_168,0.0
ECFP_F_171,0.0
ECFP_F_178,0.0
ECFP_F_179,0.0
ECFP_F_180,0.0
ECFP_F_183,0.0
ECFP_F_186,0.0
ECFP_F_187,0.0
ECFP_F_235,0.0
ECFP_F_114,0.0
ECFP_F_301,0.0
ECFP_F_84,0.0
ECFP_F_283,0.0
ECFP_F_82,0.0
MACCS_23,0.0
ECFP_F_292,0.0
ECFP_F_293,0.0
Morgan_48,0.0
ECFP_F_296,0.0
ECFP_F_74,0.0
ECFP_F_71,0.0
ECFP_F_70,0.0
ECFP_F_298,0.0
ECFP_F_67,0.0
MACCS_15,0.0
MACCS_14,0.0
ECFP_F_300,0.0
ECFP_F_150,0.0
MACCS_12,0.0
MACCS_26,0.0
ECFP_F_277,0.0
MACCS_45,0.0
ECFP_F_273,0.0
ECFP_F_245,0.0
ECFP_F_249,0.0
MACCS_42,0.0
ECFP_F_110,0.0
ECFP_F_252,0.0
ECFP_F_109,0.0
ECFP_F_259,0.0
ECFP_F_104,0.0
ECFP_F_102,0.0
ECFP_F_261,0.0
ECFP_F_262,0.0
ECFP_F_98,0.0
ECFP_F_266,0.0
ECFP_F_268,0.0
ECFP_F_270,0.0
ECFP_F_271,0.0
ECFP_F_90,0.0
ECFP_F_222,0.0
ECFP_F_690,0.0
ECFP_F_358,0.0
ECFP_F_568,0.0
ECFP_F_573,0.0
ECFP_F_792,0.0
ECFP_F_790,0.0
ECFP_F_575,0.0
ECFP_F_786,0.0
ECFP_F_785,0.0
ECFP_F_576,0.0
ECFP_F_579,0.0
ECFP_F_584,0.0
ECFP_F_779,0.0
ECFP_F_586,0.0
ECFP_F_587,0.0
ECFP_F_775,0.0
ECFP_F_590,0.0
ECFP_F_773,0.0
ECFP_F_772,0.0
ECFP_F_770,0.0
ECFP_F_594,0.0
ECFP_F_768,0.0
ECFP_F_597,0.0
ECFP_F_765,0.0
ECFP_F_600,0.0
ECFP_F_601,0.0
ECFP_F_569,0.0
ECFP_F_567,0.0
ECFP_F_603,0.0
ECFP_F_566,0.0
ECFP_F_541,0.0
ECFP_F_822,0.0
ECFP_F_821,0.0
ECFP_F_820,0.0
ECFP_F_542,0.0
ECFP_F_543,0.0
ECFP_F_545,0.0
ECFP_F_546,0.0
ECFP_F_547,0.0
ECFP_F_814,0.0
ECFP_F_549,0.0
ECFP_F_812,0.0
ECFP_F_811,0.0
ECFP_F_553,0.0
ECFP_F_554,0.0
ECFP_F_808,0.0
ECFP_F_806,0.0
ECFP_F_556,0.0
ECFP_F_804,0.0
ECFP_F_559,0.0
ECFP_F_802,0.0
ECFP_F_801,0.0
ECFP_F_561,0.0
ECFP_F_602,0.0
ECFP_F_607,0.0
ECFP_F_362,0.0
ECFP_F_723,0.0
ECFP_F_658,0.0
ECFP_F_661,0.0
ECFP_F_718,0.0
ECFP_F_717,0.0
ECFP_F_716,0.0
ECFP_F_715,0.0
ECFP_F_662,0.0
ECFP_F_713,0.0
ECFP_F_663,0.0
ECFP_F_666,0.0
ECFP_F_667,0.0
ECFP_F_708,0.0
ECFP_F_707,0.0
ECFP_F_671,0.0
ECFP_F_704,0.0
ECFP_F_672,0.0
ECFP_F_700,0.0
ECFP_F_698,0.0
ECFP_F_697,0.0
ECFP_F_676,0.0
ECFP_F_679,0.0
ECFP_F_681,0.0
ECFP_F_689,0.0
ECFP_F_655,0.0
ECFP_F_725,0.0
ECFP_F_609,0.0
ECFP_F_653,0.0
ECFP_F_610,0.0
ECFP_F_611,0.0
ECFP_F_755,0.0
ECFP_F_613,0.0
ECFP_F_615,0.0
ECFP_F_616,0.0
ECFP_F_619,0.0
ECFP_F_621,0.0
ECFP_F_749,0.0
ECFP_F_622,0.0
ECFP_F_626,0.0
ECFP_F_629,0.0
ECFP_F_743,0.0
ECFP_F_638,0.0
ECFP_F_641,0.0
ECFP_F_739,0.0
ECFP_F_644,0.0
ECFP_F_646,0.0
ECFP_F_647,0.0
ECFP_F_651,0.0
ECFP_F_733,0.0
ECFP_F_729,0.0
ECFP_F_728,0.0
ECFP_F_825,0.0
ECFP_F_540,0.0
ECFP_F_539,0.0
ECFP_F_420,0.0
ECFP_F_424,0.0
ECFP_F_426,0.0
ECFP_F_427,0.0
ECFP_F_931,0.0
ECFP_F_428,0.0
ECFP_F_431,0.0
ECFP_F_927,0.0
ECFP_F_434,0.0
ECFP_F_922,0.0
ECFP_F_436,0.0
ECFP_F_439,0.0
ECFP_F_445,0.0
ECFP_F_448,0.0
ECFP_F_449,0.0
ECFP_F_914,0.0
ECFP_F_913,0.0
ECFP_F_451,0.0
ECFP_F_452,0.0
ECFP_F_453,0.0
ECFP_F_904,0.0
ECFP_F_457,0.0
ECFP_F_462,0.0
ECFP_F_900,0.0
ECFP_F_423,0.0
ECFP_F_937,0.0
ECFP_F_829,0.0
ECFP_F_419,0.0
ECFP_F_364,0.0
ECFP_F_374,0.0
ECFP_F_380,0.0
ECFP_F_381,0.0
ECFP_F_963,0.0
ECFP_F_385,0.0
ECFP_F_387,0.0
ECFP_F_390,0.0
ECFP_F_392,0.0
ECFP_F_393,0.0
ECFP_F_394,0.0
ECFP_F_403,0.0
ECFP_F_404,0.0
ECFP_F_952,0.0
ECFP_F_951,0.0
ECFP_F_405,0.0
ECFP_F_948,0.0
ECFP_F_947,0.0
ECFP_F_406,0.0
ECFP_F_407,0.0
ECFP_F_942,0.0
ECFP_F_691,0.0
ECFP_F_416,0.0
ECFP_F_463,0.0
ECFP_F_897,0.0
ECFP_F_473,0.0
ECFP_F_474,0.0
ECFP_F_860,0.0
ECFP_F_502,0.0
ECFP_F_505,0.0
ECFP_F_507,0.0
ECFP_F_508,0.0
ECFP_F_853,0.0
ECFP_F_513,0.0
ECFP_F_514,0.0
ECFP_F_849,0.0
ECFP_F_847,0.0
ECFP_F_846,0.0
ECFP_F_845,0.0
ECFP_F_516,0.0
ECFP_F_843,0.0
ECFP_F_842,0.0
ECFP_F_517,0.0
ECFP_F_526,0.0
ECFP_F_529,0.0
ECFP_F_837,0.0
ECFP_F_533,0.0
ECFP_F_833,0.0
ECFP_F_832,0.0
ECFP_F_831,0.0
ECFP_F_501,0.0
ECFP_F_499,0.0
ECFP_F_863,0.0
ECFP_F_482,0.0
ECFP_F_892,0.0
ECFP_F_891,0.0
ECFP_F_475,0.0
ECFP_F_889,0.0
ECFP_F_476,0.0
ECFP_F_477,0.0
ECFP_F_478,0.0
ECFP_F_884,0.0
ECFP_F_480,0.0
ECFP_F_881,0.0
ECFP_F_483,0.0
ECFP_F_498,0.0
ECFP_F_876,0.0
ECFP_F_875,0.0
ECFP_F_874,0.0
ECFP_F_873,0.0
ECFP_F_490,0.0
ECFP_F_871,0.0
ECFP_F_491,0.0
ECFP_F_492,0.0
ECFP_F_868,0.0
ECFP_F_495,0.0
ECFP_F_413,0.0
